station_id,first_seen,last_seen,active_days,rent_events,ret_events,span_days,activity_ratio,total_events,name,lat,lon,gu,dong,addr
ST0000,2026-01-28,2026-01-28,1,1,1,1,1.0,2,두드림,36.373217,127.316743,유성구,지족동,대전광역시 유성구 지족동 893-3
ST0001,2024-08-01,2026-03-31,379,825,394,608,0.6234,1219,타슈관제센터 정비대기,36.406607,127.306457,유성구,외삼동,대전광역시 유성구 외삼동 421
ST0003,2024-08-01,2026-04-01,573,15048,15079,609,0.9409,30127,탄방동 한사랑병원,36.348446,127.390052,서구,탄방동,대전광역시 서구 탄방동 730
ST0004,2024-08-01,2026-03-31,566,6421,6425,608,0.9309,12846,탄방동_한가람아파트(2동),36.348201,127.390409,서구,탄방동,대전광역시 서구 탄방동 1446
ST0005,2024-08-01,2026-03-31,571,19000,18934,608,0.9391,37934,둔산동 목련아파트(103동),36.350037,127.390402,서구,둔산동,대전광역시 서구 둔산동 1510
ST0006,2024-08-01,2026-04-01,567,8019,8047,609,0.931,16066,둔산동 크로바아파트(103동),36.35248,127.390385,서구,둔산동,대전광역시 서구 둔산동 1506
ST0007,2024-08-01,2026-04-01,570,12641,12651,609,0.936,25292,둔산동 한마루아파트 5동,36.354587,127.390468,서구,둔산동,대전광역시 서구 둔산동 1388
ST0008,2024-08-01,2026-03-31,572,32719,32732,608,0.9408,65451,둔산동 농협 둔산중앙지점,36.358919,127.390044,서구,둔산동,대전광역시 서구 둔산동 926
ST0010,2024-08-01,2026-03-31,566,7637,7587,608,0.9309,15224,둔산동 샤크존,36.348853,127.386433,서구,둔산동,대전광역시 서구 둔산동 1546-1
ST0011,2024-08-01,2026-03-31,572,14943,14887,608,0.9408,29830,탄방동 공무원연금공단 대전지부,36.347026,127.386925,서구,탄방동,대전광역시 서구 탄방동 700
ST0012,2024-08-01,2026-03-31,572,18270,18278,608,0.9408,36548,둔산동 시청역 8번출구,36.350583,127.386942,서구,둔산동,대전광역시 서구 둔산동 1416
ST0013,2024-08-01,2026-04-01,573,19178,19195,609,0.9409,38373,둔산동 세이브존,36.351954,127.395413,서구,둔산동,대전광역시 서구 둔산동 1809
ST0014,2024-08-01,2026-03-31,572,25733,25810,608,0.9408,51543,둔산동 가람아파트 상가,36.355878,127.398305,서구,둔산동,대전광역시 서구 둔산동 1805
ST0015,2024-08-01,2026-03-31,572,9760,9625,608,0.9408,19385,둔산동 수정타운아파트(1동),36.358282,127.395424,서구,둔산동,대전광역시 서구 둔산동 1524-1
ST0016,2024-08-01,2026-03-31,558,3127,3132,608,0.9178,6259,둔산동 문정어린이공원,36.349982,127.399127,서구,둔산동,대전광역시 서구 둔산동 24
ST0017,2024-08-01,2026-03-31,573,15148,15149,608,0.9424,30297,월평동 한아름아파트(108동),36.363321,127.374482,서구,월평동,대전광역시 서구 월평3동 1509
ST0018,2024-08-01,2026-03-31,571,5785,5799,608,0.9391,11584,월평동 다모아아파트 육교밑(111동),36.363085,127.366753,서구,월평동,대전광역시 서구 월평동 311
ST0019,2024-08-01,2026-03-31,571,12197,12207,608,0.9391,24404,월평동 은평공원 테니스장 입구,36.35867,127.363647,서구,월평동,대전광역시 서구 월평동 312
ST0020,2024-08-01,2026-04-01,573,19287,19339,609,0.9409,38626,만년동 기업은행,36.368581,127.379974,서구,만년동,대전광역시 서구 만년동 296
ST0021,2024-08-01,2026-03-31,525,2980,2955,608,0.8635,5935,둔산동 선사유적지 건너편(정부청사),36.361063,127.379685,서구,둔산동,대전광역시 서구 둔산동 1516
ST0022,2024-08-01,2026-04-01,572,9820,9825,609,0.9392,19645,봉명동 유성한가족 요양병원 소공원,36.355079,127.350214,유성구,봉명동,대전광역시 유성구 봉명동 695
ST0023,2024-08-04,2026-03-31,393,996,932,605,0.6496,1928,덕명동 한밭대학교 남문,36.347541,127.301356,유성구,덕명동,대전광역시 유성구 덕명동 601-1
ST0024,2024-08-01,2026-03-31,496,2079,1906,608,0.8158,3985,덕명동 화산어린이공원,36.349122,127.29873,유성구,덕명동,대전광역시 유성구 덕명동 598
ST0025,2024-08-01,2026-04-01,573,29804,29861,609,0.9409,59665,둔산동 큰마을네거리,36.348711,127.377134,서구,둔산동,대전광역시 서구 둔산동 1535
ST0026,2024-08-01,2026-03-31,294,628,614,608,0.4836,1242,미호동 넷제로 공판장,36.466409,127.468306,대덕구,미호동,대전광역시 대덕구 미호동 262-4
ST0027,2024-08-01,2026-03-31,455,885,874,608,0.7484,1759,신탄진동 과선교 버스정류장,36.442446,127.429604,대덕구,신탄진동,대전광역시 대덕구 신탄진동 295-191
ST0029,2024-08-01,2026-03-31,532,1579,1570,608,0.875,3149,오정동 한일방전,36.352175,127.413985,대덕구,오정동,대전광역시 대덕구 오정동 382-6
ST0030,2024-08-01,2026-03-31,572,6768,6882,608,0.9408,13650,삼성동 동구 보건지소,36.342621,127.420428,동구,삼성동,대전광역시 동구 삼성동 353-14
ST0031,2024-08-02,2025-07-28,250,428,429,361,0.6925,857,도룡동 우성아파트,36.388274,127.38156,유성구,도룡동,도룡동 383-3
ST0032,2024-08-01,2026-03-31,566,4470,4300,608,0.9309,8770,관저동 관저더샵(109동),36.293563,127.32834,서구,관저동,대전광역시 서구 관저동 1985
ST0033,2024-08-01,2026-03-31,381,559,561,608,0.6266,1120,사정동 송원칼국수,36.295835,127.389396,중구,사정동,대전광역시 중구 사정동 425-5
ST0034,2024-08-01,2026-03-31,552,4315,4301,608,0.9079,8616,안영동 농협하나로마트,36.288285,127.379374,중구,안영동,대전광역시 중구 안영동 703
ST0035,2025-03-05,2025-03-05,1,1,0,1,1.0,1,문화동 다이소,36.315527,127.408232,중구,문화동,문화동 284-31
ST0036,2024-08-01,2026-03-31,569,10435,10418,608,0.9359,20853,문화동 홈플러스,36.320762,127.407117,중구,문화동,대전광역시 중구 문화동 1-17
ST0037,2024-08-01,2026-03-31,545,3020,2990,608,0.8964,6010,문화동 서대전 KT,36.321226,127.413759,중구,문화동,대전광역시 중구 문화동 1-30
ST0038,2024-08-01,2026-03-31,568,4960,4922,608,0.9342,9882,문화동 서대전공원 야외공연장 뒤편,36.320465,127.41068,중구,문화동,대전광역시 중구 문화동 1-39
ST0039,2024-08-01,2026-03-31,571,10548,10502,608,0.9391,21050,유천동 문화초네거리,36.313097,127.399471,중구,유천동,대전광역시 중구 유천동 168-8
ST0040,2024-08-01,2026-04-01,565,4390,4409,609,0.9278,8799,산성동 머티네거리,36.309219,127.388027,중구,산성동,대전광역시 중구 산성동 160-9
ST0041,2024-08-01,2026-03-31,553,3169,3008,608,0.9095,6177,대사동 대전중앙교회,36.318201,127.416864,중구,대사동,대전광역시 중구 대사동 248-229
ST0042,2024-08-01,2026-03-31,570,11867,11861,608,0.9375,23728,오류동 하나은행,36.326435,127.407365,중구,오류동,대전광역시 중구 오류동 176-1
ST0043,2024-08-01,2026-03-31,565,5702,5684,608,0.9293,11386,대흥동 중구청(중구청역 1번출구),36.32552,127.420748,중구,대흥동,대전광역시 중구 대흥동 499-1
ST0045,2024-08-01,2026-03-31,547,2611,2610,608,0.8997,5221,대사동 민제한의원,36.317763,127.425594,중구,대사동,대전광역시 중구 대사동 117-2
ST0046,2024-08-01,2026-03-31,472,1567,1301,608,0.7763,2868,대사동 보문산 공영주차장,36.311962,127.420543,중구,대사동,대전광역시 중구 대사동 197-214
ST0047,2024-08-01,2026-03-31,570,7634,7661,608,0.9375,15295,부사동 청란여고 방면 부사오거리 정류장,36.313354,127.434076,중구,부사동,대전광역시 중구 부사동 129-5
ST0048,2024-08-01,2026-03-31,552,3075,3089,608,0.9079,6164,대성동 대전남부여성가족원,36.30228,127.459788,동구,대성동,대전광역시 동구 대성동 133
ST0049,2024-08-01,2026-03-31,563,3770,3797,608,0.926,7567,가오동 가오31호어린이공원,36.307578,127.454993,동구,가오동,대전광역시 동구 가오동 587
ST0050,2024-08-01,2026-03-31,571,12930,12880,608,0.9391,25810,선화동 선화참좋은아파트(유안타증권),36.331735,127.422352,중구,선화동,대전광역시 중구 선화동 83-1
ST0051,2024-08-01,2026-03-31,572,12009,10350,608,0.9408,22359,목동 한사랑아파트 109동,36.333186,127.412241,중구,목동,대전광역시 중구 목동 111-12
ST0052,2024-08-01,2026-04-01,571,7444,6845,609,0.9376,14289,신흥동 신흥마을 102동,36.321214,127.444711,동구,신흥동,대전광역시 동구 신흥동 229
ST0053,2024-08-01,2026-03-31,570,7275,7265,608,0.9375,14540,판암동 판암역 4번출구,36.317504,127.459849,동구,판암동,대전광역시 동구 판암동 297-24
ST0054,2024-08-02,2026-03-31,476,1386,1354,607,0.7842,2740,용운동 대전대 후문,36.335168,127.456467,동구,용운동,대전광역시 동구 용운동 631
ST0055,2024-08-01,2026-03-31,567,5191,5063,608,0.9326,10254,대동 대동역 4번출구,36.329639,127.442332,동구,대동,대전광역시 동구 대동 160-1
ST0056,2024-08-01,2026-04-01,572,9633,9582,609,0.9392,19215,대동 이스트시티(103동) 화병원 건너편,36.328064,127.439434,동구,대동,대전광역시 동구 대동 539
ST0057,2024-10-31,2026-03-31,425,1797,1750,517,0.8221,3547,천동 천동초등학교,36.316754,127.444012,동구,천동,대전광역시 동구 천동 199-64
ST0058,2024-08-01,2026-03-31,445,1326,1344,608,0.7319,2670,천동 위드힐아파트 상가,36.316432,127.443883,동구,천동,대전광역시 동구 천동 540
ST0059,2024-08-01,2026-03-31,572,8371,8420,608,0.9408,16791,천동 휴먼시아 입구(201동),36.316444,127.447992,동구,천동,대전광역시 동구 천동 528
ST0060,2025-03-04,2025-03-04,1,1,2,1,1.0,3,효동 현대아파트 건너편(103동),36.318477,127.442604,동구,효동,효동 147-24
ST0062,2024-08-01,2026-04-01,573,17473,17519,609,0.9409,34992,홍도동 새마을금고 본점 건너편,36.346767,127.425019,동구,홍도동,대전광역시 동구 홍도동 51-7
ST0063,2024-08-01,2026-03-31,572,9277,9203,608,0.9408,18480,홍도동 새마을금고 홍도지점,36.346455,127.430473,동구,홍도동,대전광역시 동구 홍도동 13-9
ST0064,2024-08-01,2026-04-01,574,10033,10105,609,0.9425,20138,삼성동 한밭자이 정류장(104동),36.341048,127.425233,동구,삼성동,대전광역시 동구 삼성동 479
ST0065,2024-08-01,2026-03-31,572,34919,35004,608,0.9408,69923,정동 대전역(대한통운 건너편),36.332329,127.431977,동구,정동,대전광역시 동구 정동 27-9
ST0066,2024-08-01,2026-03-31,558,4147,4128,608,0.9178,8275,삼성동 삼성네거리(KT&G 동대전지사),36.336373,127.430173,동구,삼성동,대전광역시 동구 삼성동 112-1
ST0067,2024-08-01,2026-03-31,572,14461,14238,608,0.9408,28699,삼성동 솔브릿지 국제대학,36.339191,127.433185,동구,삼성동,대전광역시 동구 삼성동 150-27
ST0068,2024-08-07,2026-03-29,270,549,429,600,0.45,978,비래동 가양비래공원네거리(명석고등학교),36.353363,127.454036,대덕구,비래동,대전광역시 대덕구 비래동 47-1
ST0069,2024-08-01,2026-03-31,571,12423,12433,608,0.9391,24856,용전동 대전복합버스터미널,36.348687,127.434839,동구,용전동,대전광역시 동구 용전동 143-46
ST0071,2024-08-01,2026-03-31,567,4975,4809,608,0.9326,9784,용전동 천주교회,36.349346,127.432342,동구,용전동,대전광역시 동구 용전동 144-1
ST0072,2024-08-01,2026-03-31,570,6152,6058,608,0.9375,12210,용전동 한국통신 용전지점,36.352852,127.432283,동구,용전동,대전광역시 동구 용전동 167-1
ST0073,2024-08-01,2026-03-31,518,1799,1764,608,0.852,3563,용전동 한전 대전세종충남지역본부 건너편,36.357341,127.434212,동구,용전동,대전광역시 동구 용전동 45-1
ST0074,2024-08-01,2026-03-31,511,1634,1621,608,0.8405,3255,용전동 롯데하이마트 용전점,36.355292,127.436636,동구,용전동,대전광역시 동구 용전동 51-17
ST0075,2024-08-01,2026-03-31,557,3224,3225,608,0.9161,6449,용전동 홈플러스 용전점,36.354062,127.437939,동구,용전동,대전광역시 동구 용전동 65-1
ST0076,2024-08-01,2026-03-31,556,3589,3511,608,0.9145,7100,용전동 용전네거리 몽벨,36.358518,127.432426,동구,용전동,대전광역시 동구 용전동 25-7
ST0077,2024-08-01,2026-03-31,434,1011,974,608,0.7138,1985,용전동 동대전새마을금고 용전지점,36.353727,127.432766,동구,용전동,대전광역시 동구 용전동 127-35
ST0078,2024-08-01,2026-03-31,560,4198,4231,608,0.9211,8429,삼성동 솔랑마을 아파트 상가,36.342778,127.42359,동구,삼성동,대전광역시 동구 삼성동 369-1
ST0079,2024-08-01,2026-03-31,573,12141,12626,608,0.9424,24767,오정동 한남육교 아래,36.350763,127.419203,대덕구,오정동,대전광역시 대덕구 오정동 454-6
ST0080,2024-08-01,2026-04-01,572,9064,9108,609,0.9392,18172,오정동 한남대학교 정문,36.351508,127.421384,대덕구,오정동,대전광역시 대덕구 오정동 172-5
ST0081,2024-08-01,2026-03-31,557,3673,3680,608,0.9161,7353,오정동 한남대학교 사회과학대학,36.351517,127.422724,대덕구,오정동,대전광역시 대덕구 오정동 133
ST0082,2024-08-01,2026-03-31,537,2567,2577,608,0.8832,5144,소제동 대전역 동광장 휠타이어,36.333743,127.439426,동구,소제동,대전광역시 동구 소제동 301-18
ST0083,2024-08-01,2026-04-01,573,12225,12264,609,0.9409,24489,대동 대동역 1번출구,36.32915,127.442927,동구,대동,대전광역시 동구 대동 146-1
ST0084,2024-08-01,2026-03-31,560,3335,3391,608,0.9211,6726,판암동 신흥역 3번출구,36.32011,127.448328,동구,판암동,대전광역시 동구 판암동 687-39
ST0086,2024-08-01,2026-03-31,290,519,514,608,0.477,1033,덕명동 유성숲오투그란데 3차(501동),36.346314,127.30098,유성구,덕명동,대전광역시 유성구 덕명동 614
ST0087,2024-08-02,2026-03-31,319,549,554,607,0.5255,1103,계산동 오투그란데리빙포레(301동),36.343282,127.303598,유성구,계산동,대전광역시 유성구 계산동 722
ST0088,2024-08-01,2026-03-31,202,259,260,608,0.3322,519,계산동 오투그란데미학(212동),36.343094,127.303332,유성구,계산동,대전광역시 유성구 계산동 721
ST0089,2024-08-05,2026-03-31,321,775,769,604,0.5315,1544,덕명동 한밭대학교 학생동아리관,36.354468,127.30122,유성구,덕명동,대전광역시 유성구 덕명동 16-1
ST0090,2024-08-01,2026-03-31,530,2378,2369,608,0.8717,4747,덕명동 하우스토리 정류장,36.358214,127.30399,유성구,덕명동,대전광역시 유성구 덕명동 528
ST0091,2024-08-01,2026-03-31,569,6671,6586,608,0.9359,13257,둔산동 목련아파트 정류장(301동),36.349129,127.392771,서구,둔산동,대전광역시 서구 둔산동 1510
ST0092,2024-08-01,2026-03-31,566,4784,4729,608,0.9309,9513,탄방동 한가람아파트 정류장(9동),36.348879,127.391961,서구,탄방동,대전광역시 서구 탄방동 834
ST0093,2024-08-01,2026-03-31,570,9931,9944,608,0.9375,19875,월평동 갈마역 4번출구,36.357967,127.372948,서구,월평동,대전광역시 서구 월평동 301
ST0094,2024-08-01,2026-03-31,572,29589,29624,608,0.9408,59213,갈마동 갈마역 2번출구,36.357393,127.37206,서구,갈마동,대전광역시 서구 갈마동 820
ST0095,2024-08-01,2026-03-31,568,7543,7540,608,0.9342,15083,갈마동 갈마역 1번출구,36.357284,127.372839,서구,갈마동,대전광역시 서구 갈마동 820
ST0096,2024-08-01,2026-03-31,572,12502,12527,608,0.9408,25029,월평동 월평역 1번출구,36.357998,127.364775,서구,월평동,대전광역시 서구 월평동 541
ST0097,2024-08-01,2026-03-31,572,33729,33771,608,0.9408,67500,월평동 월평역 2번출구,36.358149,127.363708,서구,월평동,대전광역시 서구 월평동 510
ST0099,2024-08-01,2026-03-31,552,3441,3430,608,0.9079,6871,둔산동 파랑새아파트 동측입구,36.356859,127.376464,서구,둔산동,대전광역시 서구 둔산동 956
ST0100,2024-08-01,2026-03-31,570,9168,9203,608,0.9375,18371,월평동 대전교통공사,36.348928,127.353338,서구,월평동,대전광역시 서구 월평동 160-20
ST0101,2024-08-01,2026-04-01,572,13174,13125,609,0.9392,26299,월평동 대전일보,36.353493,127.360587,서구,월평동,대전광역시 서구 월평동 29-3
ST0102,2024-08-01,2026-03-31,572,9336,9352,608,0.9408,18688,갈마동 갈마네거리,36.353087,127.368377,서구,갈마동,대전광역시 서구 갈마동 293-5
ST0103,2024-08-01,2026-03-31,572,14035,14095,608,0.9408,28130,월평동 월평타운,36.352915,127.356225,서구,월평동,대전광역시 서구 월평동 1298
ST0104,2024-08-01,2026-03-31,572,10533,10517,608,0.9408,21050,갈마동 갈마1동 행정복지센터,36.350749,127.367998,서구,갈마동,대전광역시 서구 갈마동 316-3
ST0105,2024-08-01,2026-03-31,568,5667,5700,608,0.9342,11367,갈마동 메가커피,36.351279,127.368322,서구,갈마동,대전광역시 서구 갈마동 307-16
ST0106,2024-08-01,2026-03-31,573,10338,9881,608,0.9424,20219,갈마동 갈마아파트 한마음동산,36.344292,127.368321,서구,갈마동,대전광역시 서구 갈마동 392-6
ST0107,2024-08-01,2026-03-31,572,11288,11323,608,0.9408,22611,원동 중앙시장 공영주차장,36.327387,127.433162,동구,원동,대전광역시 동구 원동 85-1
ST0108,2024-08-01,2026-03-31,565,6347,6294,608,0.9293,12641,석봉동 서희스타힐스아파트 상가,36.453755,127.424034,대덕구,석봉동,대전광역시 대덕구 석봉동 787
ST0109,2024-08-01,2026-03-31,545,3168,3166,608,0.8964,6334,석봉동 봉주르카운티(A동),36.447729,127.421224,대덕구,석봉동,대전광역시 대덕구 석봉동 310-1
ST0110,2024-08-01,2026-03-31,452,898,894,608,0.7434,1792,덕암동 금호아파트,36.443567,127.426774,대덕구,덕암동,대전광역시 대덕구 덕암동 13-6
ST0111,2024-08-01,2026-03-31,558,3137,3177,608,0.9178,6314,덕암동 새뜸어린이공원,36.443673,127.421251,대덕구,덕암동,대전광역시 대덕구 덕암동 22-5
ST0112,2024-08-01,2026-03-31,558,2433,2452,608,0.9178,4885,덕암동 신탄주택,36.442998,127.427668,대덕구,덕암동,대전광역시 대덕구 덕암동 14-1
ST0113,2024-08-01,2026-03-31,558,3061,3088,608,0.9178,6149,신탄진동 이엘치과병원,36.447218,127.429807,대덕구,신탄진동,대전광역시 대덕구 신탄진동 175-1
ST0114,2024-08-01,2026-03-31,542,2941,2933,608,0.8914,5874,신탄진동 동일스위트 1단지(104동),36.45357,127.430378,대덕구,신탄진동,대전광역시 대덕구 신탄진동 100-1
ST0115,2024-08-01,2026-03-31,485,1380,1361,608,0.7977,2741,신탄진동 동일스위트 1단지(103동),36.45277,127.430576,대덕구,신탄진동,대전광역시 대덕구 신탄진동 100-1
ST0116,2024-08-01,2026-03-31,566,4474,4347,608,0.9309,8821,탄방동 도산서원(용문네거리 방면) 정류장,36.343697,127.400053,서구,탄방동,대전광역시 서구 탄방동 1483-11
ST0117,2024-08-01,2026-03-31,572,6461,6521,608,0.9408,12982,탄방동 e편한세상 정류장(용문네거리 방면),36.341426,127.397086,서구,탄방동,대전광역시 서구 탄방동 70-5
ST0118,2024-08-01,2026-04-01,573,13309,13272,609,0.9409,26581,탄방동 e편한세상(109동),36.34116,127.394354,서구,탄방동,대전광역시 서구 탄방동 1486
ST0119,2024-08-01,2026-03-31,547,11768,11853,608,0.8997,23621,탄방동 e편한세상(102동),36.342649,127.392663,서구,탄방동,대전광역시 서구 탄방동 1486
ST0120,2024-08-01,2026-04-01,568,4894,4875,609,0.9327,9769,오류동 주류공동판매장 집배송센타,36.330252,127.401553,중구,오류동,대전광역시 중구 오류동 190-3
ST0122,2024-08-01,2026-03-31,573,14827,14844,608,0.9424,29671,용문동 리베라아이누리 1단지(101동),36.335689,127.39612,서구,용문동,대전광역시 서구 용문동 255-7
ST0123,2024-08-01,2026-03-31,554,3308,3290,608,0.9112,6598,용문동 순복음교회(수침교),36.335779,127.39661,서구,용문동,대전광역시 서구 용문동 249-11
ST0124,2024-08-01,2026-03-31,572,18131,18116,608,0.9408,36247,용문동 용문역 3번출구,36.337631,127.392142,서구,용문동,대전광역시 서구 용문동 594-10
ST0125,2024-08-01,2026-03-31,572,18782,18870,608,0.9408,37652,가장동 래미안 1단지 건너편(115동),36.332127,127.385649,서구,가장동,대전광역시 서구 가장동 45-9
ST0126,2024-08-01,2026-03-31,572,23757,23869,608,0.9408,47626,괴정동 롯데백화점 허리사랑병원,36.339836,127.391096,서구,괴정동,대전광역시 서구 괴정동 423-5
ST0127,2024-08-01,2026-03-31,572,16073,16071,608,0.9408,32144,탄방동 롯데백화점 건너편 골드뱅크,36.341391,127.389783,서구,탄방동,대전광역시 서구 탄방동 91-8
ST0128,2024-08-01,2026-04-01,571,10115,9865,609,0.9376,19980,탄방동 서부농협본점,36.342308,127.387883,서구,탄방동,대전광역시 서구 탄방동 681
ST0129,2024-08-01,2026-04-01,568,7568,7551,609,0.9327,15119,탄방동 탄방지하차도,36.343318,127.383435,서구,탄방동,대전광역시 서구 탄방동 641
ST0130,2024-08-01,2026-03-31,548,3605,3606,608,0.9013,7211,둔산동 대전대학교 대전한방병원 정류장,36.345996,127.379133,서구,둔산동,대전광역시 서구 둔산동 1136
ST0131,2024-08-01,2026-03-31,572,13248,13174,608,0.9408,26422,갈마동 경성큰마을아파트(46),36.347661,127.377232,서구,갈마동,대전광역시 서구 갈마동 1436
ST0132,2024-08-01,2026-04-01,574,31607,31600,609,0.9425,63207,둔산동 향촌아파트(101동),36.35227,127.376113,서구,둔산동,대전광역시 서구 둔산동 970
ST0133,2024-08-01,2026-04-01,571,6462,6486,609,0.9376,12948,월평동 계룡로 대전일보 건너편(갈마동방향),36.35452,127.365583,서구,월평동,대전광역시 서구 월평동 1548
ST0134,2024-08-01,2026-03-31,572,13685,13727,608,0.9408,27412,월평동 한국마사회 빌딩,36.356452,127.363784,서구,월평동,대전광역시 서구 월평동 519
ST0135,2024-08-01,2026-03-31,451,1372,1357,608,0.7418,2729,복수동 대전과학기술대 정문 건너편,36.304837,127.374705,서구,복수동,대전광역시 서구 복수동 275-31
ST0136,2024-08-02,2026-03-31,356,787,684,607,0.5865,1471,복수동 대전과학기술대 정문,36.30421,127.375203,서구,복수동,대전광역시 서구 복수동 333
ST0137,2024-08-01,2026-03-31,571,15903,15907,608,0.9391,31810,용산동 미래남교(현대아울렛 방면),36.422576,127.396141,유성구,용산동,대전광역시 유성구 용산동 609
ST0138,2024-08-01,2026-04-01,572,18392,18609,609,0.9392,37001,관평동 테크노타워,36.424915,127.393521,유성구,관평동,대전광역시 유성구 관평동 962
ST0139,2024-08-01,2026-03-31,567,5181,4765,608,0.9326,9946,죽동 유성구청소년수련관,36.380623,127.323343,유성구,죽동,대전광역시 유성구 죽동 601-1
ST0140,2024-08-01,2026-03-31,571,10420,10417,608,0.9391,20837,하기동 침신대네거리(롯데마트),36.384798,127.320819,유성구,하기동,대전광역시 유성구 하기동 519
ST0141,2024-08-01,2026-03-31,429,1920,1770,608,0.7056,3690,문평동 3.4공단 새일근린공원,36.446351,127.403352,대덕구,문평동,대전광역시 대덕구 문평동 78-5
ST0142,2024-08-01,2026-03-31,544,4052,3866,608,0.8947,7918,문평동 3.4공단 문평근린공원,36.443165,127.39844,대덕구,문평동,대전광역시 대덕구 문평동 42-4
ST0143,2024-08-01,2026-04-01,572,8691,8649,609,0.9392,17340,목상동 상록수아파트 정류장(101동),36.44913,127.412667,대덕구,목상동,대전광역시 대덕구 목상동 185-1
ST0144,2024-08-01,2026-03-31,547,3179,3042,608,0.8997,6221,문평동 구)대덕경찰서,36.44642,127.406535,대덕구,문평동,대전광역시 대덕구 문평동 83-2
ST0145,2024-08-01,2026-03-31,569,8075,7779,608,0.9359,15854,신일동 대덕산업단지 BRT정류장,36.43838,127.395094,대덕구,문평동,대전광역시 대덕구 문평동 92-1
ST0146,2024-08-01,2026-03-31,459,1134,1051,608,0.7549,2185,신일동 삼양패키징 대전2공장 정류장,36.444337,127.404176,대덕구,신일동,대전광역시 대덕구 신일동 1685-3
ST0147,2024-08-01,2026-03-31,565,4841,4758,608,0.9293,9599,송강동 송강체육관,36.431516,127.387258,유성구,송강동,대전광역시 유성구 송강동 200-2
ST0148,2024-08-01,2026-03-31,569,5297,5298,608,0.9359,10595,송강동 송강근린공원 청솔한양아파트 206동 건너편,36.435157,127.383983,유성구,송강동,대전광역시 유성구 송강동 9
ST0149,2024-08-01,2026-04-01,571,8516,7951,609,0.9376,16467,관평동 롯데마트(관평점),36.42805,127.386542,유성구,관평동,대전광역시 유성구 관평동 887
ST0150,2024-08-01,2026-03-31,572,18520,18608,608,0.9408,37128,관평동 롯데마트대덕점(관평중학교 방면) 정류장,36.426897,127.38951,유성구,관평동,대전광역시 유성구 관평동 807
ST0151,2024-08-01,2026-03-31,572,19884,20124,608,0.9408,40008,관평동 티플라자,36.425805,127.389969,유성구,관평동,대전광역시 유성구 관평동 930
ST0152,2024-08-01,2026-03-31,572,17098,17378,608,0.9408,34476,복수동 초록마을아파트 3단지,36.300386,127.378899,서구,복수동,대전광역시 서구 복수동 613
ST0153,2024-08-01,2026-04-01,570,7431,7608,609,0.936,15039,삼성동 한밭빌라,36.341626,127.414795,동구,삼성동,대전광역시 동구 삼성동 343-22
ST0154,2024-08-01,2026-03-31,572,8080,8043,608,0.9408,16123,중촌동 금호아파트(8동),36.340306,127.406599,중구,중촌동,대전광역시 중구 중촌동 10-2
ST0155,2024-08-01,2026-03-31,563,4265,4003,608,0.926,8268,반석동 외삼네거리 603동,36.395288,127.309988,유성구,반석동,대전광역시 유성구 반석동 613
ST0156,2024-08-01,2026-03-31,548,3004,2977,608,0.9013,5981,반석동 반석마을 8단지(804동),36.394052,127.311059,유성구,반석동,대전광역시 유성구 반석동 623
ST0157,2024-08-01,2026-03-31,468,1392,1199,608,0.7697,2591,반석동 반석마을 8단지 정류장(805동),36.395188,127.312011,유성구,반석동,대전광역시 유성구 반석동 623
ST0158,2024-08-01,2026-03-31,549,3112,3038,608,0.903,6150,반석동 반석역 4번출구,36.392696,127.313828,유성구,반석동,대전광역시 유성구 반석동 636
ST0160,2024-08-01,2026-03-31,570,8849,8771,608,0.9375,17620,반석동 반석역 1번출구,36.391745,127.314413,유성구,반석동,대전광역시 유성구 반석동 640-3
ST0161,2024-08-01,2025-08-25,376,3306,2667,390,0.9641,5973,반석동 반석역 1번출구(179),36.391285,127.314854,유성구,반석동,반석동 694
ST0162,2024-08-01,2026-03-31,567,5184,5087,608,0.9326,10271,반석동 반석역 6번출구,36.392286,127.314927,유성구,반석동,대전광역시 유성구 반석동 61-22
ST0163,2024-08-01,2026-03-31,549,3351,2878,608,0.903,6229,반석동 반석역 5번출구,36.392494,127.314722,유성구,반석동,대전광역시 유성구 반석동 61-3
ST0164,2024-08-01,2026-03-31,556,3786,3799,608,0.9145,7585,반석동 반석마을 5단지(504동),36.389731,127.309864,유성구,반석동,대전광역시 유성구 반석동 622
ST0165,2024-08-02,2026-03-31,345,1112,528,607,0.5684,1640,지족동 노은3지구 영무예다음(102동),36.374482,127.305412,유성구,지족동,대전광역시 유성구 지족동 1052
ST0166,2024-08-02,2026-04-01,362,787,574,608,0.5954,1361,지족동 노은3지구 트리풀시티포레(105동),36.381056,127.305833,유성구,지족동,대전광역시 유성구 지족동 1043
ST0167,2024-08-01,2026-03-31,319,653,520,608,0.5247,1173,지족동 노은새미래숲 2단지(201동),36.381316,127.30247,유성구,지족동,대전광역시 유성구 지족동 1042
ST0168,2024-08-01,2026-03-31,562,5625,4537,608,0.9243,10162,지족동 노은3동 행정복지센터(201),36.386797,127.308308,유성구,지족동,대전광역시 유성구 지족동 1024-2
ST0169,2024-08-01,2026-03-31,488,1770,1514,608,0.8026,3284,지족동 노은해랑숲마을 6단지(607동),36.385028,127.30798,유성구,지족동,대전광역시 유성구 지족동 1031
ST0170,2024-08-01,2026-03-31,383,790,701,608,0.6299,1491,지족동 노은해랑숲마을 5단지(506동) 건너편,36.38686,127.305524,유성구,지족동,대전광역시 유성구 지족동 1058
ST0171,2024-08-01,2026-03-31,521,2536,2300,608,0.8569,4836,반석동 송림마을 1단지 건너편(107동),36.389227,127.316396,유성구,반석동,대전광역시 유성구 반석동 701
ST0172,2024-08-01,2026-03-31,559,3874,3861,608,0.9194,7735,지족동 인앤인아파트(101동),36.385442,127.318512,유성구,지족동,대전광역시 유성구 지족동 834
ST0173,2024-08-01,2026-03-31,551,3364,3158,608,0.9062,6522,지족동 지족역 1번출구,36.384041,127.319149,유성구,지족동,대전광역시 유성구 지족동 836-6
ST0174,2024-08-01,2026-03-31,565,4738,4707,608,0.9293,9445,지족동 지족역 2번출구,36.383603,127.319711,유성구,지족동,대전광역시 유성구 지족동 933
ST0175,2024-08-01,2026-03-31,456,1262,1273,608,0.75,2535,지족동 인앤인아파트(103동),36.384873,127.319635,유성구,지족동,대전광역시 유성구 지족동 836-5
ST0176,2024-08-01,2026-03-31,557,3036,3055,608,0.9161,6091,하기동 송림마을 2단지(202동),36.387756,127.319703,유성구,하기동,대전광역시 유성구 하기동 516
ST0177,2024-08-01,2026-03-31,550,2817,2809,608,0.9046,5626,하기동 송림마을 1단지(101동),36.388078,127.319753,유성구,하기동,대전광역시 유성구 하기동 512
ST0178,2024-08-01,2026-03-31,521,1776,1729,608,0.8569,3505,하기동 송림마을 2단지 입구,36.387875,127.321377,유성구,하기동,대전광역시 유성구 하기동 516
ST0179,2024-08-01,2026-03-31,559,5592,5377,608,0.9194,10969,하기동 한국침례신학대학교 입구,36.387013,127.324609,유성구,하기동,대전광역시 유성구 하기동 534-3
ST0181,2024-08-01,2026-03-31,545,3186,2100,608,0.8964,5286,하기동 송림마을 5단지(오시오칼국수),36.390972,127.329523,유성구,하기동,대전광역시 유성구 하기동 545
ST0182,2024-08-01,2026-03-31,567,6233,6215,608,0.9326,12448,신성동 럭키 하나아파트 앞,36.384796,127.348857,유성구,신성동,대전광역시 유성구 신성동 153
ST0183,2024-08-01,2026-03-31,536,1857,1673,608,0.8816,3530,신성동 한화솔루션중앙연구소 입구,36.38483,127.351862,유성구,신성동,대전광역시 유성구 신성동 6
ST0184,2024-08-01,2026-04-01,572,15148,15193,609,0.9392,30341,신성동 대림두레(101동),36.385114,127.350911,유성구,신성동,대전광역시 유성구 신성동 152-1
ST0185,2024-08-01,2026-04-01,571,11538,11547,609,0.9376,23085,신성동 연구단지운동장 건너편,36.385517,127.353701,유성구,신성동,대전광역시 유성구 신성동 118-41
ST0186,2024-08-01,2026-03-31,558,4392,4358,608,0.9178,8750,장동 한국에너지기술연구원 입구,36.384857,127.359816,유성구,장동,대전광역시 유성구 장동 71-2
ST0187,2024-08-01,2026-03-31,537,2545,2486,608,0.8832,5031,신성동 천문대 입구,36.382768,127.354999,유성구,신성동,대전광역시 유성구 신성동 7-13
ST0188,2024-08-01,2026-03-31,567,12006,11900,608,0.9326,23906,어은동 한국생명공학연구원 입구,36.377848,127.356451,유성구,어은동,대전광역시 유성구 어은동 52
ST0189,2024-08-01,2026-03-31,553,5846,5781,608,0.9095,11627,구성동 카이스트 후문(한국원자력안전기술원),36.374198,127.367134,유성구,구성동,대전광역시 유성구 구성동 19
ST0190,2024-08-01,2026-03-31,561,8246,8279,608,0.9227,16525,가정동 화폐박물관,36.376836,127.371026,유성구,가정동,대전광역시 유성구 가정동 35
ST0191,2024-08-01,2026-04-01,573,47586,47587,609,0.9409,95173,어은동 유성구청,36.361701,127.357402,유성구,어은동,대전광역시 유성구 어은동 59-12
ST0192,2024-08-01,2026-03-31,572,42939,43001,608,0.9408,85940,궁동 다솔아파트 입구,36.361324,127.34789,유성구,궁동,대전광역시 유성구 궁동 418-2
ST0193,2024-08-01,2026-04-01,573,35944,35989,609,0.9409,71933,궁동 온천교(충남대학교 방면),36.360726,127.344422,유성구,궁동,대전광역시 유성구 궁동 482-6
ST0194,2024-08-01,2026-03-31,572,12668,12763,608,0.9408,25431,봉명동 현대리조텔,36.356035,127.341971,유성구,봉명동,대전광역시 유성구 봉명동 535-7
ST0195,2024-08-01,2026-03-31,573,19967,19909,608,0.9424,39876,봉명동 홍인 오피스텔,36.356149,127.34264,유성구,봉명동,대전광역시 유성구 봉명동 536-9
ST0196,2024-08-01,2026-03-31,572,12114,12106,608,0.9408,24220,봉명동 유성온천역 1번출구,36.353291,127.342098,유성구,봉명동,대전광역시 유성구 봉명동 1016-1
ST0197,2024-08-01,2026-03-31,571,11169,11159,608,0.9391,22328,봉명동 노브랜드 유성온천점,36.352032,127.346343,유성구,봉명동,대전광역시 유성구 봉명동 1017-3
ST0198,2024-08-01,2026-04-01,574,28695,28750,609,0.9425,57445,봉명동 노블레스3,36.358541,127.349748,유성구,봉명동,대전광역시 유성구 봉명동 640-8
ST0199,2024-08-01,2026-03-31,573,28777,28835,608,0.9424,57612,봉명동 하이랜드 1차,36.358877,127.347443,유성구,봉명동,대전광역시 유성구 봉명동 640-2
ST0200,2024-08-01,2026-04-01,573,16307,16355,609,0.9409,32662,봉명동 사이언스타운,36.354888,127.34463,유성구,봉명동,대전광역시 유성구 봉명동 549-1
ST0201,2024-08-01,2026-04-01,572,13230,13265,609,0.9392,26495,봉명동 호텔인터시티,36.354465,127.347672,유성구,봉명동,대전광역시 유성구 봉명동 545-5
ST0202,2024-08-01,2026-03-31,572,7623,7631,608,0.9408,15254,봉명동 도안 2단지 호반베르디움(201동),36.348885,127.347667,유성구,봉명동,대전광역시 유성구 봉명동 1021
ST0203,2024-08-01,2026-03-31,572,10347,10310,608,0.9408,20657,봉명동 도안 2단지 호반베르디움(211동),36.351459,127.346318,유성구,봉명동,대전광역시 유성구 봉명동 1017-8
ST0204,2024-08-01,2026-03-31,558,4765,4764,608,0.9178,9529,봉명동 도안 1단지 휴먼시아(101동),36.351894,127.343572,유성구,봉명동,대전광역시 유성구 봉명동 1025-1
ST0205,2024-08-01,2026-03-31,564,3342,3367,608,0.9276,6709,봉명동 도안 1단지 휴먼시아 정류장(109동),36.348803,127.342177,유성구,봉명동,대전광역시 유성구 봉명동 1024
ST0206,2024-08-01,2026-03-31,571,6931,6934,608,0.9391,13865,봉명동 도안 6단지 센트럴시티 정류장(607동),36.348225,127.342333,유성구,봉명동,대전광역시 유성구 봉명동 1036
ST0207,2024-08-01,2026-03-31,569,6870,6766,608,0.9359,13636,봉명동 도안 6단지 센트럴시티 큰길방향(608동),36.347331,127.340631,유성구,봉명동,대전광역시 유성구 봉명동 1031-8
ST0208,2024-08-01,2026-04-01,571,7450,7463,609,0.9376,14913,봉명동 도안 7단지 예미지(701동),36.348237,127.344469,유성구,봉명동,대전광역시 유성구 봉명동 1038-2
ST0209,2024-08-01,2026-03-31,572,9462,9486,608,0.9408,18948,봉명동 도안 7단지 작은내수변공원,36.345559,127.34448,유성구,봉명동,대전광역시 유성구 봉명동 1042
ST0210,2024-08-01,2026-03-31,566,5754,5649,608,0.9309,11403,봉명동 원골네거리(진터네거리 방면),36.344587,127.340525,유성구,봉명동,대전광역시 유성구 봉명동 1056-1
ST0211,2024-08-01,2026-03-31,572,9529,9513,608,0.9408,19042,봉명동 도안 센트럴시티 입구(롯데리아),36.346075,127.340649,유성구,봉명동,대전광역시 유성구 봉명동 1035-1
ST0212,2024-08-01,2026-03-31,568,6124,6143,608,0.9342,12267,상대동 도안 9단지 트리풀시티(920동)버스정류장 ,36.341505,127.338001,유성구,상대동,대전광역시 유성구 상대동 484-7
ST0213,2024-08-01,2026-03-31,571,6088,6105,608,0.9391,12193,상대동 도안 9단지 트리풀시티(913동),36.339453,127.336273,유성구,상대동,대전광역시 유성구 상대동 484-7
ST0214,2024-08-01,2026-03-31,492,1262,1227,608,0.8092,2489,상대동 도안 3단지 한라비발디(306동),36.34313,127.333528,유성구,상대동,대전광역시 유성구 상대동 461-4
ST0215,2024-08-01,2026-03-31,571,8828,8566,608,0.9391,17394,상대동 도안 3단지 한라비발디(301동),36.344984,127.335416,유성구,상대동,대전광역시 유성구 상대동 462
ST0216,2024-08-01,2026-03-31,567,4799,4167,608,0.9326,8966,상대동 도안 9단지 트리풀시티(920동),36.342818,127.337782,유성구,상대동,대전광역시 유성구 상대동 487
ST0217,2024-08-01,2026-03-31,494,1503,1469,608,0.8125,2972,상대동 도안 5단지 트리풀시티 정문(501동) ,36.343942,127.335742,유성구,상대동,대전광역시 유성구 상대동 464
ST0219,2024-08-01,2026-03-31,564,7270,7113,608,0.9276,14383,용계동 목원대학교 정문좌측(캠퍼스타워),36.330662,127.337865,유성구,용계동,대전광역시 유성구 용계동 664-12
ST0220,2024-08-01,2026-03-31,573,8830,8787,608,0.9424,17617,원신흥동 도안 10단지 휴먼시아(1010동)(70),36.338016,127.338472,유성구,원신흥동,대전광역시 유성구 원신흥동 541-1
ST0221,2024-08-01,2026-03-31,568,8537,8473,608,0.9342,17010,원신흥동 원신흥도서관,36.337712,127.338019,유성구,원신흥동,대전광역시 유성구 원신흥동 560
ST0222,2024-08-01,2026-03-31,552,3629,3635,608,0.9079,7264,원신흥동 도안 12단지 어울림하트(1201동),36.332429,127.341258,유성구,원신흥동,대전광역시 유성구 원신흥동 529
ST0223,2024-08-01,2026-03-31,560,4442,4443,608,0.9211,8885,원신흥동 도안 12단지 어울림하트(1204동),36.332424,127.344083,유성구,원신흥동,대전광역시 유성구 원신흥동 528-3
ST0224,2024-08-01,2026-03-31,570,7119,7162,608,0.9375,14281,도안동 예미지(107동),36.331872,127.343798,서구,도안동,대전광역시 서구 도안동 965
ST0225,2024-08-01,2026-03-31,569,9304,9292,608,0.9359,18596,도안동 예미지(101동),36.331983,127.341216,서구,도안동,대전광역시 서구 도안동 888
ST0226,2024-08-01,2026-03-31,551,3414,3420,608,0.9062,6834,원신흥동 목원대네거리(도로교통공단 방면) 정류장,36.332575,127.339389,유성구,원신흥동,대전광역시 유성구 원신흥동 558-11
ST0227,2024-08-01,2026-04-01,557,4244,4199,609,0.9146,8443,도안동 목원대학교 정문우측(롯데리아),36.330394,127.338415,서구,도안동,대전광역시 서구 도안동 844
ST0228,2024-08-01,2026-03-31,572,8290,8295,608,0.9408,16585,원신흥동 도안 11단지 천년나무 건너편(1110동),36.339989,127.344277,유성구,원신흥동,대전광역시 유성구 원신흥동 510
ST0229,2024-08-01,2026-03-31,570,6401,6400,608,0.9375,12801,원신흥동 도안 11단지 천년나무 11단지(1104동),36.341765,127.34705,유성구,원신흥동,대전광역시 유성구 원신흥동 511
ST0230,2024-08-01,2026-03-31,568,4304,4284,608,0.9342,8588,원신흥동 도안 11단지 천년나무 입구(북측),36.341652,127.345658,유성구,원신흥동,대전광역시 유성구 원신흥동 512
ST0231,2024-08-01,2026-03-31,572,4568,4589,608,0.9408,9157,원신흥동 도안 11단지 천년나무 입구(남측),36.338936,127.345808,유성구,원신흥동,대전광역시 유성구 원신흥동 513-1
ST0232,2024-08-01,2026-03-31,563,4462,4464,608,0.926,8926,원신흥동 도안 11단지 천년나무(1106동),36.339661,127.348084,유성구,원신흥동,대전광역시 유성구 원신흥동 513-6
ST0233,2024-08-01,2026-04-01,568,5213,5200,609,0.9327,10413,원신흥동 도안 11단지 천년나무 건너편(1106동),36.339173,127.34829,유성구,원신흥동,대전광역시 유성구 원신흥동 515-1
ST0234,2024-08-01,2026-04-01,570,6280,6285,609,0.936,12565,원신흥동 도안 10단지 휴먼시아 건너편(1010동),36.338364,127.338494,유성구,원신흥동,대전광역시 유성구 원신흥동 493-1
ST0235,2024-08-01,2026-04-01,573,9974,10014,609,0.9409,19988,도안동(수목토아파트 방면) 정류장(34890),36.326001,127.347719,서구,도안동,대전광역시 서구 도안동 980
ST0236,2024-08-01,2026-03-31,566,6440,6471,608,0.9309,12911,도안동 도안 15단지 아이파크(1502동),36.321033,127.347601,서구,도안동,대전광역시 서구 도안동 1493
ST0237,2024-08-01,2026-03-31,572,7409,7408,608,0.9408,14817,도안동 16단지 수목토(101동),36.320676,127.347587,서구,도안동,대전광역시 서구 도안동 1364
ST0238,2024-08-01,2026-04-01,573,13334,13381,609,0.9409,26715,도안동 도안 17단지 계룡리슈빌(1710동),36.317298,127.347777,서구,도안동,대전광역시 서구 도안동 1368
ST0239,2024-08-01,2026-03-31,571,6254,6263,608,0.9391,12517,도안동 도안 17단지 베르디움(104동),36.312868,127.349708,서구,도안동,대전광역시 서구 도안동 1373
ST0240,2024-08-01,2026-03-31,567,4705,4713,608,0.9326,9418,도안동 17단지 계룡리슈빌(1701동),36.313916,127.345964,서구,도안동,대전광역시 서구 도안동 1371
ST0241,2024-08-01,2026-03-31,567,6212,6268,608,0.9326,12480,도안동 축산농협 하나로마트,36.312898,127.350277,서구,도안동,대전광역시 서구 도안동 1472
ST0242,2024-08-01,2026-03-31,569,6385,6425,608,0.9359,12810,가수원동 가수원파출소 건너편,36.308726,127.351583,서구,가수원동,대전광역시 서구 가수원동 927
ST0243,2024-08-01,2026-03-31,565,5285,5285,608,0.9293,10570,가수원동 가수원네거리(계룡아파트 방면),36.304645,127.352278,서구,가수원동,대전광역시 서구 가수원동 763-1
ST0244,2024-08-01,2026-03-31,568,4467,4455,608,0.9342,8922,가수원동 은아아파트 3단지 육교밑(302동),36.304321,127.351054,서구,가수원동,대전광역시 서구 가수원동 762
ST0246,2024-08-01,2026-03-31,566,9527,9602,608,0.9309,19129,관저동 느리울마을 11단지 정류장(1114동),36.302792,127.343594,서구,관저동,대전광역시 서구 관저동 1422
ST0247,2024-08-01,2026-03-31,542,2787,2737,608,0.8914,5524,관저동 느리울마을 11단지(1112동),36.302039,127.34468,서구,관저동,대전광역시 서구 관저동 1422
ST0248,2024-08-01,2026-03-31,545,2939,2942,608,0.8964,5881,관저동 리슈빌(103동),36.300129,127.343028,서구,관저동,대전광역시 서구 관저동 1420
ST0249,2024-08-01,2026-03-31,493,1653,1636,608,0.8109,3289,관저동 느리울마을 12단지(1202동),36.298925,127.342112,서구,관저동,대전광역시 서구 관저동 1398
ST0250,2024-08-01,2026-03-31,567,6836,6765,608,0.9326,13601,관저동 느리울중네거리,36.29637,127.340762,서구,관저동,대전광역시 서구 관저동 1482
ST0251,2024-08-01,2026-03-31,539,3116,3113,608,0.8865,6229,관저동 남대전농협 하나로마트,36.2968,127.335952,서구,관저동,대전광역시 서구 관저동 1547
ST0253,2024-08-01,2026-03-31,570,4559,4564,608,0.9375,9123,관저동 관저예미지명가의풍경아파트 114동,36.296027,127.334556,서구,관저동,대전광역시 서구 관저동 1574
ST0254,2024-08-01,2026-03-31,563,4642,4359,608,0.926,9001,관저동 마치광장 해뜰마을어린이도서관,36.29797,127.338627,서구,관저동,대전광역시 서구 관저동 1516
ST0255,2024-08-01,2026-03-31,536,2964,2973,608,0.8816,5937,관저동 마치광장 서측,36.297879,127.33699,서구,관저동,대전광역시 서구 관저동 1519
ST0256,2024-08-01,2026-03-31,566,7186,7037,608,0.9309,14223,관저동 마치광장 북측,36.298795,127.337445,서구,관저동,대전광역시 서구 관저동 1511
ST0257,2024-08-01,2026-03-31,512,2529,1747,608,0.8421,4276,관저동 미즈모아산부인과,36.298865,127.339432,서구,관저동,대전광역시 서구 관저동 1345
ST0258,2024-08-01,2026-03-31,563,5457,5451,608,0.926,10908,관저동 하이존 상가,36.299156,127.340093,서구,관저동,대전광역시 서구 관저동 1458
ST0259,2024-08-01,2026-04-01,567,7994,8009,609,0.931,16003,관저동 리슈빌(101동),36.300166,127.340954,서구,관저동,대전광역시 서구 관저동 1415
ST0260,2024-08-01,2026-03-31,480,1608,1618,608,0.7895,3226,관저동 건양대병원네거리(리슈빌110동),36.302124,127.340835,서구,관저동,대전광역시 서구 관저동 1433
ST0261,2024-08-01,2026-03-31,557,3854,3851,608,0.9161,7705,관저동 건양대병원네거리 정류장(느리울12단지 방면)(33590),36.301894,127.340429,서구,관저동,대전광역시 서구 관저동 1437
ST0262,2024-08-01,2026-03-31,571,7311,7344,608,0.9391,14655,관저동 공영주차장,36.300021,127.3379,서구,관저동,대전광역시 서구 관저동 1446
ST0263,2024-08-01,2026-03-31,569,8463,8449,608,0.9359,16912,"관저동 신선마을 건너편(213동, 관저네거리방면)",36.300367,127.335073,서구,관저동,대전광역시 서구 관저동 1016
ST0264,2024-08-01,2026-03-31,562,5629,5529,608,0.9243,11158,관저2동 행정복지센터,36.299263,127.335067,서구,관저동,대전광역시 서구 관저동 1104
ST0265,2024-08-01,2026-03-31,567,5225,5228,608,0.9326,10453,"관저동 신선마을 정류장(213동, 33450)",36.300288,127.334645,서구,관저동,대전광역시 서구 관저동 1130
ST0266,2024-08-01,2026-03-31,542,3087,3081,608,0.8914,6168,관저동 행복자전거협동조합 건너편,36.299139,127.339037,서구,관저동,대전광역시 서구 관저동 1341
ST0267,2024-08-01,2026-03-31,539,2367,2335,608,0.8865,4702,"관저동 신선마을 정류장(208동, 33430)",36.299062,127.332332,서구,관저동,대전광역시 서구 관저동 1130
ST0268,2024-08-01,2026-03-31,493,1542,1533,608,0.8109,3075,"관저동 구봉마을 8단지 정류장(814동, 33420)",36.298805,127.332188,서구,관저동,대전광역시 서구 관저동 1148
ST0269,2024-08-02,2026-03-31,485,1436,1436,607,0.799,2872,관저동 구봉초등학교 건너편,36.298827,127.329598,서구,관저동,대전광역시 서구 관저동 1147
ST0270,2024-08-01,2026-03-31,570,6694,6700,608,0.9375,13394,원내동 샘물타운(301동),36.299738,127.320331,유성구,원내동,대전광역시 유성구 원내동 394
ST0271,2024-08-01,2026-03-31,529,2017,2025,608,0.8701,4042,원내동 샘물타운(305동),36.299599,127.322607,유성구,원내동,대전광역시 유성구 원내동 394
ST0272,2024-08-05,2026-03-30,322,497,495,603,0.534,992,원내동 샘물타운(308동),36.298553,127.323147,유성구,원내동,대전광역시 유성구 원내동 394
ST0273,2024-08-01,2026-03-31,485,1461,1467,608,0.7977,2928,원내동 서일여고 입구 건너편,36.295188,127.321062,유성구,원내동,대전광역시 유성구 원내동 358
ST0274,2024-08-01,2026-04-01,571,9359,9371,609,0.9376,18730,원내동 솔마루어린이공원 입구,36.303985,127.320409,유성구,원내동,대전광역시 유성구 원내동 80-16
ST0275,2024-08-01,2026-03-31,564,5800,5719,608,0.9276,11519,원내동 롯데마트 서대전점,36.300023,127.325134,유성구,원내동,대전광역시 유성구 원내동 33-13
ST0276,2024-08-01,2026-03-31,571,9729,9752,608,0.9391,19481,대정동 모다아울렛,36.313023,127.319778,유성구,대정동,대전광역시 유성구 대정동 303-5
ST0277,2024-08-01,2026-03-31,558,4808,4468,608,0.9178,9276,관저동 건양대네거리,36.302415,127.33957,서구,관저동,대전광역시 서구 관저동 1002
ST0278,2024-08-01,2026-03-31,561,5770,5758,608,0.9227,11528,관저동 관저1동 행정복지센터,36.303741,127.337202,서구,관저동,대전광역시 서구 관저동 999-3
ST0279,2024-08-01,2026-04-01,544,2481,2435,609,0.8933,4916,관저동 원앙2단지 건너편(205동),36.308998,127.340582,서구,관저동,대전광역시 서구 관저동 1893-20
ST0280,2024-08-02,2026-03-31,520,1561,1416,607,0.8567,2977,관저동 대자연마을(108동),36.307592,127.338717,서구,관저동,대전광역시 서구 관저동 990
ST0281,2024-08-01,2026-03-31,545,2481,2431,608,0.8964,4912,관저동 대자연마을 상가동,36.306227,127.337211,서구,관저동,대전광역시 서구 관저동 990
ST0282,2024-08-01,2026-03-31,494,1361,1353,608,0.8125,2714,관저동 대자연마을 건너편(107동),36.307658,127.336754,서구,관저동,대전광역시 서구 관저동 1829
ST0283,2024-08-01,2026-04-01,496,1710,1279,609,0.8144,2989,관저동 원앙네거리(대자연마을아파트 방면),36.307625,127.335373,서구,관저동,대전광역시 서구 관저동 1788
ST0284,2024-08-01,2026-03-31,548,4246,3222,608,0.9013,7468,관저동 원앙네거리(관저 지하차도 방면),36.306209,127.335211,서구,관저동,대전광역시 서구 관저동 1919
ST0285,2024-08-01,2026-04-01,572,8856,8800,609,0.9392,17656,정림동 정림삼거리,36.307183,127.363901,서구,정림동,대전광역시 서구 정림동 497
ST0286,2024-08-01,2026-03-31,563,4228,4212,608,0.926,8440,정림동 늘푸른아파트 건너편(102동),36.301564,127.366558,서구,정림동,대전광역시 서구 정림동 668
ST0287,2024-08-01,2026-03-31,572,10325,10362,608,0.9408,20687,정림동 우성아파트 1차 건너편(117동),36.30394,127.365945,서구,정림동,대전광역시 서구 정림동 635
ST0288,2024-08-01,2026-03-31,571,11766,11785,608,0.9391,23551,정림동 서구국민체육센터,36.303639,127.363102,서구,정림동,대전광역시 서구 정림동 402-2
ST0289,2024-08-01,2026-03-31,572,18284,18519,608,0.9408,36803,중리동 한남대학교 후문,36.358592,127.422672,대덕구,중리동,대전광역시 대덕구 중리동 231-2
ST0290,2024-08-01,2026-03-31,571,16072,16470,608,0.9391,32542,오정동 국민연금공단 북대전지사 정류장,36.358571,127.41251,대덕구,오정동,대전광역시 대덕구 오정동 62-1
ST0291,2024-08-01,2026-03-31,570,7749,7791,608,0.9375,15540,오정동 오정네거리(대화중 방면),36.358904,127.415425,대덕구,오정동,대전광역시 대덕구 오정동 64-15
ST0292,2024-08-01,2026-03-31,568,5017,4770,608,0.9342,9787,법동 e편한세상 상가,36.366742,127.426153,대덕구,법동,대전광역시 대덕구 법동 284-10
ST0293,2024-08-01,2026-03-31,554,2736,2732,608,0.9112,5468,법동 대전중앙병원,36.367583,127.429641,대덕구,법동,대전광역시 대덕구 법동 287-4
ST0294,2024-08-01,2026-03-01,429,1187,1189,578,0.7422,2376,법동 보람아파트,36.366409,127.4304,대덕구,법동,대전광역시 대덕구 법동 202-9
ST0295,2024-08-01,2026-03-31,521,2025,2024,608,0.8569,4049,송촌동 송촌먹자골목 공영주차장,36.36558,127.437946,대덕구,송촌동,대전광역시 대덕구 송촌동 458
ST0296,2024-08-01,2026-03-31,536,2021,1905,608,0.8816,3926,법동 그린타운 정류장(104동),36.368002,127.434615,대덕구,법동,대전광역시 대덕구 법동 195-1
ST0297,2024-08-01,2026-03-31,518,1625,1341,608,0.852,2966,송촌동 선비마을 3단지,36.368186,127.440099,대덕구,송촌동,대전광역시 대덕구 송촌동 461-1
ST0298,2024-08-01,2026-03-31,332,599,591,608,0.5461,1190,송촌동 해피존,36.367041,127.438405,대덕구,송촌동,대전광역시 대덕구 송촌동 445-4
ST0299,2024-08-01,2026-03-31,533,3117,3027,608,0.8766,6144,송촌동 동춘당공원,36.364558,127.441046,대덕구,송촌동,대전광역시 대덕구 송촌동 192
ST0300,2024-08-01,2026-03-29,269,656,341,606,0.4439,997,송촌동 선비마을 입구,36.367629,127.436401,대덕구,송촌동,대전광역시 대덕구 송촌동 446-1
ST0301,2024-08-01,2026-03-31,483,1681,1249,608,0.7944,2930,송촌동 송촌소방서,36.362965,127.438949,대덕구,송촌동,대전광역시 대덕구 송촌동 472-7
ST0302,2024-08-01,2026-03-31,566,6449,6403,608,0.9309,12852,중리동 수도시설관리사업소,36.362049,127.435792,대덕구,중리동,대전광역시 대덕구 중리동 505-4
ST0303,2024-08-01,2026-03-31,571,5180,5227,608,0.9391,10407,법동 대전지방국세청 서측,36.372022,127.426834,대덕구,법동,대전광역시 대덕구 법동 282-1
ST0304,2024-08-01,2026-03-31,532,1954,1802,608,0.875,3756,법동 대전지방국세청,36.371901,127.428417,대덕구,법동,대전광역시 대덕구 법동 282-1
ST0305,2024-08-01,2026-03-31,514,1563,1517,608,0.8454,3080,법동 삼정하이츠 정류장(7동),36.373687,127.427946,대덕구,법동,대전광역시 대덕구 법동 281
ST0306,2024-08-01,2026-03-31,520,1904,1952,608,0.8553,3856,신대동 신대노인복지관,36.398428,127.420516,대덕구,신대동,대전광역시 대덕구 신대동 228-5
ST0307,2024-08-01,2026-03-31,515,1430,1404,608,0.847,2834,와동 현대아파트(대덕의원),36.400464,127.422657,대덕구,신대동,대전광역시 대덕구 신대동 179
ST0308,2024-08-01,2026-03-31,432,1102,1098,608,0.7105,2200,상서동 대창아파트 입구,36.425959,127.425862,대덕구,상서동,대전광역시 대덕구 상서동 141
ST0309,2024-08-01,2026-03-31,520,2159,1873,608,0.8553,4032,송촌동  송촌대양 공영주차장 정류장,36.36263,127.438794,대덕구,송촌동,대전광역시 대덕구 송촌동 487-1
ST0310,2024-08-01,2026-03-31,313,652,648,608,0.5148,1300,송촌동 대양어린이공원,36.361713,127.439411,대덕구,송촌동,대전광역시 대덕구 송촌동 488-1
ST0311,2024-08-01,2026-03-30,382,638,628,607,0.6293,1266,신일동 국방신뢰성연구센터 정류장,36.430332,127.412361,대덕구,신일동,대전광역시 대덕구 신일동 62
ST0312,2024-08-09,2026-03-31,323,468,489,600,0.5383,957,신일동 국방신뢰성연구센터 건너편 정류장,36.429973,127.412416,대덕구,신일동,대전광역시 대덕구 신일동 58-2
ST0313,2024-08-01,2026-04-01,572,12393,12455,609,0.9392,24848,유천동 서대전농협 본점 주차장,36.318013,127.395195,중구,유천동,대전광역시 중구 유천동 308-3
ST0314,2024-08-01,2026-03-31,571,9051,9079,608,0.9391,18130,유천동 창제한의원,36.318112,127.396968,중구,유천동,대전광역시 중구 유천동 210-8
ST0315,2024-08-01,2026-04-01,573,8593,8589,609,0.9409,17182,유천동 유천신협 본점,36.318941,127.400488,중구,유천동,대전광역시 중구 유천동 186-5
ST0316,2024-08-01,2026-03-31,572,12249,12301,608,0.9408,24550,유천동 롯데하이마트 (유천점),36.316586,127.391298,중구,유천동,대전광역시 중구 유천동 328-2
ST0317,2024-08-01,2026-03-31,573,14364,14344,608,0.9424,28708,용문동 롯데렌터카,36.332371,127.393726,서구,용문동,대전광역시 서구 용문동 282-7
ST0318,2024-08-01,2026-03-31,568,9543,9604,608,0.9342,19147,가장동 가장교(성은사),36.328455,127.388089,서구,가장동,대전광역시 서구 가장동 31-7
ST0319,2024-08-01,2026-03-31,572,12256,12197,608,0.9408,24453,가장동 들말어린이공원,36.329316,127.382432,서구,가장동,대전광역시 서구 가장동 405
ST0320,2024-08-01,2026-04-01,574,29242,29413,609,0.9425,58655,태평동 삼부프라자,36.322955,127.393553,중구,태평동,대전광역시 중구 태평동 395-1
ST0321,2024-08-01,2026-03-31,572,13601,13658,608,0.9408,27259,유천동 태평초등학교,36.321413,127.393986,중구,유천동,대전광역시 중구 유천동 322-1
ST0322,2024-08-01,2026-03-31,573,24674,24977,608,0.9424,49651,태평동 버드내초등학교,36.319709,127.39242,중구,태평동,대전광역시 중구 태평동 551
ST0323,2024-08-01,2026-04-01,573,17007,17166,609,0.9409,34173,변동 변동네거리(복음천하교회),36.324294,127.378474,서구,변동,대전광역시 서구 변동 60-2
ST0324,2024-08-01,2025-04-16,253,2185,2198,259,0.9768,4383,도마동 서대전중앙교회,36.314566,127.379227,서구,도마동,도마동 145-11
ST0325,2024-08-01,2026-03-31,571,7937,7959,608,0.9391,15896,도마네거리 하나은행,36.3133,127.379728,서구,도마동,대전광역시 서구 도마동 172-15
ST0326,2024-08-01,2026-03-31,570,13448,13463,608,0.9375,26911,전민동 엑스포아파트 4단지 건너편,36.396622,127.404678,유성구,전민동,대전광역시 유성구 전민동 390-4
ST0327,2024-08-01,2026-04-01,573,16973,17115,609,0.9409,34088,전민동 엑스포아파트 4단지(407동),36.396112,127.405244,유성구,전민동,대전광역시 유성구 전민동 464-1
ST0328,2024-08-01,2026-03-31,570,18133,18172,608,0.9375,36305,문지동 민마루근린공원 ,36.392284,127.407027,유성구,문지동,대전광역시 유성구 문지동 673
ST0329,2024-08-01,2026-03-31,572,16449,16523,608,0.9408,32972,전민동 행정복지센터 건너편,36.399515,127.401644,유성구,전민동,대전광역시 유성구 전민동 304-4
ST0330,2024-08-01,2026-03-31,563,4895,4714,608,0.926,9609,죽동 충남대학교 서문 건너편(궁동교 방면) 정류장,36.370704,127.340116,유성구,죽동,대전광역시 유성구 죽동 725-7
ST0331,2024-08-01,2026-04-01,566,5177,5179,609,0.9294,10356,노은동 월드컵경기장역 3번출구,36.367194,127.317463,유성구,노은동,대전광역시 유성구 노은동 517-3
ST0332,2024-08-01,2026-03-31,564,4905,4812,608,0.9276,9717,노은1동 행정복지센터,36.368054,127.318101,유성구,노은동,대전광역시 유성구 노은동 546
ST0333,2024-08-01,2026-03-31,572,17499,17440,608,0.9408,34939,지족동 노은역 3번출구,36.374293,127.318069,유성구,지족동,대전광역시 유성구 지족동 901-5
ST0334,2024-08-01,2026-03-31,525,2294,2286,608,0.8635,4580,노은동 피자헛,36.372077,127.317515,유성구,노은동,대전광역시 유성구 노은동 491-1
ST0335,2024-08-01,2026-03-31,550,3336,3135,608,0.9046,6471,지족동 노은역 1번출구,36.373263,127.317652,유성구,지족동,대전광역시 유성구 지족동 894-2
ST0336,2024-08-01,2026-03-31,543,2303,2211,608,0.8931,4514,지족동 열매마을 1단지(지족초등학교),36.379263,127.317653,유성구,지족동,대전광역시 유성구 지족동 852
ST0337,2024-08-01,2026-03-31,559,3283,3255,608,0.9194,6538,신봉동 자운대아파트 78단지 정문,36.41289,127.342402,유성구,신봉동,대전광역시 유성구 신봉동 13-7
ST0338,2024-08-01,2026-03-31,571,9152,9162,608,0.9391,18314,상대동 아이파크시티 1단지 107동,36.338115,127.332058,유성구,상대동,대전광역시 유성구 상대동 383-4
ST0339,2024-08-01,2026-03-31,562,3599,3601,608,0.9243,7200,원신흥동 새마을금고 원신흥지점,36.334575,127.337939,유성구,원신흥동,대전광역시 유성구 원신흥동 575-7
ST0340,2024-08-01,2026-03-31,562,3564,3579,608,0.9243,7143,대동 대전지식산업센터 건너편,36.32859,127.443672,동구,대동,대전광역시 동구 대동 549
ST0341,2024-08-01,2026-03-31,571,9307,9325,608,0.9391,18632,대동 새들뫼 1단지 입구(104동),36.3285,127.441287,동구,대동,대전광역시 동구 대동 527
ST0342,2024-08-01,2026-03-31,551,2818,2772,608,0.9062,5590,신안동 블루부코,36.329697,127.439284,동구,신안동,대전광역시 동구 신안동 249-41
ST0343,2024-08-01,2026-03-31,435,1357,1358,608,0.7155,2715,소제동 우송중학교 입구,36.335685,127.442644,동구,소제동,대전광역시 동구 소제동 305-792
ST0344,2024-08-01,2026-03-31,338,662,594,608,0.5559,1256,가양동 우송대학교 서캠퍼스 사회복지융합관 건너편,36.33666,127.443003,동구,가양동,대전광역시 동구 가양동 360-5
ST0346,2024-08-01,2026-03-31,432,986,970,608,0.7105,1956,갈마동 큰마을아파트 112동 건너편,36.34386,127.374519,서구,갈마동,대전광역시 서구 갈마동 1214
ST0347,2024-08-01,2026-03-31,572,10558,10329,608,0.9408,20887,상대동 목련아파트 2단지 입구,36.348281,127.331552,유성구,상대동,대전광역시 유성구 상대동 444-1
ST0348,2024-08-01,2026-03-31,572,8868,8786,608,0.9408,17654,부사동 부사동매표소,36.312285,127.436254,중구,부사동,대전광역시 중구 부사동 154-4
ST0349,2024-08-01,2026-03-31,565,3890,3792,608,0.9293,7682,석교동 남대전등기소 (대전지방법원),36.310285,127.440278,중구,석교동,대전광역시 중구 석교동 8-10
ST0350,2024-12-26,2025-10-23,5,7,7,302,0.0166,14,석교동 석교초등학교 건너편,36.307878,127.44508,중구,석교동,석교동 97-8
ST0351,2024-08-01,2026-04-01,572,6788,6820,609,0.9392,13608,석교동 스마일약국,36.306301,127.447838,중구,석교동,대전광역시 중구 석교동 87-3
ST0352,2024-08-01,2026-03-31,556,2919,2921,608,0.9145,5840,대흥동 성모초등학교 입구 정류장,36.323238,127.418227,중구,대흥동,대전광역시 중구 대흥동 525-5
ST0353,2024-08-01,2026-03-31,562,5010,5046,608,0.9243,10056,대흥동 중구청 정문,36.325455,127.422024,중구,대흥동,대전광역시 중구 대흥동 499-1
ST0354,2024-08-01,2026-03-31,570,4999,4999,608,0.9375,9998,대흥동 대전성모병원 교수회관,36.32365,127.419397,중구,대흥동,대전광역시 중구 대흥동 524-1
ST0355,2024-08-01,2026-03-31,570,7451,7436,608,0.9375,14887,대흥동 대흥네거리 DS평생교육원,36.32479,127.429245,중구,대흥동,대전광역시 중구 대흥동 161-8
ST0356,2024-08-01,2026-03-31,570,7262,7194,608,0.9375,14456,선화동 중촌네거리 선화동 방면,36.336832,127.416692,중구,선화동,대전광역시 중구 선화동 104-4
ST0357,2024-08-01,2026-03-31,571,12921,12994,608,0.9391,25915,삼성동 대전축산농협,36.340669,127.421506,동구,삼성동,대전광역시 동구 삼성동 363-4
ST0358,2024-08-01,2026-03-31,567,4926,4867,608,0.9326,9793,선화동 현대아파트(102동),36.332763,127.418845,중구,선화동,대전광역시 중구 선화동 151-1
ST0359,2024-08-01,2026-03-31,571,8885,8916,608,0.9391,17801,선화동 김영근성형외과,36.335728,127.41689,중구,선화동,대전광역시 중구 선화동 161-1
ST0360,2024-08-01,2026-03-31,532,3658,3169,608,0.875,6827,선화동 금강회관,36.334306,127.420776,중구,선화동,대전광역시 중구 선화동 73-5
ST0361,2024-08-01,2026-03-31,571,9337,9159,608,0.9391,18496,선화동 선화파출소,36.334412,127.421616,중구,선화동,대전광역시 중구 선화동 78-9
ST0362,2024-08-01,2026-03-31,568,13045,13031,608,0.9342,26076,둔산동 현대해상,36.352974,127.382773,서구,둔산동,대전광역시 서구 둔산동 1309
ST0363,2024-08-01,2026-03-31,567,9948,9940,608,0.9326,19888,둔산동 을지대학병원,36.355597,127.382751,서구,둔산동,대전광역시 서구 둔산동 1306
ST0364,2024-08-01,2026-03-31,509,3137,3064,608,0.8372,6201,둔산동 대전경찰청,36.353848,127.385255,서구,둔산동,대전광역시 서구 둔산동 1399
ST0365,2024-08-01,2026-03-31,540,3673,3605,608,0.8882,7278,둔산동 시교육청옆 환승지 ,36.352524,127.384431,서구,둔산동,대전광역시 서구 둔산동 1294
ST0366,2024-08-01,2026-03-31,540,5739,5743,608,0.8882,11482,궁동 충남대학교 약학대학,36.368553,127.343705,유성구,궁동,대전광역시 유성구 궁동 220
ST0367,2024-08-01,2026-03-31,505,2131,2099,608,0.8306,4230,궁동 충남대학교 생명시스템과학대학,36.375907,127.343327,유성구,궁동,대전광역시 유성구 궁동 220
ST0368,2024-08-01,2026-03-31,508,4170,4162,608,0.8355,8332,궁동 충남대학교 인문대학,36.368768,127.341742,유성구,궁동,대전광역시 유성구 궁동 220
ST0369,2024-08-01,2026-03-31,485,2558,2460,608,0.7977,5018,어은동 충남대학교 상록회관 입구,36.369338,127.351133,유성구,어은동,대전광역시 유성구 어은동 216
ST0370,2024-08-02,2026-03-30,74,91,92,606,0.1221,183,덕명동 한밭대학교 그린에너지관,36.3546,127.302752,유성구,덕명동,대전광역시 유성구 덕명동 16-1
ST0371,2024-08-01,2026-03-30,234,381,377,607,0.3855,758,덕명동 한밭대학교 학생생활관 목련화동,36.345701,127.304726,유성구,덕명동,대전광역시 유성구 덕명동 16-1
ST0372,2024-08-03,2026-04-01,285,733,472,607,0.4695,1205,덕명동 한밭대학교 건설공학관 입구,36.348598,127.301244,유성구,덕명동,대전광역시 유성구 덕명동 16-1
ST0373,2024-08-01,2026-04-01,573,61008,61219,609,0.9409,122227,구성동 카이스트 서쪽 쪽문,36.364171,127.358968,유성구,구성동,대전광역시 유성구 구성동 23
ST0374,2024-08-01,2026-04-01,573,26219,26208,609,0.9409,52427,구성동 카이스트 다솜관,36.367903,127.356948,유성구,구성동,대전광역시 유성구 구성동 23
ST0375,2024-08-01,2026-03-31,571,40486,40906,608,0.9391,81392,구성동 카이스트 창의학습관,36.370596,127.362976,유성구,구성동,대전광역시 유성구 구성동 23
ST0376,2024-08-01,2026-04-01,574,22827,22842,609,0.9425,45669,구성동 카이스트 세종관,36.370768,127.366645,유성구,구성동,대전광역시 유성구 구성동 23
ST0377,2024-08-01,2026-03-31,571,18586,18203,608,0.9391,36789,구성동 카이스트 정문,36.36617,127.363896,유성구,구성동,대전광역시 유성구 구성동 23
ST0378,2024-08-01,2026-03-31,568,5574,5590,608,0.9342,11164,지족동 열매마을 4단지 408동 정문 앞,36.378368,127.316853,유성구,지족동,대전광역시 유성구 지족동 858
ST0379,2024-08-01,2026-03-31,567,9837,9803,608,0.9326,19640,둔산동 캐피탈 타워,36.35787,127.387888,서구,둔산동,대전광역시 서구 둔산동 922
ST0380,2024-08-01,2024-08-27,27,353,356,27,1.0,709,둔산동 사학연금회관,36.357874,127.389259,서구,둔산동,둔산동 929
ST0381,2024-08-01,2026-03-31,571,6662,6589,608,0.9391,13251,둔산동 둥지아파트 정류장(110동),36.357854,127.391305,서구,둔산동,대전광역시 서구 둔산동 912
ST0382,2024-08-01,2026-03-31,572,9073,9054,608,0.9408,18127,둔산동 가람아파트(3동),36.357489,127.396172,서구,둔산동,대전광역시 서구 둔산동 1805
ST0383,2024-08-01,2026-04-01,573,13869,13374,609,0.9409,27243,둔산동 수정타운아파트(13동)(37),36.357848,127.397684,서구,둔산동,대전광역시 서구 둔산동 909
ST0384,2024-08-01,2026-03-31,543,10319,9970,608,0.8931,20289,둔산동 대전시청(북문),36.351112,127.384806,서구,둔산동,대전광역시 서구 둔산동 1420
ST0385,2024-08-01,2026-04-01,574,26936,26967,609,0.9425,53903,둔산동 현대아이텔(시청역 6번출구),36.351441,127.388311,서구,둔산동,대전광역시 서구 둔산동 1455
ST0386,2024-08-01,2026-04-01,574,12095,11985,609,0.9425,24080,둔산동 오페라웨딩홀 건너편,36.348453,127.382779,서구,둔산동,대전광역시 서구 둔산동 1255
ST0387,2024-08-01,2026-03-31,558,4572,4531,608,0.9178,9103,둔산동 대전광역시의회 서편,36.349892,127.383207,서구,둔산동,대전광역시 서구 둔산동 1420
ST0388,2024-08-01,2026-03-31,567,6568,6587,608,0.9326,13155,탄방동 한국농어촌공사,36.347203,127.390015,서구,탄방동,대전광역시 서구 탄방동 1446
ST0389,2024-08-01,2026-03-31,571,8930,8620,608,0.9391,17550,탄방동 탄방역 4번출구(대전종합고용지원센터),36.346408,127.385243,서구,탄방동,대전광역시 서구 탄방동 659
ST0390,2024-08-01,2026-03-31,567,7122,7130,608,0.9326,14252,탄방동 국민연금서대전지사 정류장(탄방역 방면),36.346224,127.382461,서구,탄방동,대전광역시 서구 탄방동 1447-1
ST0391,2024-08-01,2026-03-31,563,5550,5533,608,0.926,11083,둔산동 현대자동차블루핸즈 둔산동부점,36.345914,127.381544,서구,둔산동,대전광역시 서구 둔산동 1241
ST0392,2024-08-01,2026-03-31,572,18982,19049,608,0.9408,38031,탄방동 한가람네거리 삼성디지털프라자,36.346524,127.389871,서구,탄방동,대전광역시 서구 탄방동 792
ST0393,2024-08-01,2026-03-31,572,18721,18783,608,0.9408,37504,탄방동 한가람아파트,36.346847,127.393365,서구,탄방동,대전광역시 서구 탄방동 835
ST0394,2024-08-01,2026-03-31,572,11347,11515,608,0.9408,22862,탄방동 공작한양아파트 11동,36.348175,127.395097,서구,탄방동,대전광역시 서구 탄방동 1447
ST0395,2024-08-01,2026-03-31,573,13865,13907,608,0.9424,27772,둔산동 국화아파트(501동),36.353971,127.395465,서구,둔산동,대전광역시 서구 둔산동 1809
ST0396,2024-08-01,2026-03-31,570,11092,11140,608,0.9375,22232,목동더샵리슈빌 정문,36.333444,127.41473,중구,목동,대전광역시 중구 목동 1-95
ST0397,2024-08-01,2026-03-31,568,6172,6137,608,0.9342,12309,목동더샵리슈빌 남측,36.331896,127.415147,중구,목동,대전광역시 중구 목동 1-95
ST0398,2024-08-01,2026-03-31,572,17448,17418,608,0.9408,34866,도룡동 엑스포과학공원,36.377591,127.37912,유성구,도룡동,대전광역시 유성구 도룡동 3-1
ST0399,2024-08-01,2026-03-31,524,2376,2114,608,0.8618,4490,가정동 전자통신연구원,36.384161,127.36665,유성구,가정동,대전광역시 유성구 가정동 180
ST0400,2024-08-01,2026-03-31,532,3547,2278,608,0.875,5825,장동 대덕대학교,36.390204,127.362603,대덕구,장동,대전광역시 대덕구 장동 48
ST0401,2024-08-01,2026-04-01,554,7843,7888,609,0.9097,15731,죽동 대원칸타빌,36.369165,127.333954,유성구,죽동,대전광역시 유성구 죽동 683
ST0403,2024-08-01,2026-03-31,571,9085,9097,608,0.9391,18182,장대동 온천2동 행정복지센터,36.364921,127.333596,유성구,장대동,대전광역시 유성구 장대동 40-2
ST0404,2024-08-01,2026-03-31,570,15289,15225,608,0.9375,30514,봉명동 한진오피스텔,36.357899,127.342711,유성구,봉명동,대전광역시 유성구 봉명동 607-3
ST0405,2024-08-01,2026-03-31,513,1756,1740,608,0.8438,3496,구암동 현충원역 3번출구,36.359578,127.320842,유성구,구암동,대전광역시 유성구 구암동 424-88
ST0406,2024-08-01,2026-03-31,572,43962,43849,608,0.9408,87811,봉명동 홈플러스 유성점,36.359421,127.354083,유성구,봉명동,대전광역시 유성구 봉명동 669
ST0407,2024-08-01,2026-04-01,572,42333,42380,609,0.9392,84713,둔산동 하이마트,36.35547,127.379202,서구,둔산동,대전광역시 서구 둔산동 962
ST0408,2024-08-01,2026-03-31,572,38603,38614,608,0.9408,77217,오류동 서대전역,36.322134,127.404813,중구,오류동,대전광역시 중구 오류동 170-1
ST0409,2024-08-01,2026-03-31,572,12779,12830,608,0.9408,25609,오류동 서대전역 삼성스토어 앞,36.320736,127.405943,중구,오류동,대전광역시 중구 오류동 168-7
ST0410,2024-08-01,2026-03-31,572,18016,17865,608,0.9408,35881,오류동 서대전네거리역 3번출구,36.322278,127.411375,중구,오류동,대전광역시 중구 오류동 152-1
ST0411,2024-08-01,2026-04-01,573,9522,9590,609,0.9409,19112,중촌동 중촌초등학교 건너편,36.340623,127.410669,중구,촌동,대전광역시 중구 촌동 88
ST0412,2024-08-01,2026-03-31,570,56116,56101,608,0.9375,112217,도룡동 무역전시관입구(미래에너지움 앞),36.374363,127.387482,유성구,도룡동,대전광역시 유성구 도룡동 3-1
ST0413,2024-08-01,2026-03-31,570,21846,20988,608,0.9375,42834,도룡동 대전컨벤션센터,36.374451,127.392019,유성구,도룡동,대전광역시 유성구 도룡동 4-19
ST0414,2024-08-01,2026-03-31,567,6689,6446,608,0.9326,13135,도룡동 스마트시티(201동),36.37789,127.390647,유성구,도룡동,대전광역시 유성구 도룡동 4-6
ST0415,2024-08-01,2026-04-01,573,39758,39814,609,0.9409,79572,월평동 선사유적지공용주차장,36.361898,127.379217,서구,월평동,대전광역시 서구 월평동 243
ST0416,2024-08-01,2026-03-31,572,17133,17080,608,0.9408,34213,월평동 무지개아파트,36.357919,127.377163,서구,월평동,대전광역시 서구 월평동 298
ST0417,2024-08-01,2026-03-31,562,4390,4274,608,0.9243,8664,원신흥동 도로교통공단(건너편 라도무스),36.33258,127.333181,유성구,원신흥동,대전광역시 유성구 원신흥동 578-6
ST0418,2024-08-01,2026-04-01,558,4254,3962,609,0.9163,8216,용계동 목원대학교 입구,36.331655,127.337968,유성구,용계동,대전광역시 유성구 용계동 664-9
ST0419,2024-08-01,2026-03-31,571,10126,10165,608,0.9391,20291,원신흥동 양우내안애,36.343808,127.347395,유성구,원신흥동,대전광역시 유성구 원신흥동 485
ST0420,2024-08-01,2026-03-31,570,7017,7021,608,0.9375,14038,봉명동 도안휴먼시아 6단지,36.345581,127.340663,유성구,봉명동,대전광역시 유성구 봉명동 1047-1
ST0421,2024-08-01,2026-03-31,538,2351,2323,608,0.8849,4674,봉명동 도안센트롤시티,36.34879,127.344508,유성구,봉명동,대전광역시 유성구 봉명동 1022
ST0422,2024-08-01,2026-03-31,495,1987,1919,608,0.8141,3906,신탄진동 용정초등학교,36.454095,127.436957,대덕구,신탄진동,대전광역시 대덕구 신탄진동 55
ST0423,2024-08-01,2026-03-31,396,1215,1210,608,0.6513,2425,삼정동 삼정삼거리,36.449595,127.456612,대덕구,삼정동,대전광역시 대덕구 삼정동 27-4
ST0424,2024-08-01,2026-03-31,556,4510,4460,608,0.9145,8970,선화동 대전평생교육진흥원 본관,36.327708,127.419157,중구,선화동,대전광역시 중구 선화동 287-2
ST0425,2024-08-01,2026-04-01,572,17399,17477,609,0.9392,34876,둔산동 둥지아파트(107동),36.3588,127.390439,서구,둔산동,대전광역시 서구 둔산동 1518
ST0426,2024-08-01,2026-04-01,573,49802,49874,609,0.9409,99676,둔산동 샘머리아파트(209동),36.36104,127.390447,서구,둔산동,대전광역시 서구 둔산동 1518
ST0427,2024-08-01,2026-03-31,570,5756,5744,608,0.9375,11500,탄방동 남선공원 명성디자인기획,36.347244,127.397577,서구,탄방동,대전광역시 서구 탄방동 1152
ST0428,2024-08-01,2026-03-31,572,8940,8981,608,0.9408,17921,탄방동 1333 ,36.347382,127.400373,서구,탄방동,대전광역시 서구 탄방동 30
ST0430,2024-08-01,2025-07-15,342,5436,5477,349,0.9799,10913,둔산동 국화한신아파트 건너편(메가커피),36.351103,127.397032,서구,둔산동,둔산동 1818
ST0431,2024-08-01,2026-03-31,569,13246,13362,608,0.9359,26608,맘스터치 대전둔산점,36.350134,127.390006,서구,둔산동,대전광역시 서구 둔산동 1499
ST0432,2024-08-01,2026-03-31,572,22239,22304,608,0.9408,44543,둔산동 샘머리아파트(107동),36.364294,127.390451,서구,둔산동,대전광역시 서구 둔산동 1518
ST0433,2024-08-01,2026-03-31,572,18654,18673,608,0.9408,37327,둔산동 하이투자증권,36.352483,127.390068,서구,둔산동,대전광역시 서구 둔산동 1506
ST0434,2024-08-01,2026-03-31,572,13151,13153,608,0.9408,26304,둔산동 호텔 그레이톤 둔산,36.352873,127.386924,서구,둔산동,대전광역시 서구 둔산동 1403
ST0435,2024-08-01,2026-03-31,569,7754,7606,608,0.9359,15360,둔산동 더캐피탈웨딩,36.358252,127.386982,서구,둔산동,대전광역시 서구 둔산동 921
ST0436,2024-12-07,2026-03-31,420,3928,3953,480,0.875,7881,둔산동 한국생산성본부,36.358859,127.386586,서구,둔산동,대전광역시 서구 둔산동 930
ST0437,2024-08-01,2026-03-31,555,4900,4892,608,0.9128,9792,둔산동 대전가정법원 입구,36.352751,127.386565,서구,둔산동,대전광역시 서구 둔산동 1474
ST0438,2024-08-01,2026-03-31,563,6202,6167,608,0.926,12369,둔산동 시청역 1번출구,36.350719,127.38654,서구,둔산동,대전광역시 서구 둔산동 1420
ST0439,2024-08-01,2026-03-31,571,10400,10442,608,0.9391,20842,둔산동 시청역 6번출구,36.351423,127.387039,서구,둔산동,대전광역시 서구 둔산동 1548
ST0440,2024-08-01,2026-03-31,567,7281,7293,608,0.9326,14574,둔산동 시청역 4번출구,36.35152,127.386521,서구,둔산동,대전광역시 서구 둔산동 1408-1
ST0442,2024-08-01,2026-03-31,572,33614,33786,608,0.9408,67400,둔산동 수정타운아파트 상가,36.359179,127.395393,서구,둔산동,대전광역시 서구 둔산동 909
ST0443,2024-08-01,2026-03-31,569,8972,8929,608,0.9359,17901,둔산동 2116 공원,36.349157,127.398659,서구,둔산동,대전광역시 서구 둔산동 2116
ST0444,2024-08-01,2026-04-01,573,14148,14166,609,0.9409,28314,월평동 둔산테크노(월평주공3단지 뒤편),36.364732,127.374154,서구,월평동,대전광역시 서구 월평동 1501
ST0445,2024-08-01,2026-03-31,572,31006,31022,608,0.9408,62028,월평동 황실타운 상가,36.359912,127.37186,서구,월평동,대전광역시 서구 월평동 302
ST0446,2024-08-01,2026-03-31,568,42898,42921,608,0.9342,85819,월평동 미래빌딩,36.360274,127.376789,서구,월평동,대전광역시 서구 월평동 271
ST0447,2024-08-01,2026-04-01,572,28376,28423,609,0.9392,56799,만년동 갑천네거리,36.365411,127.370159,서구,만년동,대전광역시 서구 만년동 403
ST0448,2024-08-01,2026-03-31,571,12802,12817,608,0.9391,25619,서구 만년동 10(만년고 뒤편),36.367263,127.372333,서구,만년동,대전광역시 서구 만년동 10
ST0449,2024-08-01,2026-03-31,572,30295,30288,608,0.9408,60583,만년동 초원아파트105동 육교 밑,36.368247,127.379332,서구,만년동,대전광역시 서구 만년동 401
ST0451,2024-08-01,2026-03-31,561,5707,5714,608,0.9227,11421,만년동 크리스탈웨딩홀,36.369263,127.381303,서구,만년동,대전광역시 서구 만년동 305
ST0452,2024-08-01,2026-03-31,566,5773,5770,608,0.9309,11543,만년동 빽다방,36.368537,127.38252,서구,만년동,대전광역시 서구 만년동 390
ST0453,2024-08-01,2026-03-31,572,17406,17436,608,0.9408,34842,만년동 엑스포오피스텔,36.367285,127.382452,서구,만년동,대전광역시 서구 만년동 384
ST0454,2024-08-01,2026-03-31,566,6153,6160,608,0.9309,12313,만년동 수정빌딩 주차타워,36.366118,127.382011,서구,만년동,대전광역시 서구 만년동 25
ST0455,2024-08-01,2026-03-31,572,15569,15614,608,0.9408,31183,만년동 왕가한정식,36.365834,127.381235,서구,만년동,대전광역시 서구 만년동 361
ST0456,2024-08-01,2026-03-31,571,20745,20786,608,0.9391,41531,둔산동 둔산경찰서(대덕대로),36.358615,127.37973,서구,둔산동,대전광역시 서구 둔산동 943
ST0457,2024-08-01,2026-04-01,541,2871,2912,609,0.8883,5783,중촌동 115-5번지(대전천서로),36.339488,127.414118,중구,중촌동,대전광역시 중구 중촌동 387-1
ST0459,2024-08-01,2026-03-31,568,7260,7319,608,0.9342,14579,목동 올리브힐 정문,36.336824,127.406181,중구,목동,대전광역시 중구 목동 362
ST0461,2024-08-01,2026-03-31,572,9758,9821,608,0.9408,19579,탄방동 공영주차장,36.345683,127.399695,서구,탄방동,대전광역시 서구 탄방동 1380
ST0462,2024-08-01,2026-03-31,572,12069,12114,608,0.9408,24183,봉명동 투유아파트 1차,36.355621,127.351854,유성구,봉명동,대전광역시 유성구 봉명동 693
ST0463,2024-08-01,2026-03-31,572,13731,13786,608,0.9408,27517,가수원동 도미노피자 대전도안점,36.307266,127.352055,서구,가수원동,대전광역시 서구 가수원동 229-5
ST0464,2024-08-01,2026-03-31,572,21360,21404,608,0.9408,42764,가수원동 올리브영 대전가수원점,36.304983,127.351179,서구,가수원동,대전광역시 서구 가수원동 446-25
ST0465,2024-08-01,2026-03-31,569,13785,13815,608,0.9359,27600,도안동 엠케이빌딩,36.304612,127.349871,서구,가수원동,대전광역시 서구 가수원동 1050
ST0466,2024-08-01,2026-04-01,573,22146,22152,609,0.9409,44298,둔산동 SK브로드밴드,36.351133,127.380637,서구,둔산동,대전광역시 서구 둔산동 1539
ST0467,2024-08-01,2026-03-31,568,6529,6543,608,0.9342,13072,둔산동 녹원아파트(106동),36.348739,127.380121,서구,둔산동,대전광역시 서구 둔산동 1538
ST0468,2024-08-01,2026-03-31,422,995,995,608,0.6941,1990,덕명동 S-OIL 건너편,36.347763,127.299878,유성구,덕명동,대전광역시 유성구 덕명동 597-14
ST0469,2024-08-01,2026-03-31,535,1545,1584,608,0.8799,3129,신탄진동 성하타운,36.441003,127.430795,대덕구,신탄진동,대전광역시 대덕구 신탄진동 248-5
ST0470,2024-08-01,2026-03-31,560,5522,5559,608,0.9211,11081,석봉동 신탄진초등학교 뒤편,36.449555,127.421339,대덕구,석봉동,대전광역시 대덕구 석봉동 308-7
ST0471,2024-08-01,2026-03-31,564,4291,4362,608,0.9276,8653,석봉동 석봉어린이공원,36.449405,127.427514,대덕구,석봉동,대전광역시 대덕구 석봉동 718-2
ST0472,2024-08-01,2026-03-31,526,1999,1969,608,0.8651,3968,도룡동 LG대전어린이집,36.385872,127.376789,유성구,도룡동,대전광역시 유성구 도룡동 386-1
ST0473,2024-08-07,2026-03-31,467,977,929,602,0.7757,1906,자운동 농부의갈비,36.39545,127.35205,유성구,자운동,대전광역시 유성구 자운동 572
ST0474,2024-08-01,2026-04-01,555,3177,3136,609,0.9113,6313,관저동 구봉마을 9단지(904동),36.296097,127.33144,서구,관저동,대전광역시 서구 관저동 1155
ST0475,2024-08-01,2026-03-31,531,1677,1672,608,0.8734,3349,관저동 구봉마을 8단지(805동),36.296389,127.3314,서구,관저동,대전광역시 서구 관저동 1148
ST0477,2024-08-01,2026-03-31,419,899,900,608,0.6891,1799,대화동 대전병원(GS25),36.362747,127.417977,대덕구,오정동,대전광역시 대덕구 오정동 10-102
ST0478,2024-08-01,2026-03-31,543,2294,2316,608,0.8931,4610,대화동 두리웨딩홀,36.367275,127.419301,대덕구,대화동,대전광역시 대덕구 대화동 16-12
ST0479,2024-08-01,2026-03-30,454,874,878,607,0.7479,1752,대화동 만민어린이집,36.367763,127.416405,대덕구,대화동,대전광역시 대덕구 대화동 37-1
ST0480,2024-08-01,2026-03-31,538,2038,2031,608,0.8849,4069,대화동 오광무지개아파트 3가,36.36456,127.410347,대덕구,대화동,대전광역시 대덕구 대화동 251-5(국)
ST0481,2024-08-03,2026-03-31,369,591,596,606,0.6089,1187,대화동 대화아파트 건너편,36.367919,127.41413,대덕구,대화동,대전광역시 대덕구 대화동 38-39
ST0482,2024-08-01,2026-03-31,572,32913,32973,608,0.9408,65886,구암동 구암역 3번출구,36.356438,127.331084,유성구,구암동,대전광역시 유성구 구암동 96-3
ST0484,2024-08-01,2026-03-31,552,2718,2724,608,0.9079,5442,장대동 장대노인회관,36.359474,127.333415,유성구,장대동,대전광역시 유성구 장대동 269-11
ST0485,2024-08-01,2026-03-31,571,8920,8943,608,0.9391,17863,장대동 동자산어린이공원,36.360427,127.333694,유성구,장대동,대전광역시 유성구 장대동 481
ST0486,2024-08-01,2026-03-31,568,4171,4186,608,0.9342,8357,장대동 공영주차장,36.359612,127.331944,유성구,장대동,대전광역시 유성구 장대동 263-4
ST0487,2024-08-01,2026-04-01,574,22734,22852,609,0.9425,45586,장대동 장대공원 내 놀이터 옆,36.358342,127.337592,유성구,장대동,대전광역시 유성구 장대동 283-5
ST0488,2024-08-01,2026-03-31,565,4111,4119,608,0.9293,8230,장대동 장대경로당,36.358896,127.335469,유성구,장대동,대전광역시 유성구 장대동 279-4
ST0489,2024-08-01,2026-03-31,564,3902,3893,608,0.9276,7795,문화동 한밭우성아파트 입구 ,36.312498,127.408487,중구,문화동,대전광역시 중구 문화동 141
ST0490,2025-03-04,2025-03-05,2,3,0,2,1.0,3,문화동 천근어린이공원,36.311091,127.402304,중구,문화동,문화동 458-14
ST0491,2024-08-01,2026-03-31,572,9205,9220,608,0.9408,18425,산성동 행정복지센터 건너편,36.305333,127.386631,중구,산성동,대전광역시 중구 산성동 281-1
ST0492,2024-08-01,2026-03-31,539,2111,2124,608,0.8865,4235,산성동 원대어린이공원,36.30551,127.385061,중구,산성동,대전광역시 중구 산성동 118-7
ST0493,2024-08-01,2026-03-31,563,4735,4749,608,0.926,9484,산성동 한밭가든아파트 입구,36.304591,127.384397,중구,산성동,대전광역시 중구 산성동 119-1
ST0494,2024-08-01,2026-03-31,571,9279,9331,608,0.9391,18610,산성동 한밭가든아파트(103동),36.306554,127.38408,중구,산성동,대전광역시 중구 산성동 119-1
ST0495,2024-08-01,2026-03-31,517,1634,1626,608,0.8503,3260,산성동 산성네거리 김밥친구 건너편,36.302865,127.386362,중구,산성동,대전광역시 중구 산성동 산10
ST0496,2024-08-01,2026-03-31,570,6175,6192,608,0.9375,12367,산성동 산성네거리 김밥친구,36.30307,127.386083,중구,산성동,대전광역시 중구 산성동 125-6
ST0497,2024-08-01,2026-03-31,394,1915,1925,608,0.648,3840,산성동 멋티어린이공원,36.303802,127.384062,중구,산성동,대전광역시 중구 산성동 122-14
ST0498,2024-08-01,2026-03-31,512,1424,1429,608,0.8421,2853,산성동 으뜸마을,36.301882,127.388819,중구,산성동,대전광역시 중구 산성동 276-10
ST0499,2024-08-01,2026-03-31,535,1487,1481,608,0.8799,2968,산성동 도림빌라,36.301836,127.387322,중구,산성동,대전광역시 중구 산성동 274-13
ST0500,2024-08-01,2026-03-31,547,2138,2150,608,0.8997,4288,안영동 제3노외 주차장 공원,36.290177,127.379514,중구,안영동,대전광역시 중구 안영동 664
ST0501,2024-08-01,2026-03-31,567,5388,5422,608,0.9326,10810,사정동 성산마을110동(김밥친구),36.295702,127.383293,중구,사정동,대전광역시 중구 사정동 487
ST0502,2024-08-02,2026-03-29,175,208,203,605,0.2893,411,사정동 한솔빌라,36.294339,127.38943,중구,사정동,대전광역시 중구 사정동 605
ST0503,2024-08-01,2026-03-31,560,4395,4409,608,0.9211,8804,산성동 산성주민복지관,36.304326,127.383535,중구,산성동,대전광역시 중구 산성동 120-4
ST0504,2024-08-01,2025-08-08,368,8671,8684,373,0.9866,17355,문화동 삼성푸른아파트(103동),36.308124,127.397415,중구,문화동,대전광역시 중구 문화동 789
ST0505,2024-08-01,2026-03-31,572,17138,17268,608,0.9408,34406,문화동 주공3단지아파트(302동),36.310234,127.399399,중구,문화동,대전광역시 중구 문화동 757
ST0506,2024-08-01,2026-03-31,556,3877,3825,608,0.9145,7702,문화동 센트럴파크(105동),36.316231,127.407328,중구,문화동,대전광역시 중구 문화동 284-166
ST0507,2024-08-01,2026-03-31,569,8509,8524,608,0.9359,17033,문화동 훼미리맨션(A동),36.317554,127.406964,중구,문화동,대전광역시 중구 문화동 311-60
ST0508,2024-08-01,2026-03-31,567,5574,5576,608,0.9326,11150,문화동 삼익아파트 건너편(3동),36.319427,127.406166,중구,문화동,대전광역시 중구 문화동 311-12
ST0509,2024-08-01,2026-03-31,571,9782,9795,608,0.9391,19577,문화동 세이백화점,36.321189,127.408707,중구,문화동,대전광역시 중구 문화동 1-16
ST0511,2024-08-01,2026-03-31,572,17092,17115,608,0.9408,34207,오류동 서대전네거리역 4번출구,36.322718,127.411924,중구,오류동,대전광역시 중구 오류동 195
ST0512,2024-08-01,2026-03-31,568,4618,4634,608,0.9342,9252,용두동 서대전네거리역 5번출구,36.322967,127.41213,중구,용두동,대전광역시 중구 용두동 155
ST0513,2024-08-01,2026-03-31,527,2746,2739,608,0.8668,5485,문화동 서대전네거리역7번출구,36.322234,127.413078,중구,문화동,대전광역시 중구 문화동 1-18
ST0514,2024-08-01,2026-03-31,570,6015,6014,608,0.9375,12029,문화동 센트럴파크아파트 3단지(302동),36.318144,127.41185,중구,문화동,대전광역시 중구 문화동 1-256
ST0515,2024-08-01,2026-03-31,568,5342,5339,608,0.9342,10681,문화동 하우스토리 2차,36.320105,127.414037,중구,문화동,대전광역시 중구 문화동 1-31
ST0516,2024-08-01,2026-03-31,570,6401,6405,608,0.9375,12806,문화동 하우스토리 1차,36.320166,127.415835,중구,대사동,대전광역시 중구 대사동 248-222
ST0517,2024-08-01,2026-03-31,523,1852,1845,608,0.8602,3697,대흥동 성사진관,36.319981,127.420017,중구,대흥동,대전광역시 중구 대흥동 300-4
ST0518,2024-08-01,2026-03-31,537,2308,2227,608,0.8832,4535,문화동 충남대학교 의생명융합연구센터,36.317411,127.413219,중구,문화동,대전광역시 중구 문화동 6
ST0519,2024-08-01,2026-03-31,539,2774,2774,608,0.8865,5548,문화동 센트럴파크 3단지(307동),36.317873,127.413673,중구,문화동,대전광역시 중구 문화동 1-3
ST0520,2024-08-01,2026-03-31,522,2390,2386,608,0.8586,4776,문화동 센트럴파크 2단지(209동),36.316509,127.409984,중구,문화동,대전광역시 중구 문화동 1-253
ST0521,2024-08-01,2026-03-31,548,2702,2722,608,0.9013,5424,문화동 BMK컨벤션,36.32004,127.404512,중구,문화동,대전광역시 중구 문화동 316-25
ST0522,2024-08-01,2026-03-31,570,8157,8148,608,0.9375,16305,문화동 동산고등학교(문화1동 행정복지센터 건너편),36.315135,127.40624,중구,문화동,대전광역시 중구 문화동 284-169
ST0523,2024-08-01,2025-04-16,254,4536,4537,259,0.9807,9073,태평동 푸른뫼아파트 버스정류장(곰바우식당),36.328537,127.398862,중구,태평동,태평동 339-31
ST0524,2024-08-01,2026-04-01,571,11732,11778,609,0.9376,23510,태평동 한국정형외과 ,36.327252,127.399672,중구,태평동,대전광역시 중구 태평동 258-8
ST0525,2024-08-01,2026-03-31,572,30952,31119,608,0.9408,62071,태평동 유등마을(112동),36.330758,127.398262,중구,태평동,대전광역시 중구 태평동 254-4
ST0527,2024-08-01,2026-03-31,566,4706,4729,608,0.9309,9435,태평중학교 버스정류장,36.329639,127.396745,중구,태평동,대전광역시 중구 태평동 343-3
ST0528,2024-08-01,2026-03-31,562,3246,3285,608,0.9243,6531,태평동 호암컨벤션,36.329596,127.3964,중구,태평동,대전광역시 중구 태평동 365-2
ST0529,2024-08-01,2026-03-31,570,4494,4508,608,0.9375,9002,태평동 어린이공원,36.328695,127.393671,중구,태평동,대전광역시 중구 태평동 368
ST0531,2024-08-01,2026-04-01,573,18090,18127,609,0.9409,36217,태평동 새마을금고 태평본점 옆,36.326326,127.397704,중구,태평동,대전광역시 중구 태평동 555
ST0532,2024-08-01,2026-03-31,562,3624,3653,608,0.9243,7277,산성동 원마트,36.310933,127.391875,중구,산성동,대전광역시 중구 산성동 134-33
ST0533,2024-08-01,2026-03-31,538,2999,3008,608,0.8849,6007,산성동 한소망교회,36.310262,127.39029,중구,산성동,대전광역시 중구 산성동 132-3
ST0534,2024-08-01,2026-03-31,572,11032,11269,608,0.9408,22301,산성동 당대어린이공원,36.308753,127.391481,중구,산성동,대전광역시 중구 산성동 36-2
ST0535,2024-08-01,2026-03-31,543,2825,2837,608,0.8931,5662,산성동 당디숯불갈비,36.310054,127.388576,중구,산성동,대전광역시 중구 산성동 144-9
ST0536,2024-08-01,2026-04-01,573,8892,9065,609,0.9409,17957,유천동 버드내공원,36.312883,127.395984,중구,유천동,대전광역시 중구 유천동 275-5
ST0537,2024-08-01,2026-03-31,524,2103,2087,608,0.8618,4190,대사동 충남대학병원 동문 버스정류장,36.317438,127.417701,중구,대사동,대전광역시 중구 대사동 640
ST0538,2024-08-01,2026-03-31,571,8580,8575,608,0.9391,17155,용두동 희영빌딩,36.326642,127.407761,중구,용두동,대전광역시 중구 용두동 32-3
ST0539,2024-08-01,2026-04-01,571,7534,7558,609,0.9376,15092,용두동 정담치과,36.322994,127.415387,중구,용두동,대전광역시 중구 용두동 12-1
ST0540,2024-08-01,2026-03-31,551,2932,2931,608,0.9062,5863,문화동 센트럴스타클래스,36.322622,127.415101,중구,문화동,대전광역시 중구 문화동 1-9
ST0541,2024-08-01,2026-03-31,557,3816,3811,608,0.9161,7627,대흥동 대고오거리 피자2001,36.322846,127.422736,중구,대흥동,대전광역시 중구 대흥동 508-88
ST0542,2024-08-01,2026-03-31,571,6223,6221,608,0.9391,12444,대흥동 드림시티,36.324053,127.426964,중구,대흥동,대전광역시 중구 대흥동 437
ST0543,2024-08-01,2026-03-31,569,10650,10642,608,0.9359,21292,대흥동 YWCA ,36.323623,127.426457,중구,대흥동,대전광역시 중구 대흥동 445-1
ST0545,2024-08-01,2026-03-31,569,7942,7926,608,0.9359,15868,대흥동 원예농협,36.321892,127.429644,중구,대흥동,대전광역시 중구 대흥동 40-10
ST0546,2024-08-01,2026-04-01,562,3888,3802,609,0.9228,7690,대흥동 자이아파트 2단지 공원,36.320888,127.427149,중구,대흥동,대전광역시 중구 대흥동 914
ST0547,2024-08-01,2026-03-31,572,7688,7563,608,0.9408,15251,대사동 느티나무 보호수,36.317786,127.425913,중구,대사동,대전광역시 중구 대사동 104-8
ST0548,2024-08-01,2026-03-31,517,2151,2152,608,0.8503,4303,대흥동 대전중학교 건너편(보문오거리 방면),36.320298,127.424093,중구,대흥동,대전광역시 중구 대흥동 330-18
ST0549,2024-08-01,2026-03-31,446,1297,1034,608,0.7336,2331,대흥동 포트캔커피 대전대흥점,36.319331,127.424867,중구,대흥동,대전광역시 중구 대흥동 336-20
ST0550,2024-08-01,2026-03-31,551,2448,2441,608,0.9062,4889,대흥동 대전시 노인복지관,36.320702,127.420424,중구,대흥동,대전광역시 중구 대흥동 297-5
ST0551,2024-08-04,2026-03-29,265,417,397,603,0.4395,814,대흥동 세광교회,36.319166,127.424723,중구,대흥동,대전광역시 중구 대흥동 334-1
ST0552,2024-08-01,2026-03-31,542,2886,2772,608,0.8914,5658,대사동 보문산 진입로 주차장,36.315053,127.42436,중구,대사동,대전광역시 중구 대사동 145-1
ST0553,2024-08-01,2026-03-31,572,13674,13730,608,0.9408,27404,부사동 우체국,36.318619,127.431848,중구,부사동,대전광역시 중구 부사동 94-40
ST0554,2024-08-01,2026-03-31,562,4519,4537,608,0.9243,9056,문창동 행정복지센터 건너편(경로당 쪽),36.316141,127.43769,중구,문창동,대전광역시 중구 문창동 116-15
ST0555,2024-08-01,2026-03-31,550,3430,3453,608,0.9046,6883,내동 안골네거리 다이소,36.334292,127.371311,서구,내동,대전광역시 서구 내동 160-19
ST0556,2024-08-01,2026-03-30,362,651,654,607,0.5964,1305,내동 장난감할인마트,36.334194,127.36925,서구,내동,대전광역시 서구 내동 155-9
ST0557,2024-08-01,2026-03-30,354,500,494,607,0.5832,994,변동 평화어린이공원,36.330216,127.368221,서구,변동,대전광역시 서구 변동 254-364
ST0558,2024-08-02,2026-03-31,257,305,302,607,0.4234,607,변동 목운어린이공원,36.331798,127.368775,서구,변동,대전광역시 서구 변동 254-182
ST0559,2024-08-01,2026-03-31,440,937,938,608,0.7237,1875,변동 시온성교회,36.328332,127.370318,서구,변동,대전광역시 서구 변동 252-116
ST0560,2024-08-01,2026-03-31,400,711,700,608,0.6579,1411,변동 수정재,36.329611,127.370752,서구,변동,대전광역시 서구 변동 250
ST0561,2024-08-01,2026-03-31,503,1687,1692,608,0.8273,3379,도마동 대아아파트(104동),36.325565,127.370232,서구,도마동,대전광역시 서구 도마동 409-9
ST0562,2024-08-01,2026-03-31,571,5832,5848,608,0.9391,11680,도마동 서대전여고 목운주택입구 방면 정류장,36.32669,127.370918,서구,도마동,대전광역시 서구 도마동 14-21
ST0563,2024-08-03,2026-03-31,319,512,502,606,0.5264,1014,도마동 경남아파트(102동),36.32155,127.370012,서구,도마동,대전광역시 서구 도마동 211
ST0564,2024-08-01,2026-03-31,463,1449,1455,608,0.7615,2904,도마동 정철어학원,36.323368,127.370419,서구,도마동,대전광역시 서구 도마동 25-2
ST0565,2024-08-01,2026-03-30,287,504,484,607,0.4728,988,도마동 경남아파트 2단지(106동),36.322433,127.36859,서구,도마동,대전광역시 서구 도마동 211
ST0566,2024-08-01,2026-03-31,316,522,485,608,0.5197,1007,도마동 경남아파트 2단지(112동),36.322638,127.368466,서구,도마동,대전광역시 서구 도마동 193
ST0568,2024-08-01,2026-03-31,380,700,686,608,0.625,1386,도마동 경남아파트 1단지(3동),36.320815,127.370582,서구,도마동,대전광역시 서구 도마동 205
ST0569,2024-08-01,2026-03-25,243,293,295,602,0.4037,588,도마동 경남아파트 2단지(113동),36.320684,127.370318,서구,도마동,대전광역시 서구 도마동 214
ST0570,2024-08-02,2026-03-29,328,625,610,605,0.5421,1235,도마동 공굴안 정류장(복음양지아파트 방면),36.313298,127.369122,서구,도마동,대전광역시 서구 도마동 317-548
ST0571,2024-08-01,2026-03-31,362,855,842,608,0.5954,1697,대별동 대전운전면허시험장,36.286054,127.462647,동구,대별동,대전광역시 동구 대별동 364-2
ST0572,2024-08-01,2026-03-31,492,1439,1460,608,0.8092,2899,대성동 대별교 SK남대전IC충전소,36.290124,127.463408,동구,대성동,대전광역시 동구 대성동 266-5
ST0573,2024-08-01,2026-04-01,568,6470,6502,609,0.9327,12972,대성동 은어송코오롱하늘채2차아파트 103동,36.298472,127.458816,동구,대성동,대전광역시 동구 대성동 427
ST0574,2024-08-01,2026-03-31,565,3957,3980,608,0.9293,7937,가오동 오토카센타,36.303655,127.454675,동구,가오동,대전광역시 동구 가오동 372-3
ST0575,2024-08-01,2026-03-31,526,2143,2137,608,0.8651,4280,가오동 킹스 불가마사우나,36.30941,127.455016,동구,가오동,대전광역시 동구 가오동 116
ST0576,2024-08-04,2026-03-30,457,1153,1135,604,0.7566,2288,가오고등학교 건너편,36.310242,127.455518,동구,가오동,대전광역시 동구 가오동 472
ST0577,2024-08-01,2026-03-31,548,3684,3686,608,0.9013,7370,가오동 동구청,36.311298,127.45538,동구,가오동,대전광역시 동구 가오동 425
ST0578,2024-08-01,2026-03-31,554,3371,3390,608,0.9112,6761,가오동 은어송마을 6단지(602동),36.310186,127.456731,동구,가오동,대전광역시 동구 가오동 497
ST0579,2024-08-02,2026-03-31,400,876,871,607,0.659,1747,가오동 가오30호 어린이공원,36.310788,127.456258,동구,가오동,대전광역시 동구 가오동 473
ST0580,2024-08-01,2026-03-29,481,1231,1240,606,0.7937,2471,가오동 은어송마을 3단지 상가,36.310467,127.459805,동구,가오동,대전광역시 동구 가오동 496
ST0581,2024-08-01,2026-03-31,518,2011,2002,608,0.852,4013,가오동 은어송마을 5단지 우미린 입구,36.30851,127.459239,동구,가오동,대전광역시 동구 가오동 556
ST0582,2024-08-01,2026-03-31,568,5187,5199,608,0.9342,10386,가오동 신한은행,36.306366,127.457102,동구,가오동,대전광역시 동구 가오동 644
ST0583,2024-08-01,2026-03-31,562,4543,4571,608,0.9243,9114,가오동 KB국민은행 가오동지점,36.30713,127.456281,동구,가오동,대전광역시 동구 가오동 604
ST0584,2024-08-01,2026-03-31,544,4134,4131,608,0.8947,8265,가오동 은어송네거리 국민은행 건너편,36.307283,127.456628,동구,가오동,대전광역시 동구 가오동 549
ST0585,2024-08-01,2026-04-01,573,10720,10774,609,0.9409,21494,가오동 은어송마을입구,36.305539,127.454574,동구,가오동,대전광역시 동구 가오동 619
ST0586,2024-08-01,2026-03-31,568,5503,5474,608,0.9342,10977,가오동 담가화로구이,36.305386,127.454794,동구,가오동,대전광역시 동구 가오동 663
ST0587,2024-08-09,2025-03-15,78,108,108,219,0.3562,216,천동주공아파트(7동),36.309428,127.449306,동구,천동,천동 507-21
ST0589,2024-08-01,2026-03-31,466,1241,1243,608,0.7664,2484,가오동 도원빌라,36.309749,127.452955,동구,가오동,대전광역시 동구 가오동 136-1
ST0590,2024-08-01,2026-03-31,532,1892,1902,608,0.875,3794,낭월동 석천들아파트(101동),36.276395,127.468364,동구,낭월동,대전광역시 동구 낭월동 611
ST0591,2024-08-01,2026-03-31,560,3531,3541,608,0.9211,7072,낭월동 석천들아파트 건너편(112동),36.276448,127.46708,동구,낭월동,대전광역시 동구 낭월동 738
ST0593,2024-11-03,2026-03-31,378,942,940,514,0.7354,1882,낭월동 향기나무어린이집 공원,36.279332,127.466792,동구,낭월동,대전광역시 동구 낭월동 574
ST0594,2024-08-03,2026-03-31,517,2068,2029,606,0.8531,4097,낭월동 낭월3호어린이공원,36.281904,127.46644,동구,낭월동,대전광역시 동구 낭월동 362
ST0595,2024-08-01,2026-04-01,440,891,890,609,0.7225,1781,대성동 현대무역 정류장,36.295958,127.459822,동구,대성동,대전광역시 동구 대성동 189-4
ST0596,2024-08-17,2026-03-31,539,3480,3482,592,0.9105,6962,대성동삼거리 옥계교방면 정류장,36.296462,127.459355,동구,대성동,대전광역시 동구 대성동 458
ST0597,2024-08-01,2026-04-01,561,2321,2299,609,0.9212,4620,옥계동 새마을금고,36.298918,127.454274,중구,옥계동,대전광역시 중구 옥계동 46-15
ST0598,2024-08-01,2026-03-31,549,2762,2718,608,0.903,5480,호동우체국 건너편,36.304743,127.449282,중구,호동,대전광역시 중구 호동 19-5
ST0599,2024-08-01,2026-03-31,571,10474,10476,608,0.9391,20950,석교동 용산부인과의원,36.309824,127.441956,중구,석교동,대전광역시 중구 석교동 12-7
ST0600,2024-08-01,2026-04-01,573,11934,11873,609,0.9409,23807,중촌동 중촌네거리(목동우체국 방면),36.335998,127.414944,중구,중촌동,대전광역시 중구 중촌동 398-3
ST0601,2024-08-01,2026-03-31,571,8483,8494,608,0.9391,16977,인동 대전동부경찰서,36.322447,127.441701,동구,인동,대전광역시 동구 인동 353
ST0602,2024-08-01,2026-03-31,564,5308,5340,608,0.9276,10648,신인동 대전동부경찰서 건너편,36.322629,127.441471,동구,신인동,대전광역시 동구 신인동 147-29
ST0603,2024-08-01,2026-03-31,570,5906,5919,608,0.9375,11825,판암동 미리내아파트,36.316857,127.454767,동구,판암동,대전광역시 동구 판암동 436-4
ST0604,2024-08-01,2026-03-31,567,8821,8858,608,0.9326,17679,판암동 판암역 2번출구,36.316709,127.458225,동구,판암동,대전광역시 동구 판암동 314
ST0605,2024-08-01,2026-03-31,484,1387,1332,608,0.7961,2719,가오동 은어송마을4단지,36.310099,127.461413,동구,가오동,대전광역시 동구 가오동 555
ST0606,2024-08-02,2026-03-27,82,95,80,603,0.136,175,용운동 용운국제수영장,36.324775,127.46521,동구,용운동,대전광역시 동구 용운동 392-2
ST0607,2024-08-01,2026-03-31,402,1150,816,608,0.6612,1966,용운동 e편한세상 에코포레(114동),36.326977,127.464886,동구,용운동,대전광역시 동구 용운동 783
ST0608,2024-08-01,2026-03-31,553,3094,3013,608,0.9095,6107,용운동 e편한세상 에코포레 상가,36.327781,127.462087,동구,용운동,대전광역시 동구 용운동 783
ST0609,2024-08-02,2026-03-31,456,1307,1062,607,0.7512,2369,용운동 e편한세상 에코포레(101동),36.330637,127.463502,동구,용운동,대전광역시 동구 용운동 784
ST0610,2024-08-02,2026-03-31,410,740,742,607,0.6755,1482,용운동 선암어린이공원,36.325917,127.460065,동구,용운동,대전광역시 동구 용운동 377-7
ST0611,2024-08-15,2026-03-28,147,191,183,591,0.2487,374,용운동 대전대 입구 용운119안전센터 ,36.33109,127.461373,동구,용운동,대전광역시 동구 용운동 174-18
ST0613,2024-08-01,2025-04-23,252,1417,1441,266,0.9474,2858,판암동 주공4차아파트(413동),36.322175,127.460763,동구,판암동,판암동 242
ST0615,2024-08-01,2026-03-31,568,5571,5582,608,0.9342,11153,용운동 용운종합사회복지관 맞은편,36.32791,127.454363,동구,용운동,대전광역시 동구 용운동 459
ST0616,2024-08-01,2026-04-01,572,8527,8568,609,0.9392,17095,용운동 용방마을(315동),36.326776,127.450476,동구,용운동,대전광역시 동구 용운동 460
ST0618,2024-08-01,2026-03-31,560,3398,3390,608,0.9211,6788,대동 펜타뷰(107동),36.327838,127.446551,서구,대동,대전광역시 서구 대동 535
ST0619,2024-08-01,2026-03-30,369,808,810,607,0.6079,1618,용운동 용수골장작불가마 정류장,36.333754,127.455555,동구,용운동,대전광역시 동구 용운동 712
ST0620,2024-08-01,2026-03-31,366,624,619,608,0.602,1243,용운동 빅하우스 빌라 정류장,36.337688,127.457219,동구,용운동,대전광역시 동구 용운동 590
ST0621,2024-08-02,2026-03-31,346,545,543,607,0.57,1088,용운동 연광사 건너편 정류장,36.332882,127.453455,동구,용운동,대전광역시 동구 용운동 726
ST0622,2024-08-01,2026-03-31,512,1395,1396,608,0.8421,2791,용운동 모닝빌(A동),36.331233,127.454531,동구,용운동,대전광역시 동구 용운동 691-1
ST0623,2024-08-01,2026-03-31,565,5276,5255,608,0.9293,10531,가양동 우송대 서문 건너편,36.338902,127.445039,동구,가양동,대전광역시 동구 가양동 308-9
ST0624,2024-08-01,2026-03-31,325,473,478,608,0.5345,951,성남동 휴먼시아 스마트뷰 정류장(104동),36.34369,127.433993,동구,성남동,대전광역시 동구 성남동 528
ST0625,2024-08-01,2026-03-31,571,8085,8064,608,0.9391,16149,성남동 스마트뷰(110동),36.341915,127.433,동구,성남동,대전광역시 동구 성남동 528
ST0626,2024-08-01,2026-03-31,571,6832,6813,608,0.9391,13645,삼성동 주공삼성타운(202동),36.341155,127.432565,동구,삼성동,대전광역시 동구 삼성동 481
ST0627,2024-08-01,2026-03-31,571,14207,14243,608,0.9391,28450,소제동 대전역 동광장 버스정류장,36.333797,127.437407,동구,소제동,대전광역시 동구 소제동 299-648
ST0628,2024-08-01,2026-03-31,491,1666,1629,608,0.8076,3295,신안동 대전화병원(베스티안 화상병원),36.328956,127.439445,동구,신안동,대전광역시 동구 신안동 293-1
ST0629,2024-08-01,2026-03-31,553,3694,3700,608,0.9095,7394,천동초등학교(천동휴먼시아 방면) 정류장,36.315852,127.444459,동구,천동,대전광역시 동구 천동 209-2
ST0630,2024-08-01,2026-03-31,504,1473,1470,608,0.8289,2943,천동 휴먼시아2단지아파트 103동,36.313949,127.445733,동구,천동,대전광역시 동구 천동 528
ST0631,2024-11-01,2025-03-04,91,203,208,124,0.7339,411,천동 위드힐 건너편(301동),36.317054,127.443137,동구,천동,천동 164-7
ST0632,2024-08-01,2026-03-31,569,9076,9143,608,0.9359,18219,효동 현대아파트 상가,36.318432,127.442276,동구,효동,대전광역시 동구 효동 135-18
ST0633,2024-08-01,2026-03-31,569,7596,7550,608,0.9359,15146,효동 현대아파트(104동),36.318002,127.439617,동구,효동,대전광역시 동구 효동 135-1
ST0634,2024-08-01,2026-03-31,572,6722,6764,608,0.9408,13486,인동 현대아파트(104동),36.319277,127.439102,동구,인동,대전광역시 동구 인동 179-1
ST0636,2024-08-01,2026-03-30,431,998,994,607,0.71,1992,인동네거리 일육우드,36.321705,127.438225,동구,인동,대전광역시 동구 인동 113-2
ST0637,2024-08-01,2026-03-31,404,817,809,608,0.6645,1626,인동네거리,36.321923,127.438047,동구,인동,대전광역시 동구 인동 116-18
ST0638,2024-08-01,2026-03-31,542,2196,2193,608,0.8914,4389,인동 하나은행,36.321993,127.437513,동구,인동,대전광역시 동구 인동 40-4
ST0639,2024-08-01,2026-03-31,565,5272,5277,608,0.9293,10549,원동네거리 요양병원,36.32646,127.435608,동구,인동,대전광역시 동구 인동 6-1
ST0640,2024-08-01,2026-03-31,572,6170,6015,608,0.9408,12185,인동 참좋은아파트 정류장,36.323523,127.437069,동구,인동,대전광역시 동구 인동 18-1
ST0641,2024-08-01,2026-03-31,571,9161,9209,608,0.9391,18370,원동 중앙프라자 정류장,36.328334,127.434065,동구,원동,대전광역시 동구 원동 48-1
ST0642,2024-08-01,2026-03-31,563,4704,4705,608,0.926,9409,정동 하나은행 건너편,36.334298,127.431441,동구,정동,대전광역시 동구 정동 2-1
ST0643,2024-08-01,2026-03-31,393,1091,1073,608,0.6464,2164,문지동 국립문화재연구원,36.390565,127.392119,유성구,문지동,대전광역시 유성구 문지동 472
ST0644,2024-08-01,2026-03-31,570,5596,5644,608,0.9375,11240,삼성동 한밭자이아파트 정문 건너편,36.341018,127.425788,동구,삼성동,대전광역시 동구 삼성동 304-12
ST0645,2024-08-01,2026-03-31,562,3195,3187,608,0.9243,6382,삼성동 삼성신협 본점,36.34017,127.426522,동구,삼성동,대전광역시 동구 삼성동 306-1
ST0646,2024-08-01,2026-03-31,534,2077,2044,608,0.8783,4121,삼성동 삼성네거리(한밭자이아파트 방면) 정류장,36.338717,127.429027,동구,삼성동,대전광역시 동구 삼성동 457
ST0647,2024-08-01,2026-04-01,516,2184,2169,609,0.8473,4353,가양동 대전보건대,36.349253,127.451694,동구,가양동,대전광역시 동구 가양동 88-1
ST0648,2024-08-01,2026-03-31,513,1757,1762,608,0.8438,3519,가양2동 행정복지센터 건너편,36.349025,127.448029,동구,가양동,대전광역시 동구 가양동 55-3
ST0649,2024-08-11,2026-03-22,160,214,211,589,0.2716,425,가양동 명석고네거리 원한의원 정류장,36.354318,127.454254,동구,가양동,대전광역시 동구 가양동 47-63
ST0650,2024-08-01,2026-03-30,287,402,402,607,0.4728,804,비래동 제1공영주차장,36.354477,127.453147,대덕구,비래동,대전광역시 대덕구 비래동 143-7
ST0651,2024-08-01,2026-04-01,527,2307,2300,609,0.8654,4607,비래동 산림조합(비래휴플러스아파트 104동)(185),36.355158,127.445896,대덕구,비래동,대전광역시 대덕구 비래동 509-1
ST0652,2024-08-01,2026-03-31,551,2334,2328,608,0.9062,4662,비래동 삼호아파트 정류장(1동),36.354285,127.448134,대덕구,비래동,대전광역시 대덕구 비래동 124-1
ST0653,2024-08-03,2026-03-31,227,273,270,606,0.3746,543,비래동 금성백조 1차 입구 정류장,36.356287,127.454745,대덕구,비래동,대전광역시 대덕구 비래동 149-23
ST0655,2024-08-02,2026-03-31,494,1185,1188,607,0.8138,2373,비래동 금성백조 2차(103동),36.357743,127.451331,대덕구,비래동,대전광역시 대덕구 비래동 136-1
ST0656,2024-08-01,2026-03-31,506,1703,1709,608,0.8322,3412,비래동 비래프라자,36.354552,127.449529,대덕구,비래동,대전광역시 대덕구 비래동 140-7
ST0657,2024-08-05,2026-03-31,406,807,781,604,0.6722,1588,용전동 종근당빌딩,36.353404,127.439664,동구,용전동,대전광역시 동구 용전동 21-3
ST0658,2024-08-01,2026-03-31,408,868,873,608,0.6711,1741,용전동 LG전자 동대전서비스센터,36.355014,127.437729,동구,용전동,대전광역시 동구 용전동 20-1
ST0659,2024-08-01,2026-03-31,514,1694,1699,608,0.8454,3393,용전동 한전대전세종충남지역본부 입구 정류장,36.357675,127.434544,동구,용전동,대전광역시 동구 용전동 12-9
ST0660,2024-08-01,2026-03-31,567,4111,4024,608,0.9326,8135,용전동 용전초등학교 입구 정류장,36.355568,127.432564,동구,용전동,대전광역시 동구 용전동 42-13
ST0661,2024-08-01,2026-03-31,489,1313,1296,608,0.8043,2609,용전동우체국,36.35471,127.432884,동구,용전동,대전광역시 동구 용전동 123-8
ST0662,2024-08-01,2026-03-31,568,4275,4282,608,0.9342,8557,용전동 용전노인정,36.351448,127.433624,동구,용전동,대전광역시 동구 용전동 132-3
ST0663,2024-08-01,2026-03-31,565,3955,3969,608,0.9293,7924,홍도동 시영아파트 2동 정류장,36.345421,127.421516,동구,홍도동,대전광역시 동구 홍도동 135-1
ST0664,2024-08-01,2026-04-01,504,1460,1454,609,0.8276,2914,홍도동 시영아파트 1동 건너편 정류장,36.345707,127.422246,동구,홍도동,대전광역시 동구 홍도동 140-14
ST0665,2024-08-01,2026-03-31,571,5826,5923,608,0.9391,11749,오정동 오정신용협동조합,36.348127,127.415345,대덕구,오정동,대전광역시 대덕구 오정동 372-4
ST0666,2024-08-01,2026-03-31,527,1870,1860,608,0.8668,3730,가양동 대주파크빌 정류장(103동),36.342924,127.44783,동구,가양동,대전광역시 동구 가양동 652-1
ST0667,2024-08-01,2026-03-29,396,831,829,606,0.6535,1660,가양동 가양요양병원 정류장,36.346095,127.446903,동구,가양동,대전광역시 동구 가양동 391-8
ST0668,2024-08-01,2026-03-31,523,1769,1771,608,0.8602,3540,가양동 가양네거리 현대자동차 대전서비스센터,36.34474,127.446127,동구,가양동,대전광역시 동구 가양동 411-1
ST0669,2024-08-01,2026-03-31,487,1564,1544,608,0.801,3108,가양동 가양네거리 양반고을,36.34557,127.446389,동구,가양동,대전광역시 동구 가양동 402-2
ST0670,2024-08-01,2026-04-01,573,19938,19957,609,0.9409,39895,가양동 동부터미널건너편 선샤인호텔 웨딩홀,36.349191,127.437827,동구,가양동,대전광역시 동구 가양동 451-1
ST0671,2024-08-01,2026-03-31,559,3619,3610,608,0.9194,7229,가양동 가양1동 행정복지센터,36.346923,127.441359,동구,가양동,대전광역시 동구 가양동 432-9
ST0672,2024-08-01,2026-03-31,569,7409,7407,608,0.9359,14816,가양동 아침마을(116동),36.340707,127.441737,동구,가양동,대전광역시 동구 가양동 705
ST0673,2024-08-01,2026-03-31,557,3248,3239,608,0.9161,6487,가양동 아침마을 건너편(116동),36.339958,127.44134,동구,가양동,대전광역시 동구 가양동 592-17
ST0674,2024-08-01,2026-03-31,563,5301,5307,608,0.926,10608,가양동 동구국민체육센터 건너편,36.339091,127.438947,동구,가양동,대전광역시 동구 가양동 588-8
ST0675,2024-08-01,2026-03-31,570,5592,5555,608,0.9375,11147,판암동 신흥역2번출구,36.319737,127.447964,동구,판암동,대전광역시 동구 판암동 609-7
ST0676,2024-08-01,2026-03-31,363,696,666,608,0.597,1362,판암동 신흥역1번출구,36.319294,127.448996,동구,판암동,대전광역시 동구 판암동 609-7
ST0677,2024-08-01,2026-03-31,524,2219,2205,608,0.8618,4424,판암동 신흥역4번출구,36.319865,127.448917,동구,판암동,대전광역시 동구 판암동 596-15
ST0678,2024-08-01,2026-03-31,446,1006,982,608,0.7336,1988,가양동 와와툴코리아,36.348707,127.443426,동구,가양동,대전광역시 동구 가양동 429-4
ST0679,2024-08-01,2026-03-31,444,1672,1670,608,0.7303,3342,가양동 가양도서관 버스정류장,36.348545,127.444001,동구,가양동,대전광역시 동구 가양동 422-7
ST0680,2024-08-01,2026-03-31,516,2143,2090,608,0.8487,4233,선화동 대전여자상업고등학교 정류장,36.332995,127.420758,중구,선화동,대전광역시 중구 선화동 79-1
ST0681,2024-08-01,2026-03-31,566,5360,5373,608,0.9309,10733,선화동 대전상호저축은행,36.330542,127.423302,중구,선화동,대전광역시 중구 선화동 12-3
ST0682,2024-08-01,2026-04-01,546,12453,12462,609,0.8966,24915,선화동 농협중앙회 대전본부,36.32761,127.422466,중구,선화동,대전광역시 중구 선화동 227
ST0683,2024-08-01,2026-03-31,572,8965,9004,608,0.9408,17969,대흥동 중구청 건너편 정류장,36.325096,127.422422,중구,대흥동,대전광역시 중구 대흥동 467-1
ST0684,2024-08-01,2026-04-01,571,7993,8020,609,0.9376,16013,대흥동 우체국,36.325408,127.431979,중구,대흥동,대전광역시 중구 대흥동 103-1
ST0685,2024-08-01,2026-03-31,572,27882,28391,608,0.9408,56273,대흥동네거리 (중앙로역 방면),36.324709,127.428504,중구,대흥동,대전광역시 중구 대흥동 156-2
ST0686,2024-08-01,2026-03-31,572,24756,24776,608,0.9408,49532,오룡역 1번출구,36.328108,127.405279,중구,오류동,대전광역시 중구 오류동 187-4
ST0687,2024-08-01,2026-03-31,572,30573,30713,608,0.9408,61286,용문역 1번출구,36.337799,127.393557,서구,용문동,대전광역시 서구 용문동 257-2
ST0689,2024-08-01,2026-03-31,571,9824,9794,608,0.9391,19618,탄방역 5번출구,36.344964,127.385206,서구,탄방동,대전광역시 서구 탄방동 666
ST0690,2024-08-01,2026-04-01,558,4572,4548,609,0.9163,9120,탄방역 1번출구,36.345282,127.384469,서구,탄방동,대전광역시 서구 탄방동 652
ST0691,2024-08-01,2026-03-31,513,3227,3215,608,0.8438,6442,탄방역 3번출구,36.345641,127.384818,서구,탄방동,대전광역시 서구 탄방동 1453
ST0692,2024-08-01,2026-03-30,424,1121,1097,607,0.6985,2218,덕명동 수통골삼거리 공영주차장,36.347516,127.296977,유성구,덕명동,대전광역시 유성구 덕명동 595
ST0693,2024-08-01,2026-04-01,387,752,733,609,0.6355,1485,계산동 오투그란데 리빙포레(308동),36.344236,127.302948,유성구,계산동,대전광역시 유성구 계산동 722
ST0694,2024-08-01,2026-03-31,406,941,921,608,0.6678,1862,계산동 오투그란데 미학(210동),36.344294,127.302444,유성구,계산동,대전광역시 유성구 계산동 721
ST0695,2024-08-01,2026-03-31,469,1565,1428,608,0.7714,2993,계산동 한아름마트,36.341399,127.303138,유성구,계산동,대전광역시 유성구 계산동 802-5
ST0696,2024-08-01,2026-04-01,465,1274,1230,609,0.7635,2504,계산동 학하리슈빌 학의뜰 입구,36.33771,127.303088,유성구,계산동,대전광역시 유성구 계산동 749
ST0697,2024-08-01,2026-04-01,504,2109,1452,609,0.8276,3561,계산동 학하네거리 학의뜰 방향 정류장,36.340988,127.304846,유성구,계산동,대전광역시 유성구 계산동 803-14
ST0698,2024-08-01,2026-04-01,416,1012,1003,609,0.6831,2015,덕명동 한밭대학교 미래동 후문,36.346023,127.303663,유성구,덕명동,대전광역시 유성구 덕명동 608-1
ST0699,2024-08-01,2026-04-01,463,1455,1428,609,0.7603,2883,덕명동 한밭대학교 1차 BTL 학생생활관 입구,36.345347,127.304752,유성구,덕명동,대전광역시 유성구 덕명동 609-2
ST0700,2024-08-01,2026-04-01,509,1653,1636,609,0.8358,3289,덕명동 덕명공영주차장,36.359446,127.301643,유성구,덕명동,대전광역시 유성구 덕명동 513
ST0701,2024-08-01,2026-03-31,552,4009,4032,608,0.9079,8041,구암동 왕가교,36.358792,127.307842,유성구,구암동,대전광역시 유성구 구암동 671-5
ST0702,2024-08-01,2026-03-31,571,11252,11223,608,0.9391,22475,월평동 갈마역3번출구,36.357968,127.371768,서구,월평동,대전광역시 서구 월평동 301
ST0704,2024-08-01,2026-03-31,572,8910,8927,608,0.9408,17837,월평역 4번출구,36.358385,127.364689,서구,월평동,대전광역시 서구 월평동 312-1
ST0705,2024-08-01,2026-04-01,574,13329,13414,609,0.9425,26743,월평동 사정어린이공원,36.35671,127.365804,서구,월평동,대전광역시 서구 월평동 599
ST0707,2024-08-01,2026-03-31,572,11733,11731,608,0.9408,23464,갈마동 갈마초교삼거리(갈마네거리방면) 정류장,36.354779,127.369015,서구,갈마동,대전광역시 서구 갈마동 263-9
ST0708,2024-08-01,2026-04-01,573,10275,10301,609,0.9409,20576,갈마동 갈마네거리(갈마초방면) 정류장,36.353789,127.369215,서구,갈마동,대전광역시 서구 갈마동 265-34
ST0709,2024-08-01,2026-03-31,557,3650,3655,608,0.9161,7305,둔산동 파랑새아파트 서측입구,36.356397,127.37449,서구,둔산동,대전광역시 서구 둔산동 957
ST0710,2024-08-01,2026-03-31,570,10035,10050,608,0.9375,20085,둔산동 향촌아파트 116동 정류장,36.354981,127.374504,서구,둔산동,대전광역시 서구 둔산동 970
ST0711,2024-08-01,2026-03-31,572,9584,9515,608,0.9408,19099,월평동 갑천역3번출구,36.354661,127.354334,서구,월평동,대전광역시 서구 월평동 1011
ST0712,2024-08-01,2026-03-31,564,4724,4712,608,0.9276,9436,월평동 패션월드,36.351202,127.351709,서구,월평동,대전광역시 서구 월평동 1498
ST0713,2024-08-01,2026-03-31,568,4665,4676,608,0.9342,9341,갈마동 갈마지구대,36.352519,127.368467,서구,갈마동,대전광역시 서구 갈마동 293-12
ST0714,2024-08-01,2026-03-31,567,5197,5229,608,0.9326,10426,갈마동 갈마중학교입구(상수도사업본부 방면)정류장,36.349516,127.36808,서구,갈마동,대전광역시 서구 갈마동 337-6
ST0715,2024-08-01,2026-03-31,570,6262,6297,608,0.9375,12559,갈마동 상수도사업본부(갈마중학교입구 방면)정류장,36.346465,127.36854,서구,갈마동,대전광역시 서구 갈마동 378-32
ST0716,2024-08-01,2026-04-01,562,2858,2835,609,0.9228,5693,갈마동 양녕요양병원,36.344851,127.368634,서구,갈마동,대전광역시 서구 갈마동 393-18
ST0717,2024-08-01,2026-03-31,560,3897,3838,608,0.9211,7735,갈마동 서구보훈회관 건너편,36.348199,127.36815,서구,갈마동,대전광역시 서구 갈마동 366-5
ST0718,2024-08-01,2026-03-31,566,4440,4446,608,0.9309,8886,갈마동 서구보훈회관 공원,36.348589,127.368438,서구,갈마동,대전광역시 서구 갈마동 393-1
ST0719,2024-08-02,2026-03-31,459,1044,1036,607,0.7562,2080,갈마동 굿에프터눈안경원,36.342224,127.371818,서구,갈마동,대전광역시 서구 갈마동 403-17
ST0720,2024-08-01,2026-03-31,568,6643,6636,608,0.9342,13279,원동 대흥교 원동네거리 방면,36.326169,127.433233,동구,원동,대전광역시 동구 원동 85-44
ST0721,2024-08-01,2026-03-31,563,4072,4102,608,0.926,8174,덕암동 대청새마을금고 새뜸지점,36.448075,127.419894,대덕구,덕암동,대전광역시 대덕구 덕암동 1-3
ST0723,2024-08-01,2026-03-31,571,6188,6227,608,0.9391,12415,덕암동 자연애마트 신탄진점,36.444127,127.425365,대덕구,덕암동,대전광역시 대덕구 덕암동 12-1
ST0726,2024-08-01,2026-04-01,570,5693,5686,609,0.936,11379,신탄진동 신탄진역,36.448314,127.429185,대덕구,신탄진동,대전광역시 대덕구 신탄진동 147-5
ST0727,2024-10-30,2025-02-26,103,290,289,120,0.8583,579,신탄진동 행정복지센터,36.451693,127.428899,대덕구,신탄진동,신탄진동 120-1
ST0728,2024-08-06,2026-03-30,204,272,246,602,0.3389,518,신탄진동 대전보훈병원 재활체육센터 정류장,36.448376,127.438944,대덕구,신탄진동,대전광역시 대덕구 신탄진동 220
ST0729,2024-08-01,2026-03-31,566,5562,5592,608,0.9309,11154,석봉동 금강로하스엘크루아파트 104동,36.452986,127.423797,대덕구,석봉동,대전광역시 대덕구 석봉동 771
ST0730,2025-03-04,2025-03-04,1,1,0,1,1.0,1,석봉동 신탄진복합문화커뮤니티센터,36.450359,127.423517,대덕구,석봉동,석봉동 774
ST0731,2024-08-01,2026-03-31,572,8742,8752,608,0.9408,17494,용문동 도산서원(남선공원네거리 방면) 정류장,36.343026,127.3996,서구,용문동,대전광역시 서구 용문동 212-12
ST0732,2024-08-01,2026-03-31,571,10943,10982,608,0.9391,21925,탄방동 하마모터스,36.343215,127.391343,서구,탄방동,대전광역시 서구 탄방동 57-1
ST0733,2024-08-01,2026-03-31,571,11512,11544,608,0.9391,23056,용문역 6번출구(둔산전자타운),36.339592,127.394666,서구,탄방동,대전광역시 서구 탄방동 78-2
ST0734,2024-08-01,2026-03-31,571,7214,7229,608,0.9391,14443,오류동 LG유플러스 대전오류사옥 정류장,36.330056,127.402976,중구,오류동,대전광역시 중구 오류동 188-24
ST0735,2024-08-01,2026-04-01,574,24010,24338,609,0.9425,48348,용문동 롯데백화점 뒤 우정어린이공원,36.339969,127.388785,서구,용문동,대전광역시 서구 용문동 249-11
ST0736,2024-08-01,2026-03-31,571,4639,4677,608,0.9391,9316,괴정동 KT인재개발원(갈마동 방면) 정류장,36.338834,127.375721,서구,괴정동,대전광역시 서구 괴정동 129-27
ST0737,2024-08-01,2026-03-31,572,20610,20693,608,0.9408,41303,괴정동 롯데백화점,36.341147,127.389385,서구,괴정동,대전광역시 서구 괴정동 423-1
ST0738,2024-08-01,2026-03-31,566,5641,5656,608,0.9309,11297,갈마동 서부농협하나로마트,36.354004,127.367723,서구,갈마동,대전광역시 서구 갈마동 261-15
ST0739,2024-08-01,2026-03-31,571,7394,7459,608,0.9391,14853,복수동 초록마을1단지예미지아파트 101동,36.303792,127.379024,서구,복수동,대전광역시 서구 복수동 611
ST0740,2024-08-01,2026-03-31,570,9124,9174,608,0.9375,18298,복수동 초록마을5단지중흥S클래스아파트 정류장,36.298323,127.3767,서구,복수동,대전광역시 서구 복수동 602
ST0741,2024-08-01,2026-04-01,561,3946,3917,609,0.9212,7863,죽동 유성여고 입구,36.380735,127.327042,유성구,죽동,대전광역시 유성구 죽동 613-3
ST0743,2024-08-01,2026-03-31,571,13558,13635,608,0.9391,27193,송강동 송강동네거리 송강마을아파트 방면,36.434118,127.388543,유성구,송강동,대전광역시 유성구 송강동 171-2
ST0744,2024-08-01,2026-03-31,571,5431,5467,608,0.9391,10898,봉산동 봉산휴먼시아2단지아파트 입구 건너편,36.438054,127.386075,유성구,봉산동,대전광역시 유성구 봉산동 197-1
ST0745,2024-08-01,2026-04-01,562,4221,4228,609,0.9228,8449,봉산동 봉산LH3단지아파트 입구,36.438787,127.387076,유성구,봉산동,대전광역시 유성구 봉산동 303-3
ST0746,2024-08-01,2026-03-31,538,2504,2474,608,0.8849,4978,봉산동 하늘바람휴먼시아아파트 111동 입구,36.438095,127.382002,유성구,봉산동,대전광역시 유성구 봉산동 295
ST0747,2024-08-01,2026-03-31,571,14284,14396,608,0.9391,28680,봉산동 송강프라자 대각선 건너편,36.43585,127.387021,유성구,봉산동,대전광역시 유성구 봉산동 208-10
ST0748,2024-08-01,2026-03-31,572,12067,12184,608,0.9408,24251,복수동 복수남로 사정교 방면 네거리,36.29804,127.379017,서구,복수동,대전광역시 서구 복수동 649
ST0749,2024-08-01,2026-03-31,573,12250,12315,608,0.9424,24565,중촌동 제일프라자,36.33772,127.409341,중구,중촌동,대전광역시 중구 중촌동 16-10
ST0750,2024-08-01,2026-03-31,568,6150,6186,608,0.9342,12336,반석동 반석마을5단지아파트 503동 정류장,36.390918,127.311813,유성구,반석동,대전광역시 유성구 반석동 622
ST0751,2024-08-01,2026-03-31,565,3781,3754,608,0.9293,7535,지족동 노은3지구 꿈에그린 201동,36.388164,127.303215,유성구,지족동,대전광역시 유성구 지족동 1093
ST0752,2024-08-01,2026-03-31,561,4174,4153,608,0.9227,8327,반석동 반석더샵 입구 건너편,36.39008,127.305113,유성구,반석동,대전광역시 유성구 반석동 335-5
ST0753,2024-08-01,2026-03-31,561,3758,3764,608,0.9227,7522,지족동 반석마을1단지호반리젠시빌 102동,36.387894,127.310805,유성구,지족동,대전광역시 유성구 지족동 977
ST0754,2024-08-01,2026-03-31,567,6004,6011,608,0.9326,12015,하기동 송림네거리(한국침례신학대학교 방면),36.387409,127.322346,유성구,하기동,대전광역시 유성구 하기동 591
ST0755,2024-08-01,2026-03-31,559,2853,2813,608,0.9194,5666,하기동 송림마을3단지이노스빌아파트 304동,36.390068,127.323367,유성구,하기동,대전광역시 유성구 하기동 513
ST0756,2024-08-01,2026-03-30,332,466,442,607,0.547,908,하기동 송림마을5단지 509동,36.388941,127.329853,유성구,하기동,대전광역시 유성구 하기동 545
ST0757,2024-08-03,2026-03-31,388,711,691,606,0.6403,1402,하기동 윗텃골어린이공원,36.388975,127.331087,유성구,하기동,대전광역시 유성구 하기동 509
ST0758,2024-08-01,2026-03-30,292,367,354,607,0.4811,721,하기동 대전송림초등학교,36.38807,127.331651,유성구,하기동,대전광역시 유성구 하기동 549-7
ST0759,2024-08-01,2026-03-31,559,2795,2798,608,0.9194,5593,신성동 KT&G중앙연구원,36.384161,127.347256,유성구,신성동,대전광역시 유성구 신성동 301
ST0760,2024-08-01,2026-03-31,533,3723,3681,608,0.8766,7404,장동 한국화학연구원 입구,36.385448,127.358714,대덕구,장동,대전광역시 대덕구 장동 86-1
ST0761,2024-08-01,2026-03-31,414,1170,1134,608,0.6809,2304,장동 LG생활건강 기술연구원 입구,36.38486,127.362126,대덕구,장동,대전광역시 대덕구 장동 84
ST0763,2024-08-01,2026-04-01,574,63180,63392,609,0.9425,126572,어은동 한빛아파트(126동 건너편),36.363151,127.352945,유성구,궁동,대전광역시 유성구 궁동 1-34
ST0764,2024-08-01,2026-04-01,574,41893,42036,609,0.9425,83929,어은동 어은치안센터 입구,36.360821,127.354303,유성구,어은동,대전광역시 유성구 어은동 106-3
ST0765,2024-08-01,2026-03-31,571,17569,17559,608,0.9391,35128,궁동 충남대학교(온천교 방면),36.360638,127.34379,유성구,궁동,대전광역시 유성구 궁동 480-6
ST0766,2024-08-01,2026-04-01,573,23616,23656,609,0.9409,47272,봉명동 스카이뷰로드오피스텔 건너편,36.357527,127.343184,유성구,봉명동,대전광역시 유성구 봉명동 617-1
ST0768,2024-08-01,2026-03-31,572,20929,20967,608,0.9408,41896,봉명동 유성온천역 7번출구,36.353919,127.341934,유성구,봉명동,대전광역시 유성구 봉명동 551-12
ST0769,2024-08-01,2026-03-31,570,14623,14619,608,0.9375,29242,봉명동 유성온천역 8번출구,36.353804,127.341941,유성구,봉명동,대전광역시 유성구 봉명동 551-12
ST0770,2024-08-01,2026-04-01,573,24186,24247,609,0.9409,48433,봉명동 유성온천역 2번출구,36.352878,127.341558,유성구,봉명동,대전광역시 유성구 봉명동 1016-1
ST0771,2024-08-01,2026-03-31,573,29014,29039,608,0.9424,58053,봉명동 유성온천역 4번출구,36.353637,127.341173,유성구,봉명동,대전광역시 유성구 봉명동 553-2
ST0772,2024-08-01,2026-03-31,571,8875,8827,608,0.9391,17702,상대동 진터네거리(도안4블럭 방면),36.348213,127.339896,유성구,상대동,대전광역시 유성구 상대동 467-5
ST0773,2024-08-01,2026-03-31,572,10907,10891,608,0.9408,21798,상대동 휴먼시아4단지(트리풀시티9단지 방면) 정류장,36.346906,127.339981,유성구,상대동,대전광역시 유성구 상대동 467-9
ST0774,2024-08-01,2026-03-31,572,6611,6545,608,0.9408,13156,도안동 목원대(동서대로) 네거리,36.331814,127.338465,서구,도안동,대전광역시 서구 도안동 849
ST0775,2024-08-01,2026-04-01,557,3035,3039,609,0.9146,6074,도안동 하나은행,36.331951,127.34003,서구,도안동,대전광역시 서구 도안동 854
ST0776,2024-08-01,2026-04-01,554,4207,4221,609,0.9097,8428,도안동 어울림하트아파트 1209동,36.334378,127.340329,서구,도안동,대전광역시 서구 도안동 552-8
ST0777,2024-08-01,2026-03-31,572,9070,9084,608,0.9408,18154,원신흥동 도안휴먼시아10단지아파트 상가동,36.338962,127.341983,유성구,원신흥동,대전광역시 유성구 원신흥동 495
ST0778,2024-08-01,2026-03-31,500,1382,1375,608,0.8224,2757,원신흥동 도안휴먼시아10단지아파트 1001동,36.33838,127.340334,유성구,원신흥동,대전광역시 유성구 원신흥동 494-2
ST0779,2024-08-02,2026-03-31,529,1882,1900,607,0.8715,3782,도안동 도안아이파크(대전에너지사업단 방면) 정류장,36.324228,127.345374,서구,도안동,대전광역시 서구 도안동 1118
ST0780,2024-08-01,2026-03-31,571,10747,10795,608,0.9391,21542,도안동 대전도안아이파크아파트 1505동,36.323425,127.347489,서구,도안동,대전광역시 서구 도안동 1092
ST0781,2024-08-01,2026-03-31,570,8026,8033,608,0.9375,16059,도안동 도안초등학교(도안수목토아파트 114동),36.320591,127.344082,서구,도안동,대전광역시 서구 도안동 1364
ST0782,2024-08-01,2026-03-31,560,3789,3770,608,0.9211,7559,도안동 도안수목토아파트 114동 건너편,36.320925,127.34378,서구,도안동,대전광역시 서구 도안동 1241
ST0783,2024-08-01,2026-03-31,420,699,691,608,0.6908,1390,도안동 도안숲소공원,36.319178,127.342418,서구,도안동,대전광역시 서구 도안동 1354
ST0784,2024-08-01,2026-03-31,459,961,959,608,0.7549,1920,도안동 계룡리슈빌 1703동 건너편,36.315809,127.345318,서구,도안동,대전광역시 서구 도안동 1307
ST0785,2024-08-01,2026-03-31,556,3303,3246,608,0.9145,6549,도안동 계룡리슈빌 1704동(육교밑),36.316899,127.345549,서구,도안동,대전광역시 서구 도안동 1368
ST0786,2024-08-01,2026-03-31,565,4837,4852,608,0.9293,9689,도안동 호반베르디움 101동,36.311851,127.346831,서구,도안동,대전광역시 서구 도안동 1373
ST0787,2024-08-01,2026-03-31,544,3431,3436,608,0.8947,6867,도안동 나비어린이공원,36.315173,127.350166,서구,도안동,대전광역시 서구 도안동 1401
ST0788,2024-08-01,2026-03-31,569,6817,6818,608,0.9359,13635,도안동 도안린풀하우스18단지아파트 1806동,36.312225,127.349946,서구,도안동,대전광역시 서구 도안동 1564
ST0789,2024-08-01,2026-03-31,550,3010,3025,608,0.9046,6035,도안동 윗용소어린이공원 입구,36.308151,127.349886,서구,가수원동,대전광역시 서구 가수원동 878
ST0790,2024-08-01,2026-03-31,567,8356,8353,608,0.9326,16709,가수원동 가수원파출소(린풀하우스 방면) 정류장(34870),36.307064,127.352735,서구,가수원동,대전광역시 서구 가수원동 1262
ST0791,2024-08-01,2026-03-31,560,4776,4784,608,0.9211,9560,가수원동 용소수변공원,36.31164,127.352399,서구,가수원동,대전광역시 서구 가수원동 1804
ST0792,2024-08-01,2026-03-31,561,3779,3818,608,0.9227,7597,가수원동 미나리어린이공원 뒤편,36.308348,127.354316,서구,가수원동,대전광역시 서구 가수원동 1211
ST0793,2024-08-01,2026-03-31,564,4323,4291,608,0.9276,8614,가수원동 은아아파트 302동,36.304175,127.350162,서구,가수원동,대전광역시 서구 가수원동 762
ST0794,2024-08-01,2026-03-31,552,2599,2585,608,0.9079,5184,가수원동 771-2,36.301959,127.354341,서구,가수원동,대전광역시 서구 가수원동 771-2
ST0795,2024-08-01,2026-04-01,558,3501,3527,609,0.9163,7028,가수원동 480-1,36.304026,127.353863,서구,가수원동,대전광역시 서구 가수원동 480-1
ST0796,2024-08-01,2026-03-31,566,8522,8537,608,0.9309,17059,가수원동 가수원연립주택 정류장,36.303681,127.347238,서구,가수원동,대전광역시 서구 가수원동 656-50
ST0797,2024-08-01,2026-03-31,570,9440,9486,608,0.9375,18926,도안동 용소1교 좌안,36.3062,127.348531,서구,도안동,대전광역시 서구 도안동 1607
ST0798,2024-08-01,2026-03-31,569,5615,5601,608,0.9359,11216,관저동 느리울마을12단지주공아파트 서측 입구,36.298059,127.340837,서구,관저동,대전광역시 서구 관저동 1402
ST0799,2024-08-01,2026-03-31,541,2346,2350,608,0.8898,4696,관저동 느리울12단지(느리울13단지 방면) 정류장(33580) 뒤편,36.298596,127.340368,서구,관저동,대전광역시 서구 관저동 1350
ST0800,2024-08-01,2026-03-31,289,389,393,608,0.4753,782,관저동 느리울마을13단지주공아파트 1304동,36.29731,127.343899,서구,관저동,대전광역시 서구 관저동 1394
ST0801,2024-08-04,2026-03-31,371,634,629,605,0.6132,1263,관저동 관저어반힐스아파트 501동,36.295775,127.343984,서구,관저동,대전광역시 서구 관저동 1603
ST0802,2024-08-02,2026-03-31,305,660,655,607,0.5025,1315,관저동 관저LH천년나무1단지아파트 정문 입구,36.293739,127.343608,서구,관저동,대전광역시 서구 관저동 1602
ST0803,2024-08-03,2026-03-31,310,484,486,606,0.5116,970,관저동 관저어반힐스아파트 503동,36.293896,127.343269,서구,관저동,대전광역시 서구 관저동 1598
ST0804,2024-08-01,2026-03-31,557,4390,4397,608,0.9161,8787,관저동 다온숲3단지아파트 312동 건너편,36.293727,127.340468,서구,관저동,대전광역시 서구 관저동 1594
ST0805,2024-08-01,2026-03-31,567,5878,5876,608,0.9326,11754,관저동 관저예미지명가의풍경아파트 112동 건너편,36.295223,127.335077,서구,관저동,대전광역시 서구 관저동 1558-18
ST0806,2024-08-01,2026-03-31,532,2326,2339,608,0.875,4665,관저동 관저중흥S클래스프라디움아파트(선유초 방면),36.294986,127.33775,서구,관저동,대전광역시 서구 관저동 1564-5
ST0807,2024-08-01,2026-03-31,514,1895,1898,608,0.8454,3793,관저동 선암초교네거리 정류장(느리울13단지 방면),36.296109,127.336204,서구,관저동,대전광역시 서구 관저동 1549-7
ST0808,2024-08-01,2026-03-31,543,2635,2625,608,0.8931,5260,관저동 느리울13단지 정류장(느리울12단지 방면),36.296247,127.339504,서구,관저동,대전광역시 서구 관저동 1473
ST0809,2024-08-01,2026-03-31,553,4148,4137,608,0.9095,8285,관저동 건양대병원네거리 느리울마을11단지 110동 건너편,36.300119,127.340247,서구,관저동,대전광역시 서구 관저동 1316
ST0810,2024-08-01,2026-03-31,551,2674,2656,608,0.9062,5330,관저동 관저2동우체국,36.298912,127.328778,서구,관저동,대전광역시 서구 관저동 1136
ST0811,2024-08-01,2026-03-31,330,638,632,608,0.5428,1270,관저동 진잠네거리 구봉마을 7단지 방면,36.298427,127.32464,서구,관저동,대전광역시 서구 관저동 1939
ST0812,2024-08-01,2026-03-31,426,957,963,608,0.7007,1920,관저동 진잠네거리 관저더샵아파트 방면,36.298122,127.324051,서구,관저동,대전광역시 서구 관저동 1955
ST0813,2024-08-01,2026-03-31,463,1381,1378,608,0.7615,2759,대정동 대정교 정류장(모다아울렛),36.311983,127.31829,유성구,대정동,대전광역시 유성구 대정동 303-3
ST0814,2024-08-03,2026-04-01,368,489,477,607,0.6063,966,교촌동 진잠향교 입구,36.302868,127.315696,유성구,교촌동,대전광역시 유성구 교촌동 634-23
ST0815,2024-08-01,2026-03-31,342,564,563,608,0.5625,1127,원내동 진잠향교 입구 건너편,36.30296,127.316131,유성구,원내동,대전광역시 유성구 원내동 73-5
ST0816,2024-08-01,2026-03-31,560,3869,3874,608,0.9211,7743,원내동 한아름아파트 상가동,36.296059,127.320214,유성구,원내동,대전광역시 유성구 원내동 357
ST0817,2024-08-01,2026-03-31,569,8256,8141,608,0.9359,16397,관저동 건양대학교병원,36.306045,127.340833,서구,관저동,대전광역시 서구 관저동 37-4
ST0818,2024-08-01,2026-03-31,532,1882,1878,608,0.875,3760,관저동 원앙네거리 구봉신협 원앙지점,36.308082,127.336445,서구,관저동,대전광역시 서구 관저동 981
ST0819,2024-08-01,2026-03-31,553,4340,4326,608,0.9095,8666,관저동 원앙4단지아파트 406동,36.303253,127.340515,서구,관저동,대전광역시 서구 관저동 999
ST0820,2024-08-01,2026-04-01,560,3203,3120,609,0.9195,6323,정림동 우성1차아파트 101동,36.305355,127.362551,서구,정림동,대전광역시 서구 정림동 703
ST0821,2024-08-01,2026-03-31,567,4883,4952,608,0.9326,9835,정림동 늘푸른아파트 102동,36.301889,127.366203,서구,정림동,대전광역시 서구 정림동 641-1
ST0822,2024-08-01,2026-03-31,571,9164,9196,608,0.9391,18360,정림동 삼정하이츠아파트 105동,36.297456,127.362231,서구,정림동,대전광역시 서구 정림동 290-1
ST0823,2024-08-01,2024-10-22,77,759,765,83,0.9277,1524,정림동 무궁화공원,36.302039,127.363585,서구,정림동,정림동 402-2
ST0824,2024-08-01,2026-03-31,445,893,886,608,0.7319,1779,정림동 삼성자동차운전전문학원 건너편,36.302313,127.369511,서구,정림동,대전광역시 서구 정림동 27-5
ST0825,2024-08-01,2026-03-31,572,14214,14017,608,0.9408,28231,오정동 오정농수산물 도매시장,36.357748,127.407751,대덕구,오정동,대전광역시 대덕구 오정동 44-1
ST0826,2024-08-01,2026-03-31,571,6124,6726,608,0.9391,12850,오정동 오정농수산물시장(동대전농협),36.358285,127.409626,대덕구,오정동,대전광역시 대덕구 오정동 58-5
ST0827,2024-08-01,2026-03-31,567,3873,4115,608,0.9326,7988,오정동 통매바위어린이공원,36.354092,127.413244,대덕구,오정동,대전광역시 대덕구 오정동 274-1
ST0828,2024-08-01,2026-03-31,355,4738,4837,608,0.5839,9575,오정동 노촌어린이공원,36.352491,127.408663,대덕구,오정동,오정동 311-6
ST0829,2024-08-01,2026-03-31,545,3015,3159,608,0.8964,6174,오정동 오정로 호남선(가도교) 아래 ,36.350773,127.4124,대덕구,오정동,대전광역시 대덕구 오정동 689
ST0830,2024-08-01,2026-03-31,563,3491,3572,608,0.926,7063,오정동 오정로 호남선(가도교) 아래 2,36.351021,127.412741,대덕구,오정동,대전광역시 대덕구 오정동 400
ST0831,2024-08-01,2026-03-31,540,2734,2830,608,0.8882,5564,오정동 한남오거리(대덕구청 방면),36.347933,127.415619,대덕구,오정동,대전광역시 대덕구 오정동 489-2
ST0832,2024-08-01,2026-03-31,533,2337,2335,608,0.8766,4672,오정동 오정우체국 건너편,36.352689,127.41554,대덕구,오정동,대전광역시 대덕구 오정동 432-4
ST0833,2024-08-01,2026-03-31,571,8025,8216,608,0.9391,16241,오정동 오정네거리(한남대학교 방면),36.358422,127.415779,대덕구,오정동,대전광역시 대덕구 오정동 390-1
ST0834,2024-08-01,2026-03-31,558,2378,2439,608,0.9178,4817,오정동 성진주택 ,36.354897,127.415849,대덕구,오정동,대전광역시 대덕구 오정동 359-3
ST0835,2024-08-01,2026-03-31,572,9639,9618,608,0.9408,19257,중리동 중리지구대 건너편 정류장,36.359046,127.420206,대덕구,중리동,대전광역시 대덕구 중리동 438-8
ST0836,2024-08-01,2026-03-31,507,1597,1612,608,0.8339,3209,중리동 미래어린이공원,36.364024,127.423344,대덕구,중리동,대전광역시 대덕구 중리동 378-12
ST0837,2024-08-02,2026-03-31,296,379,376,607,0.4876,755,중리동 반도정형외과 중리네거리 방면 정류장,36.362967,127.430925,대덕구,중리동,대전광역시 대덕구 중리동 151-8
ST0838,2024-08-01,2026-03-31,573,10409,10446,608,0.9424,20855,중리동 장안외과의원,36.361563,127.431328,대덕구,중리동,대전광역시 대덕구 중리동 180-3
ST0839,2024-08-01,2026-03-28,364,720,666,605,0.6017,1386,중리동 반도정형외과,36.364109,127.43062,대덕구,중리동,대전광역시 대덕구 중리동 151-1
ST0840,2024-08-01,2026-03-31,483,1130,1122,608,0.7944,2252,중리동 중리중학교 입구 정류장,36.366696,127.429898,대덕구,중리동,대전광역시 대덕구 중리동 132-5
ST0841,2024-08-01,2026-03-30,415,1029,879,607,0.6837,1908,중리동(하나로병원),36.36327,127.431282,대덕구,중리동,대전광역시 대덕구 중리동 107-4
ST0842,2024-08-01,2026-03-31,515,1564,1570,608,0.847,3134,중리동 계족로(송애당 입구) 방면,36.364568,127.431422,대덕구,중리동,대전광역시 대덕구 중리동 99-1
ST0843,2024-08-01,2026-03-31,552,2515,2490,608,0.9079,5005,법동 그린타운아파트 112동 건너편,36.365179,127.434744,대덕구,중리동,대전광역시 대덕구 중리동 490-1
ST0844,2024-08-02,2026-03-31,317,522,518,607,0.5222,1040,송촌동 송촌컨벤션센터 건너편,36.365833,127.43692,대덕구,송촌동,대전광역시 대덕구 송촌동 449-6
ST0845,2024-08-01,2026-03-31,530,2088,2082,608,0.8717,4170,법동 한마음아파트 상가동,36.370752,127.431236,대덕구,법동,대전광역시 대덕구 법동 188
ST0846,2024-08-01,2026-03-29,385,607,597,606,0.6353,1204,법동 한마음아파트 106동 건너편,36.370096,127.432297,대덕구,법동,대전광역시 대덕구 법동 191-2
ST0847,2024-08-01,2026-03-30,367,853,632,607,0.6046,1485,송촌동 선비마을5단지아파트 502동 정류장,36.365988,127.444771,대덕구,송촌동,대전광역시 대덕구 송촌동 494-1
ST0848,2024-08-01,2026-03-31,391,716,710,608,0.6431,1426,송촌동성당 건너편 정류장,36.36218,127.444977,대덕구,송촌동,대전광역시 대덕구 송촌동 503-4
ST0849,2024-08-03,2026-03-29,132,156,156,604,0.2185,312,송촌동 진가쟁이어린이공원,36.362892,127.445628,대덕구,송촌동,대전광역시 대덕구 송촌동 505-1
ST0850,2024-08-01,2026-03-31,525,1958,1916,608,0.8635,3874,법동 대덕경찰서,36.369958,127.429496,대덕구,법동,대전광역시 대덕구 법동 191-1
ST0851,2024-08-01,2026-03-31,555,2920,2921,608,0.9128,5841,중리동 럭키스포츠프라자,36.366148,127.42294,대덕구,중리동,대전광역시 대덕구 중리동 362-1
ST0852,2024-08-01,2026-03-31,493,1716,1716,608,0.8109,3432,법동 대전지방국세청 남측(법동네거리 방면),36.37112,127.428477,대덕구,법동,대전광역시 대덕구 법동 282-1
ST0856,2024-08-01,2026-03-31,502,1285,1279,608,0.8257,2564,읍내동 회덕유래비 건너편 정류장,36.376853,127.420782,대덕구,읍내동,대전광역시 대덕구 읍내동 246-8
ST0857,2024-08-01,2026-03-31,526,2174,2200,608,0.8651,4374,읍내동 회덕유래비 정류장,36.376694,127.421145,대덕구,읍내동,대전광역시 대덕구 읍내동 247-3
ST0859,2024-08-01,2026-03-31,519,1484,1479,608,0.8536,2963,읍내동 회덕농협 건너편,36.379356,127.426807,대덕구,읍내동,대전광역시 대덕구 읍내동 577
ST0860,2024-08-01,2026-03-09,429,944,940,586,0.7321,1884,읍내동 보도육교 아래(법동 방면),36.377508,127.426867,대덕구,읍내동,대전광역시 대덕구 읍내동 517-23
ST0861,2024-08-01,2026-03-31,490,1208,1197,608,0.8059,2405,신대동 연축주공아파트 104동,36.396576,127.422896,대덕구,신대동,대전광역시 대덕구 신대동 491-12
ST0862,2024-08-01,2026-03-30,465,837,860,607,0.7661,1697,와동 회덕우체국 입구,36.402848,127.422835,대덕구,와동,대전광역시 대덕구 와동 361-7
ST0863,2024-08-01,2026-03-31,460,1077,1069,608,0.7566,2146,덕암동 덕암동행정복지센터,36.44008,127.42703,대덕구,덕암동,대전광역시 대덕구 덕암동 48-2
ST0864,2024-08-01,2026-03-31,345,514,518,608,0.5674,1032,상서동 쌍용자동차 대전서비스센터 정류장,36.427679,127.422701,대덕구,상서동,대전광역시 대덕구 상서동 298-1
ST0865,2024-08-01,2026-03-31,572,14539,14591,608,0.9408,29130,도마동 효성타운아파트 입구 정류장,36.311649,127.383162,서구,도마동,대전광역시 서구 도마동 180-9
ST0866,2024-08-01,2026-03-31,465,1251,1251,608,0.7648,2502,비래동 SJ산림조합중앙회 건너편 정류장,36.356406,127.44476,대덕구,송촌동,대전광역시 대덕구 송촌동 564-4
ST0867,2024-08-02,2026-03-31,407,686,686,607,0.6705,1372,상서동 상서삼거리(와동 방면) 정류장,36.430125,127.421634,대덕구,상서동,대전광역시 대덕구 상서동 283
ST0868,2024-08-01,2026-03-15,182,175,170,592,0.3074,345,연축동 그린빌라,36.396413,127.426375,대덕구,연축동,대전광역시 대덕구 연축동 169-1
ST0869,2024-08-01,2026-03-31,572,15105,15195,608,0.9408,30300,유천동현대아파트(도마동 방면) 정류장,36.319332,127.400499,중구,유천동,대전광역시 중구 유천동 206-8
ST0870,2024-08-01,2026-03-31,497,1444,1410,608,0.8174,2854,가장동 큰손부추해물칼국수,36.328047,127.386538,서구,가장동,대전광역시 서구 가장동 34-7
ST0871,2024-08-01,2026-03-31,567,4307,4256,608,0.9326,8563,변동 필통수입차부품 정류장,36.327925,127.38572,서구,변동,대전광역시 서구 변동 5-5
ST0872,2024-08-01,2026-03-31,572,12106,12143,608,0.9408,24249,태평동 하나동물병원,36.32615,127.393077,중구,태평동,대전광역시 중구 태평동 409-1
ST0874,2024-08-01,2026-03-31,571,11565,11591,608,0.9391,23156,유천동 새서울종합시장,36.321899,127.396347,중구,유천동,대전광역시 중구 유천2동 196
ST0875,2024-08-01,2026-03-31,572,18318,18382,608,0.9408,36700,태평동 버드내1단지아파트 입구,36.316311,127.388576,중구,태평동,대전광역시 중구 태평동 422-7
ST0876,2024-08-01,2025-03-05,36,1400,1395,217,0.1659,2795,변동 포도힐6차아파트 입구,36.323143,127.378065,서구,변동,변동 61-1
ST0877,2024-08-01,2026-03-31,572,15162,15293,608,0.9408,30455,도마동 농도원네거리,36.320287,127.377601,서구,도마동,대전광역시 서구 도마동 65-56
ST0878,2024-08-01,2026-03-31,571,7080,7275,608,0.9391,14355,변동 동일세탁,36.324702,127.381218,서구,변동,대전광역시 서구 변동 47-6
ST0879,2024-08-01,2026-04-01,477,14665,14698,609,0.7833,29363,도마동 호반써밋(1104동),36.31512,127.378981,서구,도마동,대전광역시 서구 도마동 128-97
ST0880,2024-08-01,2026-03-31,572,8886,8908,608,0.9408,17794,도마동 대일의류도매백화점,36.314305,127.382374,서구,도마동,대전광역시 서구 도마1동 141-5
ST0881,2024-08-01,2026-03-31,562,5109,5095,608,0.9243,10204,도마동삼거리 정류장,36.311071,127.376012,서구,도마동,대전광역시 서구 도마동 188-17
ST0882,2024-08-01,2026-03-31,568,8729,8745,608,0.9342,17474,도마동 도마네거리 리더스내과,36.312797,127.380374,서구,도마동,대전광역시 서구 도마동 174-4
ST0883,2024-08-01,2026-04-01,511,1813,1809,609,0.8391,3622,도마동 띠울석갈비 정류장,36.310334,127.372706,서구,도마동,대전광역시 서구 도마동 312-198
ST0884,2024-08-01,2026-03-31,427,1022,957,608,0.7023,1979,전민동 한국한의학연구원 건너편,36.400008,127.394138,유성구,전민동,대전광역시 유성구 전민동 263-6
ST0885,2024-08-01,2026-03-31,517,4640,4667,608,0.8503,9307,문지동 GS칼텍스 기술연구소,36.389051,127.404877,유성구,문지동,대전광역시 유성구 문지동 104-4
ST0886,2024-08-01,2026-04-01,573,11901,11874,609,0.9409,23775,장대동 드림월드아파트 102동(유성대로 방향),36.362339,127.336965,유성구,장대동,대전광역시 유성구 장대동 342-4
ST0887,2024-08-01,2026-03-31,565,5857,5824,608,0.9293,11681,장대동 월드컵패밀리타운아파트 106동(유성대로 방향),36.363941,127.337671,유성구,장대동,대전광역시 유성구 장대동 335-1
ST0888,2024-08-01,2026-03-31,570,10611,10602,608,0.9375,21213,장대동 어울림주간보호센터,36.361372,127.335949,유성구,장대동,대전광역시 유성구 장대동 331-8
ST0889,2024-08-01,2026-03-31,571,8972,8970,608,0.9391,17942,장대동 장대네거리 (죽동네거리 방면) 정류장,36.365405,127.335809,유성구,장대동,대전광역시 유성구 장대동 309-1
ST0890,2024-08-01,2026-03-31,552,4418,4416,608,0.9079,8834,죽동 군량들어린이공원 입구,36.369687,127.334562,유성구,죽동,대전광역시 유성구 죽동 690
ST0891,2024-08-01,2026-03-31,568,5652,5667,608,0.9342,11319,죽동천년나무아파트 505동,36.371253,127.335218,유성구,죽동,대전광역시 유성구 죽동 712
ST0892,2024-08-01,2026-03-31,573,20204,20203,608,0.9424,40407,죽동 노브랜드,36.368872,127.339351,유성구,죽동,대전광역시 유성구 죽동 709-1
ST0893,2024-08-01,2026-03-31,477,1028,1015,608,0.7845,2043,노은동 열매마을 11단지(1109동),36.364508,127.31358,유성구,노은동,대전광역시 유성구 노은동 552-3
ST0894,2024-08-02,2026-03-31,250,297,298,607,0.4119,595,노은동 더노은로 캠핑장,36.36344,127.315829,유성구,노은동,대전광역시 유성구 노은동 563-1
ST0895,2024-08-01,2026-03-31,529,1732,1728,608,0.8701,3460,노은동 농수산물도매시장 건너편 정류장(노은로 방면),36.364207,127.317543,유성구,노은동,대전광역시 유성구 노은동 561-9
ST0896,2024-08-01,2026-03-31,568,8353,8362,608,0.9342,16715,노은동 월드컵경기장역 2번출구,36.366538,127.317477,유성구,노은동,대전광역시 유성구 노은동 553-8
ST0897,2024-08-01,2026-03-31,269,439,400,608,0.4424,839,노은동 노은서로 94 ,36.36852,127.313927,유성구,노은동,대전광역시 유성구 노은동 514-1
ST0898,2024-08-01,2026-03-31,337,529,524,608,0.5543,1053,노은동 노은카운티스(103동),36.370716,127.315502,유성구,노은동,대전광역시 유성구 노은동 495
ST0899,2024-08-01,2026-03-31,567,7877,7891,608,0.9326,15768,노은동 CGV,36.372578,127.318114,유성구,지족동,대전광역시 유성구 지족동 905-4
ST0900,2024-08-01,2026-03-31,570,7223,7243,608,0.9375,14466,노은동 열매마을 8단지 입구,36.372054,127.319636,유성구,노은동,대전광역시 유성구 노은동 520-1
ST0901,2024-08-01,2026-03-31,530,1853,1862,608,0.8717,3715,지족동 열매마을 7단지 입구,36.372287,127.321406,유성구,지족동,대전광역시 유성구 지족동 919
ST0902,2024-08-01,2026-03-31,561,3397,3390,608,0.9227,6787,노은동 열매마을 9단지 입구,36.372076,127.321571,유성구,노은동,대전광역시 유성구 노은동 521
ST0903,2024-08-01,2026-03-31,571,7174,7194,608,0.9391,14368,노은동 열매마을 9단지(910동),36.37103,127.323283,유성구,노은동,대전광역시 유성구 노은동 521
ST0904,2024-08-01,2026-03-31,567,5425,5433,608,0.9326,10858,지족동 열매마을 7단지(708동),36.373125,127.322829,유성구,지족동,대전광역시 유성구 지족동 919
ST0905,2024-08-01,2026-03-31,540,2525,2516,608,0.8882,5041,지족동 열매마을 4단지 405동앞,36.376101,127.316167,유성구,지족동,대전광역시 유성구 지족동 858
ST0906,2024-08-01,2025-04-16,194,378,379,259,0.749,757,지족동 경신빌딩,36.375826,127.31618,유성구,지족동,지족동 884-4
ST0907,2024-08-01,2026-03-31,570,7675,7665,608,0.9375,15340,지족동 열매마을 5단지 입구,36.376106,127.318892,유성구,지족동,대전광역시 유성구 지족동 877-1
ST0908,2024-08-01,2026-03-31,567,4328,4342,608,0.9326,8670,지족동 열매마을 6단지 입구,36.376108,127.321417,유성구,지족동,대전광역시 유성구 지족동 880
ST0909,2024-08-01,2026-03-31,549,2639,2601,608,0.903,5240,지족동 열매마을 2단지(202동),36.37998,127.318261,유성구,지족동,대전광역시 유성구 지족동 873
ST0910,2024-08-01,2026-04-01,572,5682,5696,609,0.9392,11378,지족동 열매마을 2단지(201동),36.380472,127.319311,유성구,지족동,대전광역시 유성구 지족동 873
ST0911,2024-08-01,2026-03-31,561,4332,4314,608,0.9227,8646,죽동 유성경찰서 민원실앞,36.37857,127.3258,유성구,죽동,대전광역시 유성구 죽동 629
ST0912,2024-08-01,2026-03-31,568,4497,4507,608,0.9342,9004,송강동 송강청솔아파트 상가,36.436395,127.383657,유성구,송강동,대전광역시 유성구 송강동 8-2
ST0913,2024-08-01,2026-03-31,531,2000,2040,608,0.8734,4040,신일동 한솔제지 입구,36.431715,127.407364,대덕구,신일동,대전광역시 대덕구 신일동 1235-2
ST0914,2024-08-01,2026-03-31,514,2490,2527,608,0.8454,5017,신일동 트루윈 입구,36.436712,127.405937,대덕구,신일동,대전광역시 대덕구 신일동 1680
ST0916,2024-08-01,2026-03-31,570,6668,6858,608,0.9375,13526,오정동 대덕구청,36.34647,127.416471,대덕구,오정동,대전광역시 대덕구 오정동 759
ST0918,2025-03-04,2025-03-05,2,4,0,2,1.0,4,삼성동 민정빌라,36.344473,127.416876,동구,삼성동,삼성동 458
ST0920,2024-08-04,2026-03-31,476,1261,1257,605,0.7868,2518,도룡동 LG화학 사원아파트,36.386808,127.377847,유성구,도룡동,대전광역시 유성구 도룡동 386-4
ST0922,2024-08-01,2026-03-31,521,1644,1649,608,0.8569,3293,산성동 주원교회 건너편,36.295903,127.386592,중구,사정동,대전광역시 중구 사정동 517
ST0923,2024-08-01,2026-03-31,564,4702,4719,608,0.9276,9421,목동 목양마을 버스정류장(117동),36.335659,127.403532,중구,목동,대전광역시 중구 목동 68-2
ST0925,2024-08-01,2026-03-31,561,7955,8020,608,0.9227,15975,용산동 대전테크노파크용산동 에스피에스,36.420966,127.405413,유성구,용산동,대전광역시 유성구 용산동 602
ST0926,2024-08-01,2026-03-31,562,5849,5833,608,0.9243,11682,용산동 충남대학교 산학협력지원센터,36.425747,127.4018,유성구,용산동,대전광역시 유성구 용산동 560
ST0927,2024-08-01,2026-03-31,538,3656,3656,608,0.8849,7312,관평동 한밭대학교 대덕산학융합캠퍼스,36.428228,127.395161,유성구,관평동,대전광역시 유성구 관평동 1287
ST0928,2024-08-01,2026-03-31,543,1962,1927,608,0.8931,3889,용산동 경남아너스빌 1단지(101동),36.420748,127.398614,유성구,용산동,대전광역시 유성구 용산동 716
ST0929,2024-08-01,2026-03-30,486,1173,1091,607,0.8007,2264,용산동 테크노밸리푸르지오 1단지(101동),36.418407,127.396803,유성구,용산동,대전광역시 유성구 용산동 722
ST0930,2024-08-01,2026-03-31,334,556,452,608,0.5493,1008,용산동 경남아너스빌 1단지(209동),36.41829,127.397962,유성구,용산동,대전광역시 유성구 용산동 719
ST0931,2024-08-01,2026-03-31,533,2319,2292,608,0.8766,4611,용산동 테크노밸리 12단지(1209동),36.417587,127.395132,유성구,용산동,대전광역시 유성구 용산동 664
ST0932,2024-08-01,2026-03-31,472,1147,1107,608,0.7763,2254,용산동 테크노밸리 2단지(201동),36.41753,127.39545,유성구,용산동,대전광역시 유성구 용산동 672
ST0933,2024-08-01,2026-02-02,252,512,507,551,0.4574,1019,낭월동 남대전 이편한세상 입구 정류장,36.280439,127.468131,동구,낭월동,대전광역시 동구 낭월동 199
ST0934,2024-08-01,2026-03-31,560,4487,4520,608,0.9211,9007,대동 이스트시티(102동),36.327454,127.440227,동구,대동,대전광역시 동구 대동 541
ST0935,2024-08-01,2026-03-31,487,1598,1610,608,0.801,3208,낭월동 우체국,36.281293,127.467431,동구,낭월동,대전광역시 동구 낭월동 459
ST0936,2024-08-01,2026-03-31,530,2059,2076,608,0.8717,4135,낭월동 오투그란데(107동),36.285641,127.465161,동구,낭월동,대전광역시 동구 낭월동 673
ST0937,2024-08-01,2026-03-31,568,6593,6614,608,0.9342,13207,송강동 한마을아파트(107동),36.430575,127.38344,유성구,송강동,대전광역시 유성구 송강동 200-4
ST0938,2024-08-01,2026-03-31,567,4930,4911,608,0.9326,9841,송강동 그린아파트(318동),36.430354,127.383071,유성구,송강동,대전광역시 유성구 송강동 199
ST0939,2024-08-01,2026-03-31,555,8531,8570,608,0.9128,17101,송강동 한마을아파트(114동),36.429031,127.384643,유성구,송강동,대전광역시 유성구 송강동 200-4
ST0940,2024-08-01,2026-03-31,572,8330,8360,608,0.9408,16690,송강동 계룡한솔아파트(201동),36.432319,127.386334,유성구,송강동,대전광역시 유성구 송강동 200-1
ST0941,2024-08-01,2026-03-31,572,11508,11536,608,0.9408,23044,송강동 송강초등학교,36.433056,127.384058,유성구,송강동,대전광역시 유성구 송강동 556
ST0942,2024-08-01,2026-03-31,562,2810,2828,608,0.9243,5638,봉산동 휴먼시아(102동),36.438063,127.383602,유성구,봉산동,대전광역시 유성구 봉산동 295
ST0943,2024-08-01,2026-03-31,514,1344,1341,608,0.8454,2685,봉산동 휴먼시아 상가 정류장,36.438033,127.384814,유성구,봉산동,대전광역시 유성구 봉산동 305-10
ST0944,2024-08-01,2026-03-31,553,2620,2573,608,0.9095,5193,구즉동 행정복지센터,36.440271,127.383817,유성구,봉산동,대전광역시 유성구 봉산동 294
ST0945,2024-08-01,2026-03-31,564,3650,3660,608,0.9276,7310,구즉동 행정복지센터 입구 정류장,36.441154,127.385611,유성구,봉산동,대전광역시 유성구 봉산동 305-1
ST0946,2025-03-04,2025-03-04,1,1,0,1,1.0,1,송강동 송강마을 2단지 상가,36.437116,127.386015,유성구,송강동,송강동 10-3
ST0947,2024-08-01,2026-03-31,498,1912,1898,608,0.8191,3810,신일동 한국장애인고용공단 대전직업능력개발원,36.439644,127.410337,대덕구,신일동,대전광역시 대덕구 신일동 1687-1
ST0948,2024-08-01,2026-03-31,530,2206,2218,608,0.8717,4424,문평동 롯데칠성음료 대전공장,36.445467,127.395833,대덕구,문평동,대전광역시 대덕구 문평동 86
ST0949,2024-08-01,2026-03-31,544,4225,4265,608,0.8947,8490,문평동 옥봉 신탄진물류센터,36.448073,127.4006,대덕구,문평동,대전광역시 대덕구 문평동 93
ST0950,2024-08-01,2026-03-31,567,3333,3360,608,0.9326,6693,목상동 한일제관 대전공장 입구 건너편,36.445717,127.410161,대덕구,목상동,대전광역시 대덕구 목상동 145-12
ST0951,2024-08-01,2026-03-31,570,6796,6857,608,0.9375,13653,신일동 을미기체육공원,36.443878,127.41057,대덕구,신일동,대전광역시 대덕구 신일동 1682-4
ST0952,2024-08-01,2026-03-31,571,13413,13493,608,0.9391,26906,목상동 다사랑아파트 104동,36.447099,127.414697,대덕구,목상동,대전광역시 대덕구 목상동 185-2
ST0953,2024-08-01,2026-03-31,480,1071,1073,608,0.7895,2144,석봉동 이노센스뷰아파트,36.447445,127.424825,대덕구,석봉동,대전광역시 대덕구 석봉동 759
ST0954,2024-08-01,2026-03-31,544,2282,2251,608,0.8947,4533,신탄진동 신탄진고 정문,36.449813,127.435619,대덕구,신탄진동,대전광역시 대덕구 신탄진동 28
ST0956,2024-08-01,2026-03-31,563,5295,5304,608,0.926,10599,평촌동 행복한마을 신일유토빌(102동),36.438497,127.423392,대덕구,평촌동,대전광역시 대덕구 평촌동 540-4
ST0957,2024-08-01,2026-03-31,545,2220,2229,608,0.8964,4449,덕암동 신탄진농협 본점,36.436965,127.422654,대덕구,덕암동,대전광역시 대덕구 덕암동 60-6
ST0958,2024-08-01,2026-03-31,571,13766,13968,608,0.9391,27734,신흥동 SK뷰(106동),36.325984,127.441693,동구,신흥동,대전광역시 동구 신흥동 178-5
ST0959,2024-08-01,2026-03-31,567,4718,4723,608,0.9326,9441,선화동 라온힐,36.328919,127.418494,중구,선화동,대전광역시 중구 선화동 360-5
ST0960,2024-08-01,2026-03-31,566,5626,5665,608,0.9309,11291,선화동 대전측기사,36.325599,127.420049,중구,선화동,대전광역시 중구 선화동 383
ST0961,2024-08-01,2026-03-31,559,5756,5760,608,0.9194,11516,선화동 충청남도 대전학사관,36.326144,127.419176,중구,선화동,대전광역시 중구 선화동 373
ST0962,2024-08-01,2026-03-31,557,5625,5607,608,0.9161,11232,선화동 중구국민체육센터,36.329866,127.417142,중구,선화동,대전광역시 중구 선화동 186-14
ST0963,2024-08-01,2026-03-22,172,205,171,599,0.2871,376,송촌동 선비마을 2단지(202동),36.369146,127.440214,대덕구,송촌동,대전광역시 대덕구 송촌동 444
ST0964,2024-08-04,2026-03-30,136,166,156,604,0.2252,322,송촌동 아이프라자,36.367456,127.437376,대덕구,송촌동,대전광역시 대덕구 송촌동 525
ST0965,2024-08-03,2026-03-31,385,770,771,606,0.6353,1541,송촌동 선비마을 3단지(303동),36.367138,127.441635,대덕구,송촌동,대전광역시 대덕구 송촌동 461-1
ST0966,2024-08-02,2026-03-29,348,588,583,605,0.5752,1171,송촌동 선비마을 4단지(403동),36.367487,127.442352,대덕구,송촌동,대전광역시 대덕구 송촌동 462
ST0967,2024-08-02,2026-03-25,101,106,86,601,0.1681,192,송촌동 선비마을 3단지(316동),36.369394,127.440838,대덕구,송촌동,대전광역시 대덕구 송촌동 461-1
ST0968,2024-08-01,2026-03-31,348,531,533,608,0.5724,1064,송촌동 선비마을 4단지(414동),36.366018,127.444377,대덕구,송촌동,대전광역시 대덕구 송촌동 462
ST0969,2024-08-02,2026-03-30,325,512,511,606,0.5363,1023,송촌동 선비마을 5단지 상가,36.364161,127.446098,대덕구,송촌동,대전광역시 대덕구 송촌동 494-1
ST0970,2024-08-07,2026-03-27,136,154,154,598,0.2274,308,송촌동 송촌고등학교,36.362509,127.446553,대덕구,송촌동,대전광역시 대덕구 송촌동 526
ST0971,2024-08-01,2026-03-29,349,743,749,606,0.5759,1492,비래동 유앤미아파트,36.360221,127.450114,대덕구,비래동,대전광역시 대덕구 비래동 531
ST0972,2024-08-05,2026-03-29,140,161,161,602,0.2326,322,비래동 금성백조 102동,36.3582,127.4505,대덕구,비래동,대전광역시 대덕구 비래동 541
ST0973,2024-08-14,2026-03-31,135,149,149,595,0.2269,298,비래동 금성백조(101동 남쪽),36.357991,127.451736,대덕구,비래동,대전광역시 대덕구 비래동 133-5
ST0974,2024-08-01,2026-03-25,156,156,152,602,0.2591,308,비래동 금성백조(101동 북쪽),36.358738,127.451886,대덕구,비래동,대전광역시 대덕구 비래동 535
ST0975,2024-08-01,2026-03-31,264,473,467,608,0.4342,940,비래동 청송빌딩,36.359322,127.448372,대덕구,비래동,대전광역시 대덕구 비래동 541
ST0976,2024-08-01,2026-03-31,453,1057,1062,608,0.7451,2119,송촌동 송촌서오아파트(104동),36.359496,127.445773,대덕구,송촌동,대전광역시 대덕구 송촌동 555
ST0978,2024-08-09,2025-02-14,24,25,25,190,0.1263,50,가양동 청하목욕탕,36.354278,127.452952,동구,가양동,가양동 668
ST0979,2024-08-01,2026-03-31,405,759,761,608,0.6661,1520,가양동 혜성빌,36.350051,127.451832,동구,가양동,대전광역시 동구 가양동 671
ST0980,2024-08-01,2026-03-31,446,990,994,608,0.7336,1984,가양동 두원빌라(A동),36.349513,127.449036,동구,가양동,대전광역시 동구 가양동 675
ST0981,2024-08-01,2026-03-31,523,1880,1869,608,0.8602,3749,가양동 흥룡연립,36.347812,127.446057,동구,가양동,대전광역시 동구 가양동 389-4
ST0982,2024-08-01,2026-03-31,531,2112,2111,608,0.8734,4223,송촌동 대전충남적십자혈액원,36.354194,127.441702,대덕구,송촌동,대전광역시 대덕구 송촌동 364
ST0983,2024-08-01,2026-03-31,560,3097,3108,608,0.9211,6205,비래동 백마강참숯민물장어,36.352242,127.443058,대덕구,비래동,대전광역시 대덕구 비래동 561-1
ST0984,2024-08-01,2026-03-31,561,7157,7303,608,0.9227,14460,문지동 싸이언스빌3가 대덕벤처협동화단지,36.386136,127.404916,유성구,원촌동,대전광역시 유성구 원촌동 141-2
ST0985,2024-08-01,2026-03-31,521,3215,3067,608,0.8569,6282,문지동 케이엘이에스 정류장,36.391068,127.40509,유성구,문지동,대전광역시 유성구 문지동 611-2
ST0986,2024-08-01,2026-03-31,423,982,988,608,0.6957,1970,가양동 녹십자약국,36.346302,127.445393,동구,가양동,대전광역시 동구 가양동 418-18
ST0987,2024-08-01,2026-04-01,570,7385,7402,609,0.936,14787,가양동 다솜요양병원,36.343639,127.442344,동구,가양동,대전광역시 동구 가양동 288-6
ST0988,2024-08-01,2026-03-30,349,506,504,607,0.575,1010,갑동 현충원 인근 갑동숯불민물장어,36.361432,127.289221,유성구,갑동,대전광역시 유성구 갑동 400-14
ST0989,2024-08-03,2026-03-31,334,802,805,606,0.5512,1607,덕명동 덕송초등학교,36.360558,127.303068,유성구,덕명동,대전광역시 유성구 덕명동 555
ST0990,2024-08-02,2026-03-31,393,626,622,607,0.6474,1248,갑동 온조식당 입구,36.360344,127.295441,유성구,갑동,대전광역시 유성구 갑동 433-63
ST0991,2024-08-01,2026-03-31,538,2306,2308,608,0.8849,4614,신봉동 자운대 간부3동 아파트 정류장,36.408706,127.337085,유성구,신봉동,대전광역시 유성구 신봉동 170-1
ST0992,2024-08-03,2026-03-31,298,463,396,606,0.4917,859,신봉동 자운중학교(78군사우체국 정류장),36.410926,127.337113,유성구,신봉동,대전광역시 유성구 신봉동 436-5
ST0993,2024-08-01,2026-03-31,509,2031,2023,608,0.8372,4054,추목동 자운대 8단지(812동),36.41465,127.344156,유성구,추목동,대전광역시 유성구 추목동 435
ST0994,2024-08-01,2026-03-30,342,543,516,607,0.5634,1059,신봉동 자운대 쇼핑타운(231동),36.414126,127.337154,유성구,신봉동,대전광역시 유성구 신봉동 230-13
ST0995,2024-08-01,2026-03-31,488,1294,1300,608,0.8026,2594,용운동 한화꿈에그린 입구,36.332435,127.457031,동구,용운동,대전광역시 동구 용운동 767-1
ST0996,2024-08-01,2026-03-31,562,4226,4174,608,0.9243,8400,대성동 은어송마을 2단지 입구,36.30349,127.457388,동구,대성동,대전광역시 동구 대성동 130-1
ST0997,2024-08-01,2026-03-31,464,1070,1070,608,0.7632,2140,가오동 은어송마을 1단지(108동),36.303742,127.457495,동구,가오동,대전광역시 동구 가오동 727
ST0999,2024-08-01,2026-03-31,494,1302,1305,608,0.8125,2607,가오동 은어송마을 3단지(311동),36.312054,127.459413,동구,가오동,대전광역시 동구 가오동 496
ST1000,2024-08-01,2026-03-31,548,2380,2378,608,0.9013,4758,옥계동 솔빛아파트,36.299145,127.454534,중구,옥계동,대전광역시 중구 옥계동 51-1
ST1001,2024-08-01,2026-03-31,564,3198,3214,608,0.9276,6412,옥계동 울엄마양평해장국,36.300018,127.453359,중구,옥계동,대전광역시 중구 옥계동 51-1
ST1002,2024-08-01,2026-03-31,553,2189,2209,608,0.9095,4398,호동 그린세탁소,36.302862,127.448513,중구,호동,대전광역시 중구 호동 27-4
ST1003,2024-08-01,2026-03-31,549,2193,2208,608,0.903,4401,호동 장보고가게,36.30186,127.447833,중구,호동,대전광역시 중구 호동 95-3
ST1004,2024-08-01,2026-03-31,552,2924,2937,608,0.9079,5861,호동 쟈스민 아울렛매장,36.303516,127.450743,중구,호동,대전광역시 중구 호동 27-1
ST1005,2024-08-02,2026-03-31,388,721,733,607,0.6392,1454,옥계동 다조은 노인복지센터,36.301953,127.453619,중구,옥계동,대전광역시 중구 옥계동 51-2
ST1006,2024-08-06,2026-03-31,443,915,919,603,0.7347,1834,옥계동 하남아파트 A동,36.300593,127.454851,중구,옥계동,대전광역시 중구 옥계동 51-7
ST1007,2024-08-01,2026-03-31,540,2367,2400,608,0.8882,4767,옥계동 신도빌아파트,36.298491,127.45608,중구,옥계동,대전광역시 중구 옥계동 51-7
ST1008,2024-08-01,2026-03-31,547,2472,2485,608,0.8997,4957,천동 주공아파트 버스정류장(12동),36.308115,127.449764,동구,가오동,대전광역시 동구 가오동 394
ST1009,2024-08-01,2026-03-31,548,3540,3542,608,0.9013,7082,가오동 신흥교회,36.306,127.451932,동구,가오동,대전광역시 동구 가오동 236-11
ST1010,2024-08-01,2026-03-31,564,3366,3380,608,0.9276,6746,천동 홍익아파트(101동),36.311173,127.447078,동구,천동,대전광역시 동구 천동 71-18
ST1011,2024-08-02,2026-03-31,554,2850,2875,607,0.9127,5725,효동 대전국악방송 건너편,36.313705,127.44112,동구,효동,대전광역시 동구 효동 125-5
ST1012,2024-08-01,2026-03-31,546,3023,3025,608,0.898,6048,덕암동 베스트코 신탄진점 건너편,36.434134,127.421709,대덕구,덕암동,대전광역시 대덕구 덕암동 79-2
ST1013,2024-08-01,2026-03-31,561,4630,4645,608,0.9227,9275,법동 영진로얄아파트 입구,36.37412,127.426557,대덕구,법동,대전광역시 대덕구 법동 344-16
ST1014,2024-08-01,2026-03-31,520,2902,2900,608,0.8553,5802,궁동 충남대학교 학생생활관,36.372306,127.346404,유성구,궁동,대전광역시 유성구 궁동 220-29
ST1015,2024-08-01,2026-03-31,570,10498,10459,608,0.9375,20957,궁동 충남대학교 중앙도서관,36.369431,127.346301,유성구,궁동,대전광역시 유성구 궁동 220
ST1016,2024-08-01,2026-04-01,573,57464,57599,609,0.9409,115063,궁동 충남대학교 학생회관,36.366454,127.345568,유성구,궁동,대전광역시 유성구 궁동 220
ST1017,2024-08-01,2026-03-31,570,10250,10250,608,0.9375,20500,죽동 충남대학교 서문네거리,36.37041,127.339933,유성구,죽동,대전광역시 유성구 죽동 726
ST1018,2024-08-01,2026-03-31,572,20724,20359,608,0.9408,41083,장대동 장대네거리(학사마을) ,36.364937,127.338671,유성구,장대동,대전광역시 유성구 장대동 312-3
ST1019,2024-08-01,2026-03-31,570,9359,9358,608,0.9375,18717,장대동 장대네거리(하이마트),36.363979,127.338297,유성구,장대동,대전광역시 유성구 장대동 339
ST1020,2024-08-01,2026-04-01,573,20814,20824,609,0.9409,41638,궁동 충대정문오거리1(정문),36.362495,127.344141,유성구,궁동,대전광역시 유성구 궁동 351
ST1021,2024-08-01,2026-04-01,573,37797,37817,609,0.9409,75614,궁동 버스정류장(유성구청 방향),36.360527,127.349743,유성구,궁동,대전광역시 유성구 궁동 29-3
ST1023,2024-08-01,2026-03-31,573,40399,40466,608,0.9424,80865,봉명동 매드블럭,36.358699,127.343662,유성구,봉명동,대전광역시 유성구 봉명동 608
ST1024,2024-08-01,2026-03-31,572,30643,30691,608,0.9408,61334,만년동 행정복지센터,36.367645,127.375195,서구,만년동,대전광역시 서구 만년동 2
ST1025,2024-08-01,2025-04-16,252,3677,3664,259,0.973,7341,만년동 초원아파트 버스정류장(107동),36.367683,127.379283,서구,만년동,대전광역시 서구 만년동 401
ST1026,2024-08-01,2026-03-31,566,41340,41066,608,0.9309,82406,만년동 한밭수목원(서원),36.369195,127.387595,서구,만년동,대전광역시 서구 만년동 396
ST1027,2024-08-01,2026-03-31,567,64122,63518,608,0.9326,127640,만년동 한밭수목원(동원),36.369245,127.388462,서구,만년동,대전광역시 서구 만년동 396
ST1028,2024-08-01,2026-03-31,569,15834,15775,608,0.9359,31609,만년동 둔산대공원 입구(버스정류장),36.365018,127.389358,서구,만년동,대전광역시 서구 만년동 399
ST1029,2024-08-01,2026-04-01,573,15173,15179,609,0.9409,30352,월평동 누리아파트(후문 버스정류장),36.359288,127.374225,서구,월평동,대전광역시 서구 월평동 1510
ST1030,2024-08-01,2026-03-31,572,13232,13208,608,0.9408,26440,월평동 백합아파트(성룡초교),36.361423,127.374492,서구,월평동,대전광역시 서구 월평동 1510
ST1031,2024-08-01,2026-03-31,566,8623,8601,608,0.9309,17224,둔산동 정부청사 입구(대덕대로),36.361912,127.379653,서구,둔산동,대전광역시 서구 둔산동 1516
ST1032,2024-08-01,2026-03-31,571,33164,32711,608,0.9391,65875,둔산동 정부청사역 4번출구,36.357979,127.382026,서구,둔산동,대전광역시 서구 둔산동 949
ST1033,2024-08-01,2026-04-01,573,36518,37776,609,0.9409,74294,둔산동 정부청사 입구(남문),36.359685,127.385324,서구,둔산동,대전광역시 서구 둔산동 1517
ST1034,2024-08-01,2026-03-31,569,8307,8245,608,0.9359,16552,둔산동 정부청사 입구(샘머리),36.361215,127.390075,서구,둔산동,대전광역시 서구 둔산동 1518
ST1036,2024-08-01,2026-03-31,572,13383,13171,608,0.9408,26554,월평동 갑천역 1번출구,36.354419,127.354588,서구,월평동,대전광역시 서구 월평동 1555
ST1037,2024-08-01,2026-04-01,573,12516,12491,609,0.9409,25007,월평동 진달래아파트 107동,36.358189,127.366242,서구,월평동,대전광역시 서구 월평동 1503-1
ST1038,2024-08-01,2026-03-31,573,17636,17631,608,0.9424,35267,둔산동 둔산여고,36.352995,127.374385,서구,둔산동,대전광역시 서구 둔산동 1526
ST1039,2024-08-01,2026-04-01,573,50052,50086,609,0.9409,100138,둔산동 타임월드,36.352923,127.379151,서구,둔산동,대전광역시 서구 둔산동 1033
ST1040,2024-08-01,2026-04-01,570,7570,7555,609,0.936,15125,둔산동 크로바아파트(정문 맞은편),36.351177,127.391784,서구,둔산동,대전광역시 서구 둔산동 1554-1
ST1041,2024-08-01,2026-03-31,572,25933,25932,608,0.9408,51865,둔산동 둔산청솔아파트(9동),36.351335,127.398595,서구,둔산동,대전광역시 서구 둔산동 2161
ST1042,2024-08-02,2026-03-31,478,1394,1396,607,0.7875,2790,관저동 관저더샵 2차(202동),36.293938,127.326051,서구,관저동,대전광역시 서구 관저동 1981
ST1043,2024-08-01,2026-03-31,572,8851,8881,608,0.9408,17732,중촌역 푸르지오(정문),36.345574,127.410817,중구,중촌동,대전광역시 중구 중촌동 165
ST1044,2024-08-01,2026-03-31,568,6911,6974,608,0.9342,13885,중촌동 푸르지오(102동),36.346737,127.40938,중구,중촌동,대전광역시 중구 중촌동 472
ST1045,2024-08-01,2026-03-31,571,8949,9021,608,0.9391,17970,중촌동 신수빌딩,36.342852,127.409797,중구,중촌동,대전광역시 중구 중촌동 436
ST1046,2024-08-01,2026-03-31,571,13417,13468,608,0.9391,26885,관평동 북대전농협 관평지점,36.423887,127.388695,유성구,관평동,대전광역시 유성구 관평동 927
ST1047,2024-08-01,2026-03-31,522,1847,1848,608,0.8586,3695,관평동 신동아파밀리에 정류장(509동),36.419803,127.386058,유성구,관평동,대전광역시 유성구 관평동 680
ST1050,2024-08-01,2026-04-01,572,10738,10796,609,0.9392,21534,상대동 아이파크시티 2단지(205동),36.335927,127.333196,유성구,상대동,대전광역시 유성구 상대동 402-38
ST1051,2024-08-01,2026-04-01,573,29602,29700,609,0.9409,59302,월평역 이마트 트레이더스,36.358472,127.361088,서구,월평동,대전광역시 서구 월평동 1529
ST1052,2024-08-01,2026-03-31,572,21798,21807,608,0.9408,43605,궁동 충남대학교 입구 버스정류장(황금상회),36.361238,127.346071,유성구,궁동,대전광역시 유성구 궁동 485
ST1053,2024-08-01,2026-03-31,567,5676,5640,608,0.9326,11316,홍도동 용전네거리 하나은행,36.347196,127.431319,동구,홍도동,대전광역시 동구 홍도동 9-6
ST1054,2024-08-01,2026-03-31,552,3109,3118,608,0.9079,6227,복수동 서부경찰서,36.30844,127.373555,서구,복수동,대전광역시 서구 복수동 292-14
ST1055,2024-08-01,2026-03-31,563,6451,5877,608,0.926,12328,문화동 한밭도서관,36.310012,127.408316,중구,문화동,대전광역시 중구 문화동 192-12
ST1056,2024-08-01,2026-03-31,572,36911,36898,608,0.9408,73809,월평동 백합네거리,36.362352,127.376361,서구,월평동,대전광역시 서구 월평동 222
ST1057,2024-08-01,2026-03-31,571,6120,6038,608,0.9391,12158,관평동 배울네거리,36.422035,127.387574,유성구,관평동,대전광역시 유성구 관평동 1286
ST1058,2024-08-01,2026-04-01,574,35738,35329,609,0.9425,71067,어은동 카이스트 학사식당,36.373495,127.359509,유성구,어은동,대전광역시 유성구 어은동 44
ST1059,2024-08-01,2026-03-31,569,8448,8317,608,0.9359,16765,둔산동 법원 버스정류장,36.355322,127.390008,서구,둔산동,대전광역시 서구 둔산동 1390
ST1060,2024-08-01,2026-03-31,570,9072,8971,608,0.9375,18043,탄방동 둔산자이아이파크 109동,36.342927,127.382669,서구,탄방동,대전광역시 서구 탄방동 1493-27
ST1062,2024-08-01,2026-03-31,568,8999,8989,608,0.9342,17988,내동네거리,36.330812,127.377007,서구,변동,대전광역시 서구 변동 70-9
ST1063,2024-08-01,2026-03-31,556,3305,3524,608,0.9145,6829,읍내동 대덕문화원,36.374219,127.420393,대덕구,읍내동,대전광역시 대덕구 읍내동 324-5
ST1064,2024-08-01,2026-03-31,572,10955,10982,608,0.9408,21937,죽동 금성백조 건너편 맘스터치,36.369139,127.336709,유성구,죽동,대전광역시 유성구 죽동 750
ST1065,2024-08-01,2026-03-31,572,13773,13719,608,0.9408,27492,상대동 상대초등학교,36.348217,127.335799,유성구,상대동,대전광역시 유성구 상대동 467-1
ST1066,2024-08-01,2026-03-31,571,25512,25605,608,0.9391,51117,가정동 국립중앙과학관,36.37522,127.378129,유성구,가정동,대전광역시 유성구 가정동 54-3
ST1067,2024-08-01,2026-03-31,547,25192,25213,608,0.8997,50405,중앙로역 3번출구,36.327822,127.426215,중구,대흥동,대전광역시 중구 대흥동 630
ST1068,2024-08-01,2025-08-01,328,1466,1464,366,0.8962,2930,자양동 우송대 정문 건너편,36.336899,127.44775,동구,자양동,대전광역시 동구 자양동 58-12
ST1069,2024-08-01,2026-03-31,495,2221,2038,608,0.8141,4259,덕명동 한밭대학교 정문(투썸플레이스),36.350426,127.297526,유성구,덕명동,대전광역시 유성구 덕명동 615-1
ST1070,2024-08-01,2026-03-31,571,12289,12302,608,0.9391,24591,상대동 도안 5단지 트리풀시티(509동),36.345442,127.338867,유성구,상대동,대전광역시 유성구 상대동 464
ST1071,2024-08-01,2026-03-31,565,6703,6680,608,0.9293,13383,봉명동 도안 2단지 호반베르디움(208동),36.350591,127.347915,유성구,봉명동,대전광역시 유성구 봉명동 1019-1
ST1072,2024-08-01,2026-03-31,566,5349,5376,608,0.9309,10725,성남동 성남네거리,36.340978,127.435583,동구,성남동,대전광역시 동구 성남동 50-3
ST1073,2024-08-01,2026-03-31,568,5077,5014,608,0.9342,10091,대흥동 대흥네거리,36.3236,127.42867,중구,대흥동,대전광역시 중구 대흥동 630
ST1074,2024-08-01,2026-03-31,355,893,896,608,0.5839,1789,신탄진동 에코공원(금강로하스타워1),36.448866,127.444635,대덕구,신탄진동,대전광역시 대덕구 신탄진동 1-7
ST1075,2024-08-01,2026-04-01,573,29440,29730,609,0.9409,59170,용문역 5번출구,36.338619,127.393125,서구,탄방동,대전광역시 서구 탄방동 544
ST1076,2024-08-01,2026-03-31,572,10618,10654,608,0.9408,21272,중촌동 행정복지센터 정류장,36.338785,127.413075,중구,중촌동,대전광역시 중구 중촌동 462
ST1077,2024-08-01,2026-04-01,572,9655,9659,609,0.9392,19314,오룡역 7번출구,36.32878,127.406049,중구,용두동,대전광역시 중구 용두동 113-11
ST1079,2024-08-01,2026-03-31,571,9713,9649,608,0.9391,19362,탄방동 남선공원 종합체육관,36.348681,127.398655,서구,탄방동,대전광역시 서구 탄방동 1269
ST1080,2024-08-01,2026-03-31,563,7718,7713,608,0.926,15431,둔산동 대전근로자종합복지회관,36.354377,127.382757,서구,둔산동,대전광역시 서구 둔산동 1542
ST1081,2024-08-01,2026-03-31,462,1812,1766,608,0.7599,3578,전민동 한남대학교 대덕밸리캠퍼스,36.400108,127.392244,유성구,전민동,대전광역시 유성구 전민동 571
ST1083,2024-08-01,2026-03-31,545,2663,2634,608,0.8964,5297,읍내동 우편취급국,36.378602,127.421322,대덕구,읍내동,대전광역시 대덕구 읍내동 248-2
ST1085,2024-08-01,2026-03-31,572,36287,36296,608,0.9408,72583,봉명동 유성온천역 6번출구,36.354255,127.341439,유성구,봉명동,대전광역시 유성구 봉명동 552-11
ST1086,2024-08-01,2026-03-31,573,12468,12467,608,0.9424,24935,자양동 우송삼거리(커피니),36.336116,127.447265,동구,자양동,대전광역시 동구 자양동 66-1
ST1087,2024-08-01,2026-03-31,569,7618,7636,608,0.9359,15254,원신흥동 도안 8블럭 신안인스빌리베라(803동),36.341916,127.344968,유성구,원신흥동,대전광역시 유성구 원신흥동 582
ST1088,2024-08-01,2026-03-31,569,4619,4652,608,0.9359,9271,오정동 한남오거리 새마을금고,36.348024,127.416453,대덕구,오정동,대전광역시 대덕구 오정동 449-8
ST1089,2024-08-01,2026-03-31,549,3659,3676,608,0.903,7335,원동 원동네거리 국민은행,36.327038,127.434776,동구,원동,대전광역시 동구 원동 36-1
ST1090,2024-08-01,2026-03-31,552,2996,2974,608,0.9079,5970,사정동 웰빙24시사우나,36.296424,127.384725,중구,사정동,대전광역시 중구 사정동 517
ST1091,2024-08-01,2026-03-31,441,1019,968,608,0.7253,1987,법동 대전근로복지공단대전병원(정문),36.368093,127.42945,대덕구,법동,대전광역시 대덕구 법동 372
ST1092,2024-08-01,2026-03-31,571,5784,5794,608,0.9391,11578,괴정동 경성스포츠,36.336619,127.378365,서구,괴정동,대전광역시 서구 괴정동 110-9
ST1093,2024-08-01,2026-03-31,566,7536,7552,608,0.9309,15088,자양동 우송대 정문,36.337848,127.447995,동구,자양동,대전광역시 동구 자양동 159
ST1100,2024-08-01,2026-03-31,569,7539,7545,608,0.9359,15084,대동 이앤엠학원,36.331488,127.444099,동구,대동,대전광역시 동구 대동 407-1
ST1101,2024-08-01,2026-03-31,566,3743,3754,608,0.9309,7497,가양동 아침마을아파트 111동(가양초등학교),36.34254,127.43938,동구,가양동,대전광역시 동구 가양동 704
ST1102,2024-08-01,2026-03-31,572,12940,12963,608,0.9408,25903,자양동 우송대건너편,36.339651,127.449006,동구,자양동,대전광역시 동구 자양동 159
ST1103,2024-08-01,2026-03-31,573,12705,12728,608,0.9424,25433,"자양동 우송대,솔펫동물병원,우송애견센터",36.334552,127.445966,동구,자양동,대전광역시 동구 자양동 159
ST1104,2024-08-07,2026-03-31,489,3896,3907,602,0.8123,7803,"선화동 대전중부경찰서,대전세무서 앞",36.328187,127.420701,중구,선화동,대전광역시 중구 선화동 287-1
ST1106,2024-08-01,2026-03-31,544,2354,2368,608,0.8947,4722,선화동 보문교회 앞(버스정류장),36.330723,127.419337,중구,선화동,대전광역시 중구 선화동 260-1
ST1107,2024-08-01,2026-03-31,560,3148,3161,608,0.9211,6309,산성동 에스오일 오월드주유소 맞은편,36.301471,127.386095,중구,사정동,대전광역시 중구 사정동 517
ST1108,2024-08-01,2026-03-31,559,4382,4399,608,0.9194,8781,가오동 홈플러스,36.307057,127.457308,동구,가오동,대전광역시 동구 가오동 557
ST1109,2024-08-01,2026-03-31,570,8797,8810,608,0.9375,17607,석봉동 엑슬루타워 버스정류장,36.44952,127.420628,대덕구,석봉동,대전광역시 대덕구 석봉동 778
ST1110,2024-08-01,2026-03-31,572,14446,14599,608,0.9408,29045,신성동 수천이들근린공원,36.393719,127.352894,유성구,신성동,대전광역시 유성구 신성동 494
ST1111,2024-08-01,2026-03-31,572,17096,17181,608,0.9408,34277,태평동 계룡육교 아래,36.333139,127.399188,중구,태평동,대전광역시 중구 태평동 272-1
ST1112,2024-08-01,2026-03-31,562,3721,3735,608,0.9243,7456,부사동 동서가구 부사전시장,36.313817,127.436338,중구,부사동,대전광역시 중구 부사동 255-1
ST1113,2024-08-01,2026-03-31,571,8767,8766,608,0.9391,17533,문창동 해피마트,36.313739,127.436777,중구,문창동,대전광역시 중구 문창동 372-17
ST1114,2024-08-01,2026-03-31,559,3881,3925,608,0.9194,7806,사정동 산성초등학교 건너편,36.298122,127.384729,중구,사정동,대전광역시 중구 사정동 517
ST1115,2024-08-01,2026-03-31,533,1836,1849,608,0.8766,3685,"옥계동 현대셀프명성주유소, 옥계모터스",36.301854,127.452155,중구,옥계동,대전광역시 중구 옥계동 51-1
ST1116,2024-08-01,2026-03-31,235,378,378,608,0.3865,756,복용동 한밭대학교 유성덕명캠퍼스지역협력관,36.346365,127.311115,유성구,복용동,대전광역시 유성구 복용동 551
ST1117,2024-08-01,2026-03-31,557,4112,4121,608,0.9161,8233,관저동 대자연마을 101동,36.304785,127.338944,서구,관저동,대전광역시 서구 관저동 997
ST1118,2024-08-01,2026-03-31,550,3092,2837,608,0.9046,5929,대흥동 대전고2,36.32265,127.423571,중구,대흥동,대전광역시 중구 대흥동 630
ST1119,2024-08-01,2026-03-31,477,1547,1542,608,0.7845,3089,비래동 대전IC 한전KDN충청지역본부,36.354764,127.444435,대덕구,비래동,대전광역시 대덕구 비래동 555-1
ST1120,2024-08-01,2026-03-31,464,1488,1442,608,0.7632,2930,학하동 학하리슈빌포레 주출입구 건너편,36.335561,127.309473,유성구,학하동,대전광역시 유성구 학하동 762-7
ST1122,2024-08-01,2026-03-31,414,838,835,608,0.6809,1673,낭월동 오투그란데 107동 건너편,36.285324,127.465609,동구,낭월동,대전광역시 동구 낭월동 215-1
ST1123,2024-08-01,2026-03-31,515,1892,1867,608,0.847,3759,원내동 진잠타운 203동 버스정류장,36.296965,127.320367,유성구,원내동,대전광역시 유성구 원내동 383
ST1124,2024-08-01,2026-03-31,564,3555,3561,608,0.9276,7116,문창동 남대전등기소 건너편,36.311635,127.438205,중구,문창동,대전광역시 중구 문창동 397-1
ST1126,2024-08-01,2026-03-31,565,4571,4596,608,0.9293,9167,사정동 우남스타원아파트 버스정류장,36.293805,127.383187,중구,사정동,대전광역시 중구 사정동 517
ST1127,2024-08-01,2026-04-01,568,4608,4643,609,0.9327,9251,내동 괴정네거리(봉주르돈까스),36.335078,127.379831,서구,내동,대전광역시 서구 내동 205
ST1128,2024-08-01,2026-03-31,571,9841,9875,608,0.9391,19716,도안동 갑천3블럭 트리풀시티 313동,36.321125,127.348283,서구,도안동,대전광역시 서구 도안동 1492
ST1129,2024-08-01,2025-10-28,448,3475,3513,454,0.9868,6988,대성동 평양숨두부 건너편,36.301302,127.457148,동구,대성동,대전광역시 동구 대성동 130
ST1130,2024-08-01,2026-03-31,539,2018,2028,608,0.8865,4046,법동 동부여성가족원,36.374272,127.428192,대덕구,법동,대전광역시 대덕구 법동 440-6
ST1131,2024-08-01,2026-03-31,522,1713,1730,608,0.8586,3443,낭월동 오투그란데 101동,36.287379,127.46371,동구,낭월동,대전광역시 동구 낭월동 655
ST1133,2024-08-01,2026-02-03,475,1982,1981,552,0.8605,3963,낭월동 오투그란테 후문,36.284019,127.4643,동구,낭월동,대전광역시 동구 낭월동 659
ST1135,2024-08-01,2024-09-13,41,217,219,44,0.9318,436,도안동 갑천3블럭 트리풀시티 304동,36.324041,127.348294,서구,도안동,대전광역시 서구 도안동 2353
ST1136,2024-08-01,2026-03-31,568,5997,5981,608,0.9342,11978,노은동 월드컵 인라인경기장,36.368221,127.323652,유성구,노은동,대전광역시 유성구 노은동 535-21 삼천리자전거 맞은편
ST1137,2024-08-01,2024-09-13,39,161,165,44,0.8864,326,도안동 갑천3블럭 트리풀시티(308동),36.322402,127.348245,서구,도안동,대전광역시 서구 도안동 2353
ST1138,2024-08-01,2026-03-31,573,17037,17043,608,0.9424,34080,도안동 갑천3블럭 트리풀시티(302동),36.325177,127.348356,서구,도안동,대전광역시 서구 도안동 2353
ST1139,2024-08-01,2026-03-31,573,23514,23832,608,0.9424,47346,태평동 동양파라곤 302동,36.320991,127.387122,중구,태평동,대전광역시 중구 태평동 421-9
ST1140,2024-08-01,2026-03-28,451,1031,1009,605,0.7455,2040,노은동 노은농수산물시장,36.36658,127.321225,유성구,노은동,대전광역시 유성구 노은동 612
ST1141,2024-08-02,2026-03-31,396,1001,949,607,0.6524,1950,상대동 대전시립박물관2,36.336726,127.334744,유성구,상대동,대전광역시 유성구 상대동 488
ST1145,2024-08-01,2026-03-31,568,6981,6824,608,0.9342,13805,도룡동 연구단지네거리,36.385517,127.377058,유성구,도룡동,대전광역시 유성구 도룡동 404
ST1146,2024-08-01,2026-03-31,559,3509,3521,608,0.9194,7030,용운동 족발시대 인근,36.328075,127.457006,동구,용운동,대전광역시 동구 용운동 537
ST1147,2024-08-01,2026-03-31,545,2993,3002,608,0.8964,5995,석봉동 평안정형외과 건너편,36.444681,127.424951,대덕구,석봉동,대전광역시 대덕구 석봉동 768
ST1148,2024-08-01,2026-03-31,573,10342,10373,608,0.9424,20715,성남동 석촌마을(105동),36.341464,127.43768,동구,성남동,대전광역시 동구 성남동 518
ST1149,2024-08-01,2026-03-31,548,2822,2816,608,0.9013,5638,성남동 스마트뷰(112동),36.342341,127.43451,동구,성남동,대전광역시 동구 성남동 529
ST1150,2024-08-01,2026-03-31,497,1616,1516,608,0.8174,3132,내동 롯데아파트,36.337937,127.366734,서구,내동,대전광역시 서구 내동 220-2
ST1151,2024-08-01,2026-03-31,562,7403,7345,608,0.9243,14748,둔산동 서구청,36.35485,127.38443,서구,둔산동,대전광역시 서구 둔산동 1300
ST1153,2024-08-01,2026-03-31,268,474,460,608,0.4408,934,낭월동 산내로1315번길,36.281446,127.464573,동구,낭월동,대전광역시 동구 낭월동 666
ST1154,2024-08-01,2026-03-31,566,5409,5421,608,0.9309,10830,신탄진동 동일스위트 1단지(101동),36.45258,127.43295,대덕구,신탄진동,대전광역시 대덕구 신탄진동 734
ST1155,2024-08-01,2026-03-31,573,24973,25020,608,0.9424,49993,태평동 쌍용예가,36.322685,127.398107,중구,태평동,대전광역시 중구 태평동 554
ST1156,2024-08-01,2026-03-29,351,530,524,606,0.5792,1054,성남동 효촌마을 건너편,36.345419,127.433031,동구,성남동,대전광역시 동구 성남동 205-123
ST1157,2024-08-07,2026-03-28,290,410,411,599,0.4841,821,둔곡동 서한이다음 후문(202동),36.452555,127.363293,유성구,둔곡동,대전광역시 유성구 둔곡동 480
ST1158,2024-08-01,2026-03-29,237,395,374,606,0.3911,769,둔곡동 서한이다음 정문(103동),36.455346,127.363914,유성구,둔곡동,대전광역시 유성구 둔곡동 463
ST1159,2024-08-02,2026-03-14,139,149,153,590,0.2356,302,둔곡동 우미린 정문(101동),36.454854,127.36408,유성구,둔곡동,대전광역시 유성구 둔곡동 480
ST1160,2024-08-01,2026-03-29,161,156,154,606,0.2657,310,둔곡동 둔곡 우미린 정문(107동),36.454367,127.363993,유성구,둔곡동,대전광역시 유성구 둔곡동 480
ST1161,2024-08-02,2026-03-29,180,237,233,605,0.2975,470,둔곡동 서한이다음 정문(101동),36.454314,127.363703,유성구,둔곡동,대전광역시 유성구 둔곡동 480
ST1162,2024-08-01,2026-03-31,433,916,951,608,0.7122,1867,오정동 374-2,36.352644,127.414367,대덕구,오정동,대전광역시 대덕구 오정동 374-2
ST1163,2024-08-01,2026-03-31,565,5261,5282,608,0.9293,10543,가오동 주공아파트(105동),36.306631,127.453356,동구,가오동,대전광역시 동구 가오동 207-1
ST1165,2024-08-01,2026-03-31,568,4204,4171,608,0.9342,8375,죽동 한국타이어앞 CU,36.376312,127.338052,유성구,죽동,대전광역시 유성구 죽동 712-1
ST1166,2024-08-02,2026-03-31,168,202,226,607,0.2768,428,흑석동 흑석네거리(기성보건지소),36.254704,127.341442,서구,흑석동,대전광역시 서구 흑석동 381-1
ST1167,2024-08-01,2026-03-31,546,3316,3318,608,0.898,6634,가양동 드림팰리스5차,36.350111,127.441486,동구,가양동,대전광역시 동구 가양동 634
ST1168,2024-08-01,2026-03-31,558,4558,4560,608,0.9178,9118,관저동 금동초등학교,36.29716,127.326155,서구,관저동,대전광역시 서구 관저동 1160
ST1169,2024-08-01,2026-03-31,433,1006,1006,608,0.7122,2012, 문화동 충남대학교병원 간호대학,36.315591,127.413314,중구,문화동,대전광역시 중구 문화동 6
ST1170,2024-08-01,2026-03-25,213,276,272,602,0.3538,548,목동 현대아파트,36.328182,127.413813,중구,목동,대전광역시 중구 목동 132-66
ST1171,2024-08-01,2026-03-31,492,1369,1367,608,0.8092,2736,가양동 국제라이온스협회 356-B(대전),36.34528,127.445126,동구,가양동,대전광역시 동구 가양동 414-19
ST1172,2024-08-01,2026-03-31,572,36790,36753,608,0.9408,73543,월평동 다모아아파트 상가,36.362754,127.367896,서구,월평동,대전광역시 서구 월평동 311
ST1173,2024-08-01,2026-03-31,567,4726,4717,608,0.9326,9443,가수원 은아아파트 5단지,36.298957,127.35609,서구,가수원동,대전광역시 서구 가수원동 820-3
ST1175,2024-08-01,2026-03-31,449,2670,2631,608,0.7385,5301,미호동 금강로하스대청공원,36.472613,127.47335,대덕구,미호동,대전광역시 대덕구 미호동 67
ST1176,2024-08-01,2026-03-31,491,1324,1320,608,0.8076,2644,가양동 올댓,36.346604,127.4447,동구,가양동,대전광역시 동구 가양동 419-2
ST1177,2024-08-01,2026-03-31,538,2141,2143,608,0.8849,4284,가양동 트윈스아파트,36.345427,127.451728,동구,가양동,대전광역시 동구 가양동 165-11
ST1178,2024-08-01,2026-03-31,506,1501,1502,608,0.8322,3003,가양동 가팔어린이공원,36.344248,127.449159,동구,가양동,대전광역시 동구 가양동 656
ST1179,2024-08-01,2026-03-31,561,5505,5496,608,0.9227,11001,탄방동 대전고용복지플러스센터,36.346615,127.385463,서구,탄방동,대전광역시 서구 탄방동 1447-1
ST1181,2024-08-01,2026-03-31,552,2428,2322,608,0.9079,4750,하기동 그린브라우니,36.387646,127.322756,유성구,하기동,대전광역시 유성구 하기동 596
ST1182,2024-08-01,2026-03-31,444,1024,1027,608,0.7303,2051,복용동 오토월드 버스정류장,36.342351,127.321093,유성구,복용동,대전광역시 유성구 복용동 175-3
ST1183,2024-08-01,2026-03-31,572,10021,10014,608,0.9408,20035,홍도동 홍도아파트 버스정류장,36.344149,127.42768,동구,홍도동,대전광역시 동구 홍도동 838
ST1184,2024-08-01,2026-03-31,452,1213,1185,608,0.7434,2398,인동네거리 신협2,36.321405,127.437874,동구,인동,대전광역시 동구 인동 42-4
ST1185,2024-08-01,2026-03-31,562,3029,3038,608,0.9243,6067,중리동 양무리교회,36.362762,127.425302,대덕구,중리동,대전광역시 대덕구 중리동 418
ST1186,2024-08-01,2026-03-30,350,976,913,607,0.5766,1889,둔곡동 서한이다음(204동),36.451911,127.362022,유성구,둔곡동,대전광역시 유성구 둔곡동 512
ST1187,2024-08-01,2026-03-31,499,3504,3512,608,0.8207,7016,안영동 한국효문화진흥원,36.285163,127.383285,중구,안영동,대전광역시 중구 안영동 71-11
ST1188,2024-08-01,2026-03-31,572,8457,8481,608,0.9408,16938,둔산동 국화아파트(305동),36.354339,127.395421,서구,둔산동,대전광역시 서구 둔산동 1809
ST1189,2024-08-02,2026-03-31,510,1575,1579,607,0.8402,3154,가양동 대주파크빌 이마트24,36.344007,127.448295,동구,가양동,대전광역시 동구 가양동 651-14
ST1190,2024-08-01,2026-04-01,558,3745,3756,609,0.9163,7501,용산동 호반써밋정문,36.415799,127.392115,유성구,용산동,대전광역시 유성구 용산동 370-9
ST1192,2024-08-01,2026-04-01,573,34033,34565,609,0.9409,68598,가장동 래미안 210동 건너편(스타벅스 옆),36.335061,127.389317,서구,가장동,대전광역시 서구 가장동 190
ST1194,2024-08-01,2026-03-31,570,10972,10977,608,0.9375,21949,관평동 대덕비즈센터 남문 맞은편,36.431629,127.393935,유성구,관평동,대전광역시 유성구 관평동 717
ST1196,2024-08-01,2026-04-01,573,21762,21728,609,0.9409,43490,만년동 만년네거리 상록수아파트 104동,36.365049,127.379083,서구,만년동,대전광역시 서구 만년동 399-1
ST1197,2024-08-01,2026-03-31,462,1740,1717,608,0.7599,3457,장동 인재개발원 입구,36.401016,127.364738,유성구,장동,대전광역시 유성구 장동 25-4
ST1198,2024-08-01,2026-03-31,409,687,692,608,0.6727,1379,구도동 남대전 물류센터,36.273125,127.469103,동구,구도동,대전광역시 동구 구도동 406
ST1200,2024-08-01,2026-03-31,536,2267,2213,608,0.8816,4480,관평동 대우푸르지오 상가,36.418874,127.382817,유성구,관평동,대전광역시 유성구 관평동 681
ST1201,2024-08-01,2026-03-31,521,2482,2477,608,0.8569,4959,대화동 복합문화센터,36.368525,127.401277,대덕구,대화동,대전광역시 대덕구 대화동 530-3
ST1202,2024-08-01,2026-03-31,567,6117,6113,608,0.9326,12230,용전동 한숲아파트(101동),36.355399,127.427743,동구,용전동,대전광역시 동구 용전동 194-9
ST1203,2024-08-01,2026-03-31,557,3617,3537,608,0.9161,7154,용산동 호반써밋(307동),36.415184,127.393728,유성구,용산동,대전광역시 유성구 용산동 386
ST1204,2024-08-01,2026-03-31,337,559,560,608,0.5543,1119,가양동 우암사적공원,36.346892,127.455789,동구,가양동,대전광역시 동구 가양동 687
ST1205,2024-08-01,2026-03-31,475,1198,1171,608,0.7812,2369,성남동 휴먼시아 스마트뷰 건너편,36.343792,127.434345,동구,성남동,대전광역시 동구 성남동 166-120
ST1206,2024-08-01,2026-03-31,571,7152,7087,608,0.9391,14239,용산동 호반써밋(101동),36.414931,127.390452,유성구,용산동,대전광역시 유성구 용산동 417-8
ST1207,2024-08-01,2026-03-31,540,2798,2670,608,0.8882,5468,용산동 호반써밋(209동),36.414462,127.390924,유성구,용산동,대전광역시 유성구 용산동 417-8
ST1208,2024-08-01,2026-03-31,511,2074,1500,608,0.8405,3574,용산동 호반써밋(205동),36.412777,127.389614,유성구,용산동,대전광역시 유성구 용산동 503-11
ST1209,2024-08-01,2026-03-31,572,5920,5955,608,0.9408,11875,도마동 대청애견수족관,36.319379,127.373848,서구,도마동,대전광역시 서구 도마동 61-5
ST1211,2024-08-01,2026-03-31,571,8708,8716,608,0.9391,17424,갈마동 갈마육교(동산맨션),36.350877,127.371824,서구,갈마동,대전광역시 서구 갈마동 343-54
ST1212,2024-08-01,2026-03-31,571,7600,7594,608,0.9391,15194,지족동 뚜레쥬르 노은호반점,36.386935,127.316086,유성구,지족동,대전광역시 유성구 지족동 985-2
ST1213,2024-08-03,2026-03-31,344,711,637,606,0.5677,1348,용산동 호반써밋(401동),36.414224,127.392972,유성구,용산동,대전광역시 유성구 용산동 24-10
ST1214,2024-08-01,2026-03-31,556,4074,3969,608,0.9145,8043,용산동 호반써밋(3단지)후문,36.4145,127.393712,유성구,용산동,대전광역시 유성구 용산동 400
ST1215,2024-08-01,2026-03-31,445,1066,1034,608,0.7319,2100,용산동 호반써밋(4단지관리사무소앞),36.41434,127.393669,유성구,용산동,대전광역시 유성구 용산동 400-3
ST1216,2024-08-01,2026-03-31,570,8568,8570,608,0.9375,17138,용산동 대덕 현대 프리미엄 쇼핑몰,36.422425,127.400174,유성구,용산동,대전광역시 유성구 용산동 608
ST1217,2024-08-01,2026-04-01,440,1190,1117,609,0.7225,2307,학하동 학하리슈빌포레 부출입구 앞,36.334601,127.310301,유성구,학하동,대전광역시 유성구 학하동 823
ST1218,2024-08-02,2026-03-30,435,1092,1089,606,0.7178,2181,송촌동 적십자 버스정류장,36.352955,127.442832,대덕구,송촌동,대전광역시 대덕구 송촌동 367
ST1220,2024-08-01,2026-04-01,574,268828,287822,609,0.9425,556650,타슈관제센터,36.402205,127.309734,유성구,외삼동,대전광역시 유성구 외삼동 421
ST1221,2024-08-01,2026-03-31,545,3762,3753,608,0.8964,7515,노은동 대전월드컵경기장 ,36.366635,127.323791,유성구,노은동,대전광역시 유성구 노은동 530
ST1222,2024-08-01,2026-03-31,556,3025,3023,608,0.9145,6048,신흥동시외버스정류장,36.323421,127.445357,동구,신흥동,대전광역시 동구 신흥동 6
ST1223,2024-08-01,2026-03-31,424,931,983,608,0.6974,1914,정림동 성균관숲유치원,36.290037,127.361188,서구,정림동,대전광역시 서구 정림동 91-2
ST1224,2024-08-01,2026-03-31,502,1851,1839,608,0.8257,3690,관저동 구봉마을 7단지 703동,36.297616,127.329522,서구,관저동,대전광역시 서구 관저동 1167
ST1225,2024-08-01,2026-03-31,573,22824,22875,608,0.9424,45699,월평동 진달래아파트 상가 앞,36.358639,127.368304,서구,월평동,대전광역시 서구 월평동 1515
ST1226,2024-08-01,2026-03-31,549,3126,2908,608,0.903,6034,죽동 푸르지오 304동 입구,36.373882,127.341031,유성구,죽동,대전광역시 유성구 죽동 729
ST1227,2024-08-01,2026-03-31,572,19060,19257,608,0.9408,38317,중리동 한밭캠퍼스빌오피스텔,36.358694,127.427093,대덕구,중리동,대전광역시 대덕구 중리동 430
ST1228,2024-08-01,2026-03-31,561,3531,3559,608,0.9227,7090,원촌동 법무부 대전솔로몬로파크,36.37716,127.403055,유성구,원촌동,대전광역시 유성구 원촌동 53
ST1229,2024-08-01,2026-03-31,565,6551,6554,608,0.9293,13105,탑립동 가나리더스텔2,36.4164,127.407143,유성구,탑립동,대전광역시 유성구 탑립동 873
ST1230,2024-08-01,2026-03-31,479,1715,1706,608,0.7878,3421,신일동 유에스티 버스정류장,36.441238,127.400064,대덕구,신일동,대전광역시 대덕구 신일동 1673-8
ST1231,2024-08-02,2026-04-01,555,2431,2437,608,0.9128,4868,정림동 도솔순대국밥,36.308896,127.367383,서구,정림동,대전광역시 서구 정림동 5-35
ST1232,2024-08-01,2026-03-31,533,2719,2621,608,0.8766,5340,대화동 가온비즈타워,36.366243,127.406978,대덕구,대화동,대전광역시 대덕구 대화동 611
ST1233,2024-08-01,2026-03-31,331,582,572,608,0.5444,1154,갈마동 둔원초등학교,36.343237,127.374739,서구,갈마동,대전광역시 서구 갈마동 1458
ST1239,2024-08-01,2026-04-01,573,29707,29784,609,0.9409,59491,봉명동 자이아파트 GS25 앞,36.355064,127.337373,유성구,봉명동,대전광역시 유성구 봉명동 469-46
ST1240,2024-08-01,2026-03-31,331,574,564,608,0.5444,1138,지족동 노은해랑숲마을 5단지 아파트 508동 앞,36.385763,127.304237,유성구,지족동,대전광역시 유성구 지족동 1033
ST1241,2024-08-01,2026-04-01,479,1212,1202,609,0.7865,2414,지족동 대전 노은4단지 아파트 상가 맞은편,36.377906,127.304276,유성구,지족동,대전광역시 유성구 지족동 1048
ST1242,2024-08-01,2026-03-31,571,10133,10209,608,0.9391,20342,전민동 청구 나래아파트 103동 앞,36.402256,127.404758,유성구,전민동,대전광역시 유성구 전민동 462-4
ST1243,2024-08-01,2026-04-01,574,23362,23705,609,0.9425,47067,내동 맑은아침아파트 121동 입구,36.333336,127.381827,서구,내동,대전광역시 서구 내동 2-16
ST1245,2024-08-01,2026-03-31,476,1287,1284,608,0.7829,2571,복용동 이마트 24 대전복용점 옆,36.341983,127.314006,유성구,복용동,대전광역시 유성구 복용동 607-8
ST1246,2024-08-01,2026-04-01,560,13278,13305,609,0.9195,26583,월평동 하나로아파트 101동 앞,36.359942,127.36628,서구,월평동,대전광역시 서구 월평동 311-1
ST1247,2024-08-01,2026-03-31,560,4936,4969,608,0.9211,9905,관평동 대덕테크노밸리6단지 네오미아아파트 608동앞,36.420443,127.39095,유성구,관평동,대전광역시 유성구 관평동 672
ST1248,2024-08-01,2026-03-31,493,1674,1623,608,0.8109,3297,갈마동 상수도 서부사무소,36.340373,127.366463,서구,갈마동,대전광역시 서구 갈마동 427-55
ST1251,2024-08-08,2026-03-31,168,211,184,601,0.2795,395,신일동 벤쳐타운 장영실관 앞 버스정류장,36.437429,127.413323,대덕구,신일동,대전광역시 대덕구 신일동 1688-5
ST1252,2024-08-01,2026-03-31,516,2296,2295,608,0.8487,4591,도마동 양지타운 입구,36.317889,127.37119,서구,도마동,대전광역시 서구 도마동 333-30
ST1253,2024-08-05,2026-03-31,464,1210,1205,604,0.7682,2415,산성동 공원아파트 입구,36.305469,127.3961,중구,산성동,대전광역시 중구 산성동 330-3
ST1255,2024-08-01,2026-03-31,467,1178,1171,608,0.7681,2349,소제동 현대카크리닉 앞,36.331999,127.440474,동구,소제동,대전광역시 동구 소제동 284-4
ST1256,2024-08-01,2026-03-31,565,7069,7062,608,0.9293,14131,전민동 삼성푸른아파트 107동 앞,36.399547,127.398468,유성구,전민동,대전광역시 유성구 전민동 460-1
ST1257,2024-08-01,2026-03-31,573,32371,32428,608,0.9424,64799,궁동 유성문화원,36.359936,127.341183,유성구,궁동,대전광역시 유성구 궁동 469-1
ST1262,2024-08-01,2026-03-31,569,5542,5568,608,0.9359,11110,대동 펜타뷰 상가동 앞,36.326349,127.446369,동구,대동,대전광역시 동구 대동 535
ST1263,2024-08-01,2026-03-31,569,5791,5844,608,0.9359,11635,효동 새마을금고 효동지점,36.317162,127.441463,동구,효동,대전광역시 동구 효동 137-7
ST1264,2024-08-01,2026-03-31,572,10265,10312,608,0.9408,20577,탄방동 대전 도산서원입구,36.343572,127.395235,서구,탄방동,대전광역시 서구 탄방동 66-10
ST1265,2024-08-01,2026-03-31,494,1486,1445,608,0.8125,2931,자운동 국군대전병원입구,36.401863,127.346135,유성구,자운동,대전광역시 유성구 자운동 44-1
ST1266,2024-08-01,2026-03-31,552,2851,2862,608,0.9079,5713,법동 법1동행정복지센터,36.370816,127.426917,대덕구,법동,대전광역시 대덕구 법동 283-3
ST1267,2024-08-01,2026-03-31,549,3031,3049,608,0.903,6080,관평동 중앙하이츠빌 301동 앞,36.422217,127.385491,유성구,관평동,대전광역시 유성구 관평동 668
ST1268,2024-08-01,2026-03-31,493,1287,1291,608,0.8109,2578,갈마동 성원빌라 앞,36.341388,127.374238,서구,갈마동,대전광역시 서구 갈마동 1277
ST1269,2024-08-01,2026-03-31,570,5075,5076,608,0.9375,10151,관평동 한화꿈에그린 1016동 앞,36.420833,127.393783,유성구,관평동,대전광역시 유성구 관평동 1280
ST1271,2025-03-05,2025-03-05,1,1,0,1,1.0,1,문화동 대전남부교회 입구,36.310258,127.396769,중구,문화동,대전광역시 중구 문화동 677-12
ST1272,2024-08-01,2026-03-31,462,1136,1091,608,0.7599,2227,관저동  관저2동성당 앞,36.299405,127.344841,서구,관저동,대전광역시 서구 관저동 1620-2
ST1273,2024-08-01,2026-03-31,570,11195,11287,608,0.9375,22482,도안동 도안우미린아파트 112동 입구,36.308519,127.347919,서구,도안동,대전광역시 서구 도안동 1564
ST1274,2024-08-01,2026-03-31,565,3726,3762,608,0.9293,7488,목동 목양마을아파트 101동 앞,36.33372,127.407745,중구,목동,대전광역시 중구 목동 24
ST1275,2024-08-01,2026-03-31,546,3629,3533,608,0.898,7162,목동 충남여고 앞 보도육교(충남여고 측),36.330633,127.409798,중구,목동,대전광역시 중구 목동 111-10
ST1276,2024-08-01,2026-04-01,574,10630,10686,609,0.9425,21316,상대동 아이파크시티 1단지 102동 앞,36.336209,127.330158,유성구,상대동,대전광역시 유성구 상대동 570-62
ST1277,2024-08-01,2026-03-31,561,3346,3336,608,0.9227,6682,대사동 보문산공원오거리 보문합기도 앞,36.316761,127.426277,중구,대사동,대전광역시 중구 대사동 85-2
ST1278,2024-08-01,2026-03-31,559,4954,4959,608,0.9194,9913,부사동 코사마트 건너편,36.314549,127.428032,중구,부사동,대전광역시 중구 부사동 211-2
ST1279,2025-03-04,2025-03-04,1,2,0,1,1.0,2,산성동 현대오일뱅크앞,36.3054,127.389579,중구,산성동,대전광역시 중구 산성동 776
ST1280,2024-08-01,2026-03-31,573,14582,14810,608,0.9424,29392,관평동 한화 꿈에그린 10단지(1004동 앞),36.422245,127.391626,유성구,관평동,대전광역시 유성구 관평동 1280
ST1281,2024-08-01,2026-03-31,527,2834,2835,608,0.8668,5669,복용동 디오토몰 앞,36.337626,127.320483,유성구,복용동,대전광역시 유성구 복용동 236
ST1282,2024-08-01,2026-03-31,562,3867,3832,608,0.9243,7699,변동 한국전력공사 서대전지사 부근,36.328349,127.373965,서구,변동,대전광역시 서구 변동 79-6
ST1283,2024-08-01,2026-03-30,176,171,149,607,0.29,320,신동 중이온가속기연구소 입구,36.475878,127.368971,유성구,신동,대전광역시 유성구 신동 668
ST1284,2024-08-01,2026-03-31,519,2007,1939,608,0.8536,3946,학하동 진잠농협 옆,36.340826,127.307904,유성구,학하동,대전광역시 유성구 학하동 718-6
ST1285,2024-08-01,2026-03-31,573,17578,17597,608,0.9424,35175,월평1동 공영주차장 입구,36.356261,127.362776,서구,월평동,대전광역시 서구 월평동 1525
ST1286,2024-08-01,2026-03-31,434,1034,1011,608,0.7138,2045,복수동 복수센트럴자이 앞,36.305805,127.372904,서구,복수동,대전광역시 서구 복수동 1004
ST1287,2024-08-01,2026-03-31,566,4742,4756,608,0.9309,9498,갈마2동 행정복지센터 맞은편,36.346559,127.375404,서구,갈마동,대전광역시 서구 갈마동 1458
ST1288,2024-08-01,2026-03-31,558,2892,2903,608,0.9178,5795,자운동 국군대전병원,36.401502,127.34822,유성구,자운동,대전광역시 유성구 자운동 97
ST1289,2024-08-01,2026-03-31,564,4562,4570,608,0.9276,9132,원신흥동 569-1,36.334958,127.335917,유성구,원신흥동,대전광역시 유성구 원신흥동 569-1
ST1290,2024-08-01,2026-03-30,293,466,438,607,0.4827,904,죽동 LIG넥스원 건너편,36.380151,127.338695,유성구,죽동,대전광역시 유성구 죽동 664
ST1291,2024-08-01,2026-03-31,572,8887,8889,608,0.9408,17776,월평동 대전일보사 앞,36.353918,127.363272,서구,월평동,대전광역시 서구 월평동 1528
ST1292,2024-08-01,2026-03-31,560,2731,2743,608,0.9211,5474,가수원동 은아아파트 2단지,36.301008,127.354599,서구,가수원동,대전광역시 서구 가수원동 825
ST1293,2024-08-01,2026-03-31,540,2356,2349,608,0.8882,4705,성남동 효촌마을 앞,36.3457,127.433259,동구,성남동,대전광역시 동구 성남동 205-66
ST1294,2025-03-04,2026-03-31,346,1283,1283,393,0.8804,2566,와동 대덕브라운스톤  101동,36.399453,127.423359,대덕구,와동,대전광역시 대덕구 와동 507
ST1295,2025-03-04,2026-03-31,362,9387,9422,393,0.9211,18809,도마동이편한세상(807동 앞),36.314667,127.383994,서구,도마동,대전광역시 서구 도마동 581
ST1296,2025-03-04,2026-04-01,363,12329,12499,394,0.9213,24828,선화동 소청일번가 상가 앞,36.329518,127.424561,중구,선화동,대전광역시 중구 선화동 5-3
ST1297,2025-03-04,2026-04-01,362,7876,7947,394,0.9188,15823,중동 목척교 유래비,36.331069,127.428466,동구,중동,대전광역시 동구 중동 317
ST1298,2024-08-01,2026-03-31,420,837,833,608,0.6908,1670,상서동 대전상서 행복주택,36.423587,127.425142,대덕구,상서동,대전광역시 대덕구 상서동 146-28
ST1299,2024-08-01,2026-03-31,406,1105,1110,608,0.6678,2215,화암동 만남의 광장(북대전IC),36.416664,127.377146,유성구,화암동,대전광역시 유성구 화암동 194-19
ST1300,2025-03-10,2026-03-30,128,149,146,386,0.3316,295,비룡동 대전동신과학고,36.331514,127.475504,동구,비룡동,대전광역시 동구 비룡동 559
ST1301,2024-08-01,2026-03-31,357,3469,3461,608,0.5872,6930,세천동 세천유원지 주차장,36.330299,127.482754,동구,세천동,대전광역시 동구 세천동 368-1
ST1302,2024-08-01,2026-03-31,560,6527,6601,608,0.9211,13128,용산동 테크노밸리12단지 정류장(우림필유),36.417358,127.392722,유성구,용산동,대전광역시 유성구 용산동 666
ST1303,2024-08-01,2026-03-31,552,3934,3982,608,0.9079,7916,구암동 현충원역 1번출구,36.359028,127.321841,유성구,구암동,대전광역시 유성구 구암동 422-6
ST1304,2024-08-01,2026-03-31,504,2137,2145,608,0.8289,4282,판암동 판암역 3번출구,36.317195,127.458172,동구,판암동,대전광역시 동구 판암동 863
ST1305,2024-08-03,2026-03-31,448,1107,1106,606,0.7393,2213,문화동 극동아파트(104동),36.305947,127.403693,중구,문화동,대전광역시 중구 문화동 541-8
ST1306,2024-08-07,2026-03-31,374,12020,12013,602,0.6213,24033,용두동 하늘채엘센트로,36.333567,127.402534,중구,용두동,대전광역시 중구 용두동 170-3
ST1307,2024-08-07,2026-03-27,113,167,180,598,0.189,347,둔곡동 BRT 정류장,36.467613,127.363846,유성구,둔곡동,대전광역시 유성구 둔곡동 7-14
ST1308,2024-08-06,2026-03-31,355,2397,2404,603,0.5887,4801,대흥동 구)중부경찰서,36.327155,127.42234,중구,대흥동,대전광역시 중구 대흥동 496-1
ST1309,2024-08-12,2026-03-31,406,3498,3503,597,0.6801,7001,선화동 해모로아파트(105동),36.329277,127.417225,중구,선화동,대전광역시 중구 선화동 899
ST1310,2024-08-27,2026-03-31,393,7505,7529,582,0.6753,15034,둔산동  시애틀 공원,36.355633,127.393949,서구,둔산동,대전광역시 서구 둔산동 1385
ST1311,2024-08-19,2026-03-31,493,1589,1579,590,0.8356,3168,판암동 판암네거리 정류장,36.317928,127.46185,동구,판암동,대전광역시 동구 판암동 351
ST1312,2024-08-21,2026-03-31,508,3106,3091,588,0.8639,6197,신흥동 신흥문화공원,36.324552,127.445484,동구,신흥동,대전광역시 동구 신흥동 266
ST1313,2024-08-20,2026-03-31,536,4313,4327,589,0.91,8640,신흥동 어진마을아파트 정류장,36.320886,127.443819,동구,신흥동,대전광역시 동구 신흥동 41-18
ST1314,2024-08-26,2026-04-01,490,5350,5342,584,0.839,10692,자양동 행정복지센터,36.335643,127.448685,동구,자양동,대전광역시 동구 자양동 60-1
ST1315,2024-08-23,2026-03-31,527,5659,5671,586,0.8993,11330,삼성동 한밭중네거리(북부교 방면)  ,36.337021,127.426846,동구,삼성동,대전광역시 동구 삼성동 457
ST1316,2024-10-16,2026-03-31,139,177,161,532,0.2613,338,용운동 대전대학교(새울방면)  ,36.332378,127.463815,동구,용운동,대전광역시 동구 용운동 510-85
ST1317,2024-09-10,2026-03-31,474,1751,1750,568,0.8345,3501,대동 대동역 3번출구,36.329241,127.442132,동구,대동,대전광역시 동구 대동 165-3
ST1318,2024-09-26,2026-03-31,504,2949,2957,552,0.913,5906,대동 대동역 5번출구,36.330245,127.44229,동구,대동,대전광역시 동구 대동 407-1
ST1319,2024-10-29,2026-03-31,439,1644,1659,519,0.8459,3303,대동 파파존스 대전동구점 ,36.325782,127.44527,동구,대동,대전광역시 동구 대동 195-19
ST1320,2025-03-05,2026-03-31,360,5982,5993,392,0.9184,11975,소제동 대전역 동광장 짜글이 ,36.332774,127.43795,동구,소제동,대전광역시 동구 소제동 290-22
ST1321,2024-12-10,2026-03-31,422,5068,5110,477,0.8847,10178,천동 리더스시티 4BL,36.317095,127.444631,동구,천동,대전광역시 동구 천동 186-19
ST1322,2024-12-02,2026-03-31,388,1530,1516,485,0.8,3046,소제동 대전버거,36.335688,127.436845,동구,소제동,대전광역시 동구 소제동 299-571
ST1323,2024-11-30,2026-03-31,394,1448,1447,487,0.809,2895,소제동 대성여자고등학교(성남네거리방면)  ,36.337153,127.438699,동구,소제동,대전광역시 동구 소제동 305-219
ST1324,2024-12-02,2026-03-31,252,803,788,485,0.5196,1591,소제동 중앙동주민센터(대성여고방면)  ,36.335161,127.439471,동구,소제동,대전광역시 동구 소제동 299-423
ST1325,2024-12-04,2026-03-31,376,1132,1136,483,0.7785,2268,대동 대전지식산업센터,36.32711,127.444093,동구,대동,대전광역시 동구 대동 90-3
ST1326,2024-12-05,2026-03-24,141,198,189,475,0.2968,387,용운동 309,36.322607,127.462694,동구,용운동,대전광역시 동구 용운동 309
ST1327,2024-12-04,2026-03-31,318,572,569,483,0.6584,1141,판암동 성당(용운국제수영장 방면),36.319609,127.461857,동구,판암동,대전광역시 동구 판암동 836
ST1328,2024-12-02,2026-03-31,420,3532,3553,485,0.866,7085,자양동  카이스트빌,36.33514,127.45035,동구,자양동,대전광역시 동구 자양동 102-27
ST1329,2024-12-02,2026-03-31,272,476,477,485,0.5608,953,판암동 엄마아빠요양원,36.318395,127.456452,동구,판암동,대전광역시 동구 판암동 248
ST1330,2024-12-01,2026-03-31,391,1236,1242,486,0.8045,2478,판암동 판암주공6단지아파트,36.323548,127.45854,동구,판암동,대전광역시 동구 판암동 237
ST1331,2024-12-04,2026-03-31,431,2734,2743,483,0.8923,5477,삼성동 선화교(대전역 방향),36.333143,127.425781,동구,삼성동,대전광역시 동구 삼성동 381-4
ST1332,2024-12-01,2026-03-31,404,5245,5246,486,0.8313,10491,인동 한국전기안전공사,36.323367,127.435182,동구,인동,대전광역시 동구 인동 28-2
ST1333,2024-12-02,2026-03-31,391,2097,2064,485,0.8062,4161,삼성동 한밭중 네거리,36.336248,127.426256,동구,삼성동,대전광역시 동구 삼성동 282-1
ST1334,2024-12-10,2026-03-30,219,349,351,476,0.4601,700,용전동 구샤또호텔 정류장(동부네거리방면),36.353089,127.439187,동구,용전동,대전광역시 동구 용전동 72-4
ST1335,2024-11-16,2026-03-31,329,532,528,501,0.6567,1060,삼정동 판암차량기지(삼정동방면),36.319817,127.471062,동구,삼정동,대전광역시 동구 삼정동 110
ST1336,2024-12-03,2026-03-31,300,907,888,484,0.6198,1795,삼성동 삼가교(대전역방면),36.338067,127.435864,동구,삼성동,대전광역시 동구 삼성동 80-100
ST1337,2024-11-14,2026-03-31,404,1628,1633,503,0.8032,3261,가양동 671,36.347545,127.45001,동구,가양동,대전광역시 동구 가양동 671
ST1338,2024-11-14,2026-03-31,434,1570,1561,503,0.8628,3131,성남동 성남다목적체육관,36.342347,127.430995,동구,성남동,대전광역시 동구 성남동 535
ST1339,2024-12-07,2026-03-31,383,3418,3435,480,0.7979,6853,신흥동 이스트시티 2단지,36.324636,127.44077,동구,신흥동,대전광역시 동구 신흥동 251-1
ST1340,2024-11-30,2026-03-31,407,3261,3254,487,0.8357,6515,지족동 유성 선병원 (1397),36.376254,127.324995,유성구,지족동,대전광역시 유성구 지족동 941
ST1341,2024-11-30,2026-03-31,440,31887,32224,487,0.9035,64111,구성동 카이스트 정보전자동 (1410),36.368165,127.364611,유성구,구성동,대전광역시 유성구 구성동 23
ST1342,2024-11-22,2026-03-31,453,6833,6830,495,0.9152,13663,구성동 카이스트 교육지원동,36.369807,127.36019,유성구,구성동,대전광역시 유성구 구성동 23
ST1343,2024-11-25,2026-04-01,434,24390,24627,493,0.8803,49017,용문동 둔산더샵엘리프 2단지(204동),36.338994,127.397355,서구,용문동,대전광역시 서구 용문동 231-37
ST1344,2024-12-02,2026-03-31,389,10872,10862,485,0.8021,21734,용문동 둔산더샵엘리프 1단지,36.336406,127.395805,서구,용문동,대전광역시 서구 용문동 262
ST1345,2024-12-12,2026-03-31,411,2363,2336,475,0.8653,4699,노은동 대전월드컵경기장 1문,36.365416,127.323012,유성구,노은동,대전광역시 유성구 노은동 270
ST1346,2024-12-04,2026-03-31,401,9451,9450,483,0.8302,18901,어은동 카이스트 미르나래관,36.370845,127.355553,유성구,어은동,대전광역시 유성구 어은동 52-10
ST1347,2025-01-18,2026-03-31,378,3222,3191,438,0.863,6413,구성동 보건환경연구원 정류장(기상청방면),36.372375,127.37476,유성구,구성동,대전광역시 유성구 구성동 21-2
ST1348,2024-12-02,2026-04-01,403,8967,9055,486,0.8292,18022,도룡동 스마트시티5단지,36.376702,127.394112,유성구,도룡동,대전광역시 유성구 도룡동 4-36
ST1349,2024-12-09,2026-03-31,430,8121,8155,478,0.8996,16276,원신흥동 갑천1블럭 트리플시티 힐스테이트,36.342321,127.347595,유성구,원신흥동,대전광역시 유성구 원신흥동 610
ST1350,2024-11-24,2026-03-31,455,5260,5287,493,0.9229,10547,관평동 한신에스메카 정류장(관평중학교방면),36.428531,127.391369,유성구,관평동,대전광역시 유성구 관평동 1361
ST1351,2024-11-30,2026-03-31,422,7034,7100,487,0.8665,14134,도룡동 기초과학연구원,36.376251,127.386111,유성구,도룡동,대전광역시 유성구 도룡동 3-1
ST1352,2024-12-01,2026-03-31,449,13959,13955,486,0.9239,27914,도룡동 성심당 DCC점,36.375541,127.392427,유성구,도룡동,대전광역시 유성구 도룡동 4-19
ST1353,2024-12-04,2026-03-31,428,4565,4535,483,0.8861,9100,문지동 카이스트 문지캠퍼스,36.390159,127.399178,유성구,문지동,대전광역시 유성구 문지동 103-6
ST1354,2024-12-03,2026-03-31,432,6291,6163,484,0.8926,12454,구성동 카이스트 김병호IT,36.374035,127.365048,유성구,구성동,대전광역시 유성구 구성동 400
ST1355,2024-12-10,2026-03-31,390,13968,14514,477,0.8176,28482,전민동 엑스포아파트 307동,36.397126,127.410186,유성구,문지동,대전광역시 유성구 문지동 1-6
ST1356,2024-12-05,2026-03-31,357,2018,2061,482,0.7407,4079,만년동 천연기념물센터(한밭수목원 방면),36.367699,127.393149,서구,만년동,대전광역시 서구 만년동 396-1
ST1357,2024-12-02,2026-03-31,425,2540,2532,485,0.8763,5072,둔산동 샘머리공원(동측),36.356726,127.386583,서구,둔산동,대전광역시 서구 둔산동 1379
ST1358,2024-11-30,2025-02-26,88,584,588,89,0.9888,1172,만년동 대전예술에전당(서구보건소방면),36.365094,127.383708,서구,만년동,대전광역시 서구 만년동 396
ST1359,2024-12-02,2025-07-30,159,518,526,241,0.6598,1044,관저동 금동초등학교 정류장(관저주공 7단지),36.296885,127.327368,서구,관저동,대전광역시 서구 관저동 1160
ST1360,2024-11-25,2026-03-31,383,971,928,492,0.7785,1899,관저동 관저체육공원,36.292252,127.337391,서구,관저동,대전광역시 서구 관저동 1634
ST1361,2024-11-19,2026-03-31,462,8562,8480,498,0.9277,17042,탄방동 조이병원,36.343321,127.385114,서구,탄방동,대전광역시 서구 탄방동 673
ST1362,2024-11-25,2026-03-31,426,6615,6609,492,0.8659,13224,둔산동 은하수네거리 정류장(파랑새네거리방면),36.350064,127.378011,서구,둔산동,대전광역시 서구 둔산동 1165
ST1363,2024-11-26,2026-03-31,387,4915,4908,491,0.7882,9823,둔산동 정부청사역 2번출구,36.357439,127.380666,서구,둔산동,대전광역시 서구 둔산동 1375
ST1364,2024-11-25,2026-03-31,443,5760,5776,492,0.9004,11536,둔산동 국화한신아파트 건너편(파리바게트),36.351128,127.397257,서구,둔산동,대전광역시 서구 둔산동 2161
ST1365,2024-12-05,2026-04-01,394,7092,7189,483,0.8157,14281,태평동 삼부새롬아파트 101동앞,36.322058,127.390188,중구,태평동,대전광역시 중구 태평동 548
ST1366,2024-11-25,2026-03-31,439,4032,4070,492,0.8923,8102,태평동 삼부아파트 2단지 27동,36.32496,127.389698,중구,태평동,대전광역시 중구 태평동 407
ST1367,2024-11-25,2026-04-01,445,12494,12534,493,0.9026,25028,태평동 시영아파트 4동,36.323741,127.40114,중구,태평동,대전광역시 중구 태평동 281-8
ST1368,2024-11-24,2026-03-31,449,7339,7340,493,0.9108,14679,중촌동 중촌시민공원,36.339986,127.403841,중구,중촌동,대전광역시 중구 중촌동 471-12
ST1369,2025-03-04,2026-03-31,352,1582,1575,393,0.8957,3157,목동 올리브힐 아파트,36.337524,127.404498,중구,목동,대전광역시 중구 목동 24-47
ST1370,2024-11-30,2026-03-31,381,1186,1182,487,0.7823,2368,안영동 안영생활체육단지,36.285343,127.37465,중구,안영동,대전광역시 중구 안영동 400-1
ST1371,2024-11-25,2026-03-31,387,1714,1682,492,0.7866,3396,안영동 효문화마을입구 정류장,36.286639,127.378512,중구,안영동,대전광역시 중구 안영동 702-2
ST1372,2024-11-25,2026-03-31,434,4657,4670,492,0.8821,9327,문화동 계룡문화아파트,36.313633,127.40475,중구,문화동,대전광역시 중구 문화동 418-10
ST1373,2024-12-01,2026-03-31,376,6184,6242,486,0.7737,12426,유천동 큰솔아파트,36.314518,127.390012,중구,유천동,대전광역시 중구 유천동 335-12
ST1374,2024-12-02,2026-03-31,383,3943,3943,485,0.7897,7886,목동 모아엘가그랑데 아파트,36.333644,127.409079,중구,목동,대전광역시 중구 목동 382
ST1375,2024-12-10,2026-03-31,393,4502,4522,477,0.8239,9024,산성동 781,36.305622,127.389846,중구,산성동,대전광역시 중구 산성동 781
ST1376,2024-12-30,2026-03-31,364,11395,11232,457,0.7965,22627,용두동 오룡역 5번출구,36.329237,127.404526,중구,용두동,대전광역시 중구 용두동 119-1
ST1377,2024-12-03,2026-03-31,404,1745,1751,484,0.8347,3496,대흥동 성모오거리 정류장(대전고등학교 방변),36.323551,127.420808,중구,대흥동,대전광역시 중구 대흥동 509-7
ST1378,2024-11-24,2026-03-31,344,824,830,493,0.6978,1654,선화동 양지 근린 공원,36.324408,127.416411,중구,선화동,대전광역시 중구 선화동 362-99
ST1379,2024-12-18,2026-04-01,370,8883,9039,470,0.7872,17922,태평동 태평오거리,36.326106,127.395158,중구,태평동,대전광역시 중구 태평동 376-14
ST1380,2024-12-06,2026-03-31,364,1829,1833,481,0.7568,3662,안영동 한국효문화진흥원(뿌리공원방향),36.285361,127.38092,중구,안영동,대전광역시 중구 안영동 66-3
ST1381,2024-11-29,2026-03-31,405,3129,3135,488,0.8299,6264,선화동 해모로더센트라아파트 107동,36.328264,127.41568,중구,선화동,대전광역시 중구 선화동 901
ST1382,2024-11-27,2026-03-31,423,3594,3569,490,0.8633,7163,목동 충남여중삼거리,36.331914,127.410372,중구,목동,대전광역시 중구 목동 115-6
ST1383,2024-11-21,2026-03-31,446,4538,4559,496,0.8992,9097,용두동 미르마을아파트 115동,36.324832,127.412955,중구,용두동,대전광역시 중구 용두동 39-235
ST1384,2024-12-05,2026-03-31,412,4751,4724,482,0.8548,9475,부사동 부사 119안전센터,36.315354,127.433804,중구,부사동,대전광역시 중구 부사동 126-12
ST1385,2024-12-03,2026-03-31,381,7842,7844,484,0.7872,15686,부사동 충무로네거리(맥도날드),36.319583,127.431771,중구,부사동,대전광역시 중구 부사동 87-22
ST1386,2024-11-29,2026-03-31,395,1968,1978,488,0.8094,3946,신탄진동 대덕구육아복합마더센터 건너편,36.453091,127.434329,대덕구,신탄진동,대전광역시 대덕구 신탄진동 91-35
ST1387,2024-12-14,2026-03-31,259,347,349,473,0.5476,696,상서동 선바위 정류장(들말_신대차고지 방면),36.424204,127.419497,대덕구,상서동,대전광역시 대덕구 상서동 349-65
ST1388,2024-12-31,2026-03-30,214,247,231,455,0.4703,478,신대동 연축주공아파트 정류장,36.396416,127.422407,대덕구,신대동,대전광역시 대덕구 신대동 372-1
ST1389,2024-12-03,2026-03-31,391,1567,1557,484,0.8079,3124,송촌동 송촌도서관,36.360139,127.440378,대덕구,송촌동,대전광역시 대덕구 송촌동 165
ST1390,2024-11-30,2026-02-14,117,771,779,442,0.2647,1550,상서동 GS LPG 충전소,36.421924,127.419306,대덕구,상서동,대전광역시 대덕구 상서동 443-12
ST1391,2024-11-25,2026-04-01,442,2873,2898,493,0.8966,5771,읍내동 502-5,36.375972,127.414846,대덕구,읍내동,대전광역시 대덕구 읍내동 502-5
ST1392,2024-11-25,2026-04-01,391,3138,3135,493,0.7931,6273,중리동 영진로얄아파트 정류장,36.36174,127.421551,대덕구,중리동,대전광역시 대덕구 중리동 275-29
ST1393,2024-12-17,2026-03-19,117,131,130,458,0.2555,261,상서동 선바위 정류장(세일초등학교방면),36.424897,127.41896,대덕구,상서동,대전광역시 대덕구 상서동 47-21
ST1394,2024-12-02,2026-03-31,343,747,736,485,0.7072,1483,와동 지도표성경김,36.411422,127.424534,대덕구,와동,대전광역시 대덕구 와동 250
ST1395,2024-12-03,2026-03-31,385,1779,1814,484,0.7955,3593,읍내동 원촌교네거리 정류장(당아래 방면),36.376816,127.411712,대덕구,읍내동,대전광역시 대덕구 읍내동 543-36
ST1396,2024-11-26,2026-03-31,411,3983,4001,491,0.8371,7984,신탄진동 다가온 청년주택 앞,36.451714,127.428891,대덕구,신탄진동,대전광역시 대덕구 신탄진동 120-51
ST1397,2024-12-02,2026-03-31,436,4455,4453,485,0.899,8908,석봉동 신탄진시장 정류장 (금강액슬루타워 방면),36.450467,127.424537,대덕구,석봉동,대전광역시 대덕구 석봉동 766
ST1398,2024-12-02,2026-03-31,364,1414,1370,485,0.7505,2784,신일동 한온시스템 정류장,36.433976,127.410436,대덕구,신일동,대전광역시 대덕구 신일동 1704
ST1399,2024-11-29,2026-03-31,355,1075,1009,488,0.7275,2084,목상동 한국타이어 후문 정류장,36.449793,127.415733,대덕구,목상동,대전광역시 대덕구 목상동 37-5
ST1400,2024-11-27,2026-03-31,353,1030,1029,490,0.7204,2059,중리동근린공원 정류장(중리동주민센터방면),36.363632,127.42504,대덕구,중리동,대전광역시 대덕구 중리동 384-5
ST1401,2024-11-29,2026-03-31,390,2454,2448,488,0.7992,4902,신탄진동 현도교 아래,36.455558,127.428442,대덕구,신탄진동,대전광역시 대덕구 신탄진동 388-181
ST1402,2024-12-02,2026-03-31,203,815,823,485,0.4186,1638,연축동 성우동산 정류장(대한통운종점 방면),36.388757,127.421399,대덕구,연축동,대전광역시 대덕구 연축동 40-5
ST1403,2024-12-02,2026-03-31,439,6111,5943,485,0.9052,12054,만년동 대전시립미술관,36.36516,127.385289,서구,만년동,대전광역시 서구 만년동 399
ST1404,2024-11-25,2026-03-31,435,2528,2536,492,0.8841,5064,효동행정복지센터,36.316883,127.44283,동구,천동,대전광역시 동구 천동 540
ST1405,2024-12-02,2026-03-31,443,3226,3197,485,0.9134,6423,효동행정복지센터 건너편,36.31728,127.442587,동구,천동,대전광역시 동구 천동 511-216
ST1406,2024-11-21,2026-03-31,424,1893,1900,496,0.8548,3793,판암동 동신중학교,36.321223,127.459016,동구,판암동,대전광역시 동구 판암동 248
ST1407,2024-12-02,2026-03-31,422,3029,3026,485,0.8701,6055,용계동 도안네거리,36.331877,127.333174,유성구,용계동,대전광역시 유성구 용계동 676-1
ST1408,2024-11-30,2025-02-26,85,509,514,89,0.9551,1023,26년1권역,36.399984,127.405757,유성구,전민동,대전광역시 유성구 전민동 466-3
ST1409,2024-12-03,2025-02-26,64,178,181,86,0.7442,359,26년2권역,36.348237,127.333136,유성구,상대동,대전광역시 유성구 상대동 440-1
ST1410,2024-11-30,2025-02-26,86,1682,1705,89,0.9663,3387,26년3권역,36.29869,127.339063,서구,관저동,대전광역시 서구 관저동 1344
ST1411,2025-02-14,2025-02-26,7,7,9,13,0.5385,16,둔산 더샵 엘리프 2단지(204동),36.338951,127.397371,서구,용문동,대전광역시 서구 용문동 231-37
ST1412,2025-02-06,2025-02-26,15,37,37,21,0.7143,74,둔산 더샵 엘리프 1단지,36.336425,127.395848,서구,용문동,대전광역시 서구 용문동 266-3
ST1416,2025-03-24,2026-04-01,343,8982,9026,374,0.9171,18008,변동 향우네거리,36.322527,127.378218,서구,변동,대전광역시 서구 변동 62-6
ST1417,2025-03-28,2026-03-31,315,1675,1666,369,0.8537,3341,지족동 지족네거리,36.375474,127.317664,유성구,지족동,대전광역시 유성구 지족동 899
ST1418,2025-04-05,2026-03-31,258,350,418,361,0.7147,768,타슈 시험용 대여소,36.40348,127.308759,유성구,외삼동,대전광역시 유성구 외삼동 421
ST1419,2025-04-09,2026-03-31,290,760,721,357,0.8123,1481,목동 현대아파트(132-64),36.328021,127.412921,중구,목동,대전광역시 중구 목동 132-64
ST1420,2025-04-08,2026-03-31,324,3280,3268,358,0.905,6548,도룡동 공동관리아파트(도룡동),36.382287,127.37847,유성구,도룡동,대전광역시 유성구 도룡동 409
ST1421,2025-04-23,2026-03-31,313,9798,9854,343,0.9125,19652,선화동 대전하늘채스카이앤2차,36.335926,127.419902,중구,선화동,대전광역시 중구 선화동 87-18
ST1422,2025-04-25,2026-03-31,310,4579,4585,341,0.9091,9164,전민동 청구나래아파트(101동),36.401061,127.404744,유성구,전민동,대전광역시 유성구 전민동 462-4
ST1423,2025-04-30,2026-03-31,241,472,474,336,0.7173,946,송촌동 엘리프송촌 더파크아파트,36.361785,127.437718,대덕구,송촌동,대전광역시 대덕구 송촌동 26-1
ST1424,2025-05-29,2026-03-31,265,5605,5614,307,0.8632,11219,중동 중앙시장 제3공영주차장,36.330163,127.431398,동구,중동,대전광역시 동구 중동 317
ST1425,2025-05-27,2026-03-31,264,1097,1097,309,0.8544,2194,인동 스카이자이르네아파트,36.324214,127.4363,동구,인동,대전광역시 동구 인동 72-3
ST1427,2025-06-24,2026-03-31,195,449,408,281,0.694,857,방현동 대전시립제1노인병원 정류장,36.406254,127.371644,유성구,방현동,대전광역시 유성구 방현동 426
ST1428,2025-08-01,2026-03-31,212,1673,1536,243,0.8724,3209,도룡동 청년하우스,36.378868,127.390416,유성구,도룡동,대전광역시 유성구 도룡동 4-25
ST1429,2025-08-01,2025-08-01,1,1,0,1,1.0,1,2000,36.405928,127.306664,유성구,외삼동,대전광역시 유성구 외삼동 421
ST1430,2025-08-06,2025-08-18,13,219,267,13,1.0,486,0시축제 임시대여소1,36.33049,127.427884,중구,은행동,대전광역시 중구 은행동 314-1
ST1431,2025-08-06,2025-08-17,12,119,138,12,1.0,257,0시축제 임시대여소2,36.326733,127.431297,중구,대흥동,대전광역시 중구 대흥동 909
ST1432,2025-08-06,2025-08-17,12,79,81,12,1.0,160,0시축제 임시대여소3,36.326799,127.432259,동구,원동,대전광역시 동구 원동 406-2
ST1433,2025-08-08,2026-03-31,206,5273,5316,236,0.8729,10589,문화동 중구보건소,36.307811,127.395201,중구,문화동,대전광역시 중구 문화동 785
ST1434,2025-09-08,2026-03-31,173,5404,5406,205,0.8439,10810,구성동 카이스트 오리연못,36.367168,127.362497,유성구,구성동,대전광역시 유성구 구성동 23
ST1435,2025-09-26,2026-03-31,154,1550,1554,187,0.8235,3104,탄방동 둔산자이아이파크 104동,36.340978,127.377845,서구,탄방동,대전광역시 서구 탄방동 1494
ST1436,2025-10-18,2026-03-31,134,1274,1292,165,0.8121,2566,구암동 구암다가온행복주택 103동,36.353994,127.327309,유성구,구암동,대전광역시 유성구 구암동 745
ST1437,2025-10-26,2026-03-31,62,90,89,157,0.3949,179,진잠동 행정복지센터,36.299465,127.316666,유성구,원내동,대전광역시 유성구 원내동 735
ST1438,2025-10-24,2026-03-31,127,876,892,159,0.7987,1768,장대동 행복주택 104동 건너편,36.361252,127.324807,유성구,장대동,대전광역시 유성구 장대동 232-7
ST1439,2025-10-21,2026-03-31,75,98,95,162,0.463,193,전민동 수자원공사 삼거리 (탑립동 방향),36.405879,127.39739,유성구,전민동,대전광역시 유성구 전민동 462-1
ST1440,2025-10-17,2026-03-31,135,2979,2978,166,0.8133,5957,장대동 궁동2교 (죽동 방향),36.363839,127.340334,유성구,장대동,대전광역시 유성구 장대동 320-2
ST1441,2025-10-18,2026-03-31,126,527,527,165,0.7636,1054,용계동 힐스테이트도안 103동,36.330904,127.332553,유성구,용계동,대전광역시 유성구 용계동 688
ST1442,2025-10-22,2026-03-31,77,207,197,161,0.4783,404,화암동 한국천문연구원 정류장 (국가정보자원관리원 방면),36.400046,127.373961,유성구,화암동,대전광역시 유성구 화암동 62-1
ST1443,2025-10-24,2026-04-01,129,3787,3864,160,0.8062,7651,어은동 한빛아파트(126동 앞),36.363314,127.353114,유성구,어은동,대전광역시 유성구 어은동 99
ST1444,2025-10-20,2026-03-31,60,75,65,163,0.3681,140,화암동 국립과학수사연구원 정류장(대한항공기술연구원 방면),36.407532,127.382968,유성구,화암동,대전광역시 유성구 화암동 57-3
ST1445,2025-10-21,2026-03-31,62,113,53,162,0.3827,166,화암동 정보통신기획평가원 건너편,36.406767,127.384522,유성구,화암동,대전광역시 유성구 화암동 57-3
ST1446,2025-10-17,2026-03-31,119,204,209,166,0.7169,413,대정동 대전종합유통단지,36.316988,127.319695,유성구,대정동,대전광역시 유성구 대정동 300-1
ST1447,2025-10-17,2026-03-31,130,755,752,166,0.7831,1507,원신흥동 LH 대전에너지사업단,36.332581,127.347761,유성구,원신흥동,대전광역시 유성구 원신흥동 524-4
ST1448,2025-10-28,2026-03-28,42,61,39,152,0.2763,100,둔곡동 용머리 근린공원,36.45903,127.363077,유성구,둔곡동,대전광역시 유성구 둔곡동 480
ST1449,2025-10-18,2026-04-01,133,2109,2109,166,0.8012,4218,어은동 카이스트 아름관,36.37341,127.357245,유성구,어은동,대전광역시 유성구 어은동 44
ST1450,2025-10-18,2026-03-31,134,3403,3405,165,0.8121,6808,구성동 카이스트 나노종합기술원,36.367598,127.367211,유성구,구성동,대전광역시 유성구 구성동 23
ST1451,2025-10-23,2026-03-31,129,1278,1296,160,0.8062,2574,대성동 은어송초등학교 정류장(은어송하늘채리버뷰 방면),36.301049,127.456986,동구,대성동,대전광역시 동구 대성동 84
ST1452,2025-10-20,2026-03-31,124,661,667,163,0.7607,1328,삼성동 대전역대라수 1차 101동 옆,36.338164,127.430175,동구,삼성동,대전광역시 동구 삼성동 107-29
ST1453,2025-10-25,2026-03-31,85,197,195,158,0.538,392,자양동 우송대학교서캠퍼스 정류장(자양동 방면),36.338262,127.444779,동구,자양동,대전광역시 동구 자양동 317-4
ST1454,2025-10-24,2026-03-31,102,192,187,159,0.6415,379,천동 구세군 참사랑교회 건너편,36.311541,127.443934,동구,천동,대전광역시 동구 천동 73-3
ST1455,2025-10-17,2026-03-31,134,1569,1578,166,0.8072,3147,중동 대전역 3번출구,36.331643,127.432653,동구,중동,대전광역시 동구 중동 317
ST1456,2025-10-20,2026-03-31,132,1046,1052,163,0.8098,2098,천동 리더스시티 5단지아파트 511동,36.319097,127.446311,동구,천동,대전광역시 동구 천동 7-16
ST1457,2025-10-18,2026-04-01,135,1470,1489,166,0.8133,2959,신흥동 신흥SK뷰아파트(101동),36.323395,127.443733,동구,신흥동,대전광역시 동구 신흥동 6
ST1458,2025-10-24,2026-03-25,25,35,31,153,0.1634,66,비래동 삼익둥지아파트,36.35559,127.456487,대덕구,비래동,대전광역시 대덕구 비래동 18-13
ST1459,2025-10-26,2026-03-31,69,146,147,157,0.4395,293,가양동 한국폴리텍 대학,36.35076,127.452526,동구,가양동,대전광역시 동구 가양동 671
ST1460,2025-10-21,2026-03-31,110,312,309,162,0.679,621,판암동 판암근린공원 정류장 (신흥역 방면),36.318023,127.452778,동구,판암동,대전광역시 동구 판암동 496-4
ST1461,2025-11-08,2026-02-28,15,13,13,113,0.1327,26,용운국제수영장,36.325476,127.466025,동구,용운동,대전광역시 동구 용운동 301-1
ST1462,2025-10-28,2026-03-31,68,122,103,155,0.4387,225,구도동 우정사업본부 중부권광역우편물류센터,36.270272,127.47187,동구,구도동,대전광역시 동구 구도동 408
ST1463,2025-10-18,2026-03-31,132,1048,1049,165,0.8,2097,가양동 동구국민체육센터,36.339737,127.437631,동구,가양동,대전광역시 동구 가양동 709-1
ST1464,2025-10-24,2026-03-31,100,437,430,159,0.6289,867,소제동 동서교(소제동 카페거리 입구),36.333487,127.438353,동구,소제동,대전광역시 동구 소제동 288-74
ST1465,2025-10-20,2026-03-31,101,204,202,163,0.6196,406,대성동 은어송중학교 후문 건너편,36.300045,127.459457,동구,대성동,대전광역시 동구 대성동 138
ST1466,2025-10-18,2026-03-31,110,234,227,165,0.6667,461,대성동 파스쿠찌 남대전DT점,36.291036,127.462686,동구,대성동,대전광역시 동구 대성동 275-1
ST1467,2025-10-27,2026-03-31,125,2347,2352,156,0.8013,4699,갈마동 경성유치원,36.343341,127.378955,서구,갈마동,대전광역시 서구 갈마동 1453
ST1468,2025-10-24,2026-03-31,128,2792,2812,159,0.805,5604,월평동 은뜰마을아파트 201동 앞,36.362368,127.370528,서구,월평동,대전광역시 서구 월평동 1507
ST1469,2025-10-22,2026-03-31,114,560,523,161,0.7081,1083,둔산동 샘머리아파트 215동 건너편,36.362023,127.395842,서구,둔산동,대전광역시 서구 둔산동 1797
ST1470,2025-10-22,2026-03-31,129,928,935,161,0.8012,1863,둔산동 수정타운아파트 7동,36.360716,127.396623,서구,둔산동,대전광역시 서구 둔산동 1524
ST1471,2025-10-27,2026-03-31,124,1053,1050,156,0.7949,2103,도안동 예미지105동 앞,36.330213,127.343172,서구,도안동,대전광역시 서구 도안동 965
ST1472,2025-10-22,2026-03-31,130,1064,1064,161,0.8075,2128,갈마2동 행정복지센터 옆 (김한돈),36.346435,127.374889,서구,갈마동,대전광역시 서구 갈마동 1458
ST1473,2025-10-22,2026-03-31,130,1767,1782,161,0.8075,3549,둔산동 보라삼거리 정류장(남선공원네거리 방면),36.35012,127.401505,서구,둔산동,대전광역시 서구 둔산동 2167
ST1474,2025-10-25,2026-03-31,126,1079,1070,158,0.7975,2149,변동 29-21,36.326923,127.379884,서구,변동,대전광역시 서구 변동 29-21
ST1475,2025-10-21,2026-03-31,120,389,375,162,0.7407,764,관저동 관저예미지아파트 101동,36.292538,127.330989,서구,관저동,대전광역시 서구 관저동 1634
ST1476,2026-01-01,2026-03-29,16,14,14,88,0.1818,28,원내동 신우한아름아파트 107동 앞,36.293855,127.318868,유성구,원내동,대전광역시 유성구 원내동 389-3
ST1477,2025-10-22,2026-04-01,131,1775,1793,162,0.8086,3568,월평1동 행정복지센터 옆,36.354946,127.35746,서구,월평동,대전광역시 서구 월평동 1182
ST1478,2025-10-19,2026-03-31,121,332,324,164,0.7378,656,관저동 원앙마을 104동,36.309553,127.335225,서구,관저동,대전광역시 서구 관저동 988
ST1479,2025-10-19,2026-03-31,115,306,309,164,0.7012,615,정림동 대청병원입구,36.309294,127.369769,서구,정림동,대전광역시 서구 정림동 8-57
ST1480,2025-10-21,2026-03-31,131,830,840,162,0.8086,1670,월평동 갑천대교(갑천역 방향),36.357312,127.358127,서구,월평동,대전광역시 서구 월평동 216-3
ST1481,2025-10-18,2026-03-31,126,757,659,165,0.7636,1416,둔산동 대전예술의전당 정류장,36.364593,127.386482,서구,둔산동,대전광역시 서구 둔산동 1521-6
ST1482,2025-10-19,2026-03-31,109,313,281,164,0.6646,594,관저동 한국산림복지진흥원,36.291105,127.333776,서구,관저동,대전광역시 서구 관저동 2021
ST1483,2025-10-18,2026-03-31,126,500,505,165,0.7636,1005,관저동 봉우재 근린공원,36.30593,127.333991,서구,관저동,대전광역시 서구 관저동 1662
ST1484,2025-10-18,2026-03-31,134,2337,2338,165,0.8121,4675,관저동 관저네거리,36.301823,127.33518,서구,관저동,대전광역시 서구 관저동 1780
ST1485,2025-10-18,2026-03-31,134,2055,2062,165,0.8121,4117,관저동 건양대학교 청림학사,36.305223,127.344718,서구,관저동,대전광역시 서구 관저동 1902
ST1486,2025-10-21,2026-03-31,127,1415,1394,162,0.784,2809,둔산동 한국환경공단,36.359638,127.380988,서구,둔산동,대전광역시 서구 둔산동 937
ST1487,2025-10-18,2026-03-31,134,887,885,165,0.8121,1772,월평동 월평초등학교 육교 아래,36.35636,127.357451,서구,월평동,대전광역시 서구 월평동 1555
ST1488,2025-10-22,2026-03-29,46,65,65,159,0.2893,130,송촌동 송촌중학교,36.363167,127.443546,대덕구,송촌동,대전광역시 대덕구 송촌동 500-9
ST1489,2025-10-29,2026-03-31,81,120,122,154,0.526,242,평촌동 KT&G 대전공장,36.440821,127.428941,대덕구,평촌동,대전광역시 대덕구 평촌동 203-1
ST1490,2025-10-22,2026-04-01,116,559,554,162,0.716,1113,오정동 한남대학교 중앙박물관,36.354658,127.421903,대덕구,오정동,대전광역시 대덕구 오정동 133
ST1491,2025-10-19,2026-03-30,96,162,154,163,0.589,316,오정동 한남대학교 정성균선교관,36.35397,127.423145,대덕구,오정동,대전광역시 대덕구 오정동 133
ST1492,2025-10-22,2026-03-31,81,291,281,161,0.5031,572,오정동 한남대학교 계의돈기념관,36.356255,127.420867,대덕구,오정동,대전광역시 대덕구 오정동 133
ST1493,2025-10-18,2026-03-31,121,392,392,165,0.7333,784,오정동 한남대학교 소망관,36.353326,127.426905,대덕구,오정동,대전광역시 대덕구 오정동 201-8
ST1494,2025-10-20,2026-03-31,55,82,81,163,0.3374,163,오정동 한남대학교 문과대학,36.355491,127.42319,대덕구,오정동,대전광역시 대덕구 오정동 133
ST1495,2025-10-21,2026-03-31,89,144,145,162,0.5494,289,상서동 유창산업 정류장 (상서동 방면),36.432099,127.42473,대덕구,상서동,대전광역시 대덕구 상서동 174-4
ST1496,2025-10-22,2026-03-31,109,240,233,161,0.677,473,대화동 세원화성 정류장(동아교재 방면),36.371915,127.412274,대덕구,대화동,대전광역시 대덕구 대화동 164-14
ST1498,2025-10-23,2026-03-31,108,219,216,160,0.675,435,산성동 산성시장 정류장(산성동 새마을회관 방면),36.305214,127.388659,중구,산성동,대전광역시 중구 산성동 280-10
ST1499,2025-10-20,2026-03-31,95,234,237,163,0.5828,471,산성동 대전서남부터미널,36.312557,127.387973,중구,산성동,대전광역시 중구 산성동 759-36
ST1500,2025-10-18,2026-03-31,134,2335,2340,165,0.8121,4675,유천동 서대전역 후문 출구,36.322708,127.402674,중구,유천동,대전광역시 중구 유천동 10-19
ST1501,2025-10-21,2026-03-31,131,2300,2304,162,0.8086,4604,선화동 대전한신더휴리저브 1102동,36.334846,127.421184,중구,선화동,대전광역시 중구 선화동 909
ST1502,2025-10-19,2026-03-31,129,596,611,164,0.7866,1207,유천동 278-30,36.311789,127.395117,중구,유천동,대전광역시 중구 유천동 278-30
ST1503,2025-10-22,2026-03-31,130,862,848,161,0.8075,1710,삼성동 국민건강보험공단 대전동부지사,36.339783,127.419737,동구,삼성동,대전광역시 동구 삼성동 332-3
ST1504,2025-10-23,2026-03-31,128,1357,1350,160,0.8,2707,용두동 골든타워,36.324328,127.410533,중구,용두동,대전광역시 중구 용두동 23-1
ST1505,2025-10-23,2026-03-31,115,271,273,160,0.7188,544,산성동 한밭가든아파트 107동,36.304733,127.382657,중구,산성동,대전광역시 중구 산성동 119-1
ST1506,2025-10-19,2026-03-31,129,1480,1470,164,0.7866,2950,부사동 한화이글스파크,36.317894,127.431514,중구,부사동,대전광역시 중구 부사동 209-1
ST1507,2025-10-24,2026-03-31,108,229,231,159,0.6792,460,중촌동 하늘아파트 307동 건너편,36.339602,127.40595,중구,중촌동,대전광역시 중구 중촌동 301
ST1508,2025-10-21,2026-03-31,79,163,158,162,0.4877,321,산성동 서남부터미널 종점 정류장(종점 방면),36.310552,127.387241,중구,산성동,대전광역시 중구 산성동 143-9
ST1509,2025-10-22,2026-03-31,121,347,348,161,0.7516,695,중촌동 한마음정육식당 건너편,36.342777,127.408647,중구,중촌동,대전광역시 중구 중촌동 436
ST1510,2025-10-23,2026-03-31,125,944,952,160,0.7812,1896,태평동 버드내마을1단지 119동 앞,36.317428,127.386364,중구,태평동,대전광역시 중구 태평동 510-164
ST1511,2025-10-21,2026-03-31,127,651,660,162,0.784,1311,부사동 255-1,36.313788,127.429328,중구,부사동,대전광역시 중구 부사동 255-1
ST1512,2025-10-19,2026-03-31,105,194,190,164,0.6402,384,문화동 한밭도서관 후문 정류장(한밭도서관 방면),36.310257,127.411152,중구,문화동,대전광역시 중구 문화동 103-1
ST1513,2025-10-30,2026-03-31,43,60,51,153,0.281,111,안영동 안영생활체육단지(축구장2),36.287862,127.372448,중구,안영동,대전광역시 중구 안영동 533-1
ST1514,2025-10-18,2026-03-31,132,575,567,165,0.8,1142,문화동 한신휴플러스1단지 102동 건너편,36.320073,127.407349,중구,문화동,대전광역시 중구 문화동 1-17
ST1515,2025-10-24,2026-03-31,119,629,627,159,0.7484,1256,문화동 문화육교 삼거리 아래,36.313703,127.402607,중구,문화동,대전광역시 중구 문화동 727-1
ST1516,2025-10-18,2026-03-31,124,437,435,165,0.7515,872,용두동 301-3,36.335235,127.400345,중구,용두동,대전광역시 중구 용두동 301-3
ST1517,2025-10-18,2026-03-31,132,763,749,165,0.8,1512,중촌동 중촌시민공원 주차장 입구,36.343408,127.4045,중구,중촌동,대전광역시 중구 중촌동 255-3
ST1519,2025-10-27,2026-03-31,122,1752,1714,156,0.7821,3466,원신흥동 갑천생태호수공원 주차장B,36.334141,127.349118,유성구,원신흥동,대전광역시 유성구 원신흥동 667
ST1520,2025-10-27,2026-03-31,125,2778,2742,156,0.8013,5520,도안동 갑천생태호수공원 주차장C,36.327689,127.348373,서구,도안동,대전광역시 서구 도안동 383-2
ST1521,2025-10-30,2026-03-31,121,1000,1002,153,0.7908,2002,탄방동 서구노인복지관,36.345649,127.396712,서구,탄방동,대전광역시 서구 탄방동 1084
ST1523,2025-11-18,2026-03-31,10,20,6,134,0.0746,26,가양동 한국폴리텍대학(대전) 비전관,36.351309,127.455597,동구,가양동,대전광역시 동구 가양동 91-2
ST1524,2025-11-20,2026-03-31,93,385,382,132,0.7045,767,용두동 을지대학교 생활관,36.331546,127.405099,중구,용두동,대전광역시 중구 용두동 143
ST1525,2025-11-25,2026-03-28,23,35,4,124,0.1855,39,목동 을지대학교 대전캠퍼스,36.333195,127.40571,중구,목동,대전광역시 중구 목동 24-14
ST1526,2026-01-30,2026-03-25,8,12,8,55,0.1455,20,용운동 대전대학교 30주년기념관,36.336516,127.459885,동구,용운동,대전광역시 동구 용운동 96-3
ST1527,2025-11-26,2026-03-24,23,37,22,119,0.1933,59,용운동 대전대학교 지산도서관,36.336842,127.461149,동구,용운동,대전광역시 동구 용운동 96-3
ST1528,2026-02-13,2026-03-30,9,11,7,46,0.1957,18,용운동 대전대학교 제5생활관,36.333521,127.462844,동구,용운동,대전광역시 동구 용운동 40
ST1529,2026-01-02,2026-03-12,16,19,14,70,0.2286,33,용운동 대전대학교융합과학관,36.33512,127.458534,동구,용운동,대전광역시 동구 용운동 103
ST1530,2025-11-20,2026-03-31,100,1494,1493,132,0.7576,2987,월평동 대전무역회관,36.358978,127.379189,서구,월평동,대전광역시 서구 월평동 282-1
ST1531,2026-01-01,2026-03-31,90,1166,1132,90,1.0,2298,전민동 엑스포아파트 5단지 상가,36.399592,127.406552,유성구,전민동,대전광역시 유성구 전민동 464-1
ST1532,2026-01-28,2026-03-31,63,1001,982,63,1.0,1983,구암동 유성복합터미널,36.355244,127.330402,유성구,구암동,대전광역시 유성구 구암동 81-1
ST1533,2026-01-28,2026-03-31,55,116,86,63,0.873,202,학하동 학무정네거리,36.339296,127.311557,유성구,학하동,대전광역시 유성구 학하동 742-7
ST1535,2026-03-11,2026-03-31,21,488,487,21,1.0,975,구암동 구암역 1번출구 건너편,36.356575,127.331538,유성구,구암동,대전광역시 유성구 구암동 94-9
