station_id,rentals,returns_n,rentals_real,net_out,reloc_in,reloc_out,ctrl_events,wd_rent,wd_peak,we_rent,name,gu,dong,lat,lon,total_events,net_out_per_day,CPI,WR,ctrl_pct,reloc_net_in,unmet,monthly_rentals,use_type
ST0051,11697.0,10117.0,11363.0,1580.0,1216.0,56.0,614.0,8655.0,3632.0,2708.0,목동 한사랑아파트 109동,중구,목동,36.333186,127.412241,21814,2.762,0.4196,0.7784,2.81,1160.0,420.0,604.7,출퇴근형
ST0400,3505.0,2236.0,3421.0,1269.0,884.0,8.0,125.0,2815.0,840.0,606.0,장동 대덕대학교,대덕구,장동,36.390204,127.362603,5741,2.219,0.2984,0.5356,2.18,876.0,393.0,182.1,혼합/생활형
ST0181,3084.0,2057.0,3029.0,1027.0,525.0,7.0,104.0,2364.0,1079.0,665.0,하기동 송림마을 5단지(오시오칼국수),유성구,하기동,36.390972,127.329523,5141,1.795,0.4564,0.6998,2.02,518.0,509.0,161.2,출퇴근형
ST0168,5436.0,4415.0,5302.0,1021.0,533.0,20.0,256.0,4101.0,1482.0,1201.0,지족동 노은3동 행정복지센터(201),유성구,지족동,36.386797,127.308308,9851,1.785,0.3614,0.7286,2.6,513.0,508.0,282.2,혼합/생활형
ST0284,4168.0,3152.0,4010.0,1016.0,700.0,8.0,159.0,2820.0,801.0,1190.0,관저동 원앙네거리(관저 지하차도 방면),서구,관저동,36.306209,127.335211,7320,1.776,0.284,1.0498,2.17,692.0,324.0,213.4,혼합/생활형
ST0413,21334.0,20497.0,20499.0,837.0,671.0,67.0,971.0,12658.0,4640.0,7841.0,도룡동 대전컨벤션센터,유성구,도룡동,36.374451,127.392019,41831,1.463,0.3666,1.5411,2.32,604.0,233.0,1090.9,혼합/생활형
ST0257,2490.0,1723.0,2363.0,767.0,546.0,25.0,105.0,1719.0,513.0,644.0,관저동 미즈모아산부인과,서구,관저동,36.298865,127.339432,4213,1.341,0.2984,0.932,2.49,521.0,246.0,125.8,혼합/생활형
ST0697,2058.0,1429.0,1972.0,629.0,444.0,13.0,87.0,1437.0,488.0,535.0,계산동 학하네거리 학의뜰 방향 정류장,유성구,계산동,36.340988,127.304846,3489,1.1,0.3396,0.9262,2.49,431.0,198.0,104.9,혼합/생활형
ST1027,63136.0,62545.0,60132.0,591.0,635.0,283.0,2604.0,31975.0,9029.0,28157.0,만년동 한밭수목원(동원),서구,만년동,36.369245,127.388462,125681,1.033,0.2824,2.1907,2.07,352.0,239.0,3200.0,여가형
ST0216,4639.0,4059.0,4524.0,580.0,426.0,22.0,183.0,3304.0,1175.0,1220.0,상대동 도안 9단지 트리풀시티(920동),유성구,상대동,36.342818,127.337782,8698,1.014,0.3556,0.9186,2.1,404.0,176.0,240.8,혼합/생활형
ST0052,7230.0,6651.0,6993.0,579.0,439.0,43.0,452.0,5178.0,2025.0,1815.0,신흥동 신흥마을 102동,동구,신흥동,36.321214,127.444711,13882,1.012,0.3911,0.872,3.26,396.0,183.0,372.1,혼합/생활형
ST0165,1088.0,513.0,1070.0,575.0,462.0,1.0,41.0,857.0,267.0,213.0,지족동 노은3지구 영무예다음(102동),유성구,지족동,36.374482,127.305412,1601,1.005,0.3116,0.6183,2.56,461.0,114.0,56.9,혼합/생활형
ST1055,6216.0,5656.0,6001.0,560.0,393.0,20.0,251.0,4085.0,1248.0,1916.0,문화동 한밭도서관,중구,문화동,36.310012,127.408316,11872,0.979,0.3055,1.1669,2.11,373.0,187.0,319.4,혼합/생활형
ST1208,2036.0,1477.0,1965.0,559.0,397.0,7.0,112.0,1428.0,644.0,537.0,용산동 호반써밋(205동),유성구,용산동,36.412777,127.389614,3514,0.977,0.451,0.9355,3.19,390.0,169.0,104.6,혼합/생활형
ST0149,8344.0,7785.0,7933.0,559.0,481.0,78.0,370.0,5620.0,2060.0,2313.0,관평동 롯데마트(관평점),유성구,관평동,36.42805,127.386542,16130,0.977,0.3665,1.0239,2.29,403.0,156.0,422.2,혼합/생활형
ST0383,13559.0,13065.0,13031.0,494.0,442.0,46.0,700.0,9676.0,4031.0,3355.0,둔산동 수정타운아파트(13동)(37),서구,둔산동,36.357848,127.397684,26626,0.864,0.4166,0.8626,2.63,396.0,98.0,693.5,혼합/생활형
ST0360,3550.0,3073.0,3392.0,477.0,381.0,14.0,198.0,2655.0,1154.0,737.0,선화동 금강회관,중구,선화동,36.334306,127.420776,6623,0.834,0.4347,0.6906,2.99,367.0,110.0,180.5,출퇴근형
ST0163,3263.0,2791.0,3172.0,472.0,395.0,82.0,214.0,2413.0,887.0,759.0,반석동 반석역 5번출구,유성구,반석동,36.392494,127.314722,6054,0.825,0.3676,0.7825,3.53,313.0,159.0,168.8,혼합/생활형
ST1032,32457.0,32009.0,31456.0,448.0,402.0,80.0,2232.0,25953.0,13370.0,5503.0,둔산동 정부청사역 4번출구,서구,둔산동,36.357979,127.382026,64466,0.783,0.5152,0.5275,3.46,322.0,126.0,1674.0,출퇴근형
ST0106,10014.0,9573.0,9551.0,441.0,344.0,66.0,495.0,7151.0,2634.0,2400.0,갈마동 갈마아파트 한마음동산,서구,갈마동,36.344292,127.368321,19588,0.771,0.3683,0.835,2.53,278.0,163.0,508.3,혼합/생활형
ST1058,35234.0,34832.0,34314.0,402.0,271.0,41.0,1063.0,26979.0,8610.0,7335.0,어은동 카이스트 학사식당,유성구,어은동,36.373495,127.359509,70068,0.703,0.3191,0.6764,1.52,230.0,172.0,1826.1,혼합/생활형
ST0301,1623.0,1222.0,1546.0,401.0,315.0,23.0,96.0,1125.0,382.0,421.0,송촌동 송촌소방서,대덕구,송촌동,36.362965,127.438949,2845,0.701,0.3396,0.931,3.37,292.0,109.0,82.3,혼합/생활형
ST0139,5046.0,4653.0,4917.0,393.0,301.0,27.0,206.0,3397.0,1292.0,1520.0,죽동 유성구청소년수련관,유성구,죽동,36.380623,127.323343,9699,0.687,0.3803,1.1132,2.12,274.0,119.0,261.7,혼합/생활형
ST0283,1634.0,1241.0,1568.0,393.0,287.0,4.0,58.0,1061.0,353.0,507.0,관저동 원앙네거리(대자연마을아파트 방면),서구,관저동,36.307625,127.335373,2876,0.687,0.3327,1.1888,2.02,283.0,110.0,83.4,혼합/생활형
ST0384,10038.0,9691.0,9797.0,347.0,284.0,36.0,669.0,8042.0,3315.0,1755.0,둔산동 대전시청(북문),서구,둔산동,36.351112,127.384806,19729,0.607,0.4122,0.5429,3.39,248.0,99.0,521.4,출퇴근형
ST0377,18107.0,17765.0,17431.0,342.0,360.0,200.0,611.0,13308.0,4991.0,4123.0,구성동 카이스트 정문,유성구,구성동,36.36617,127.363896,35872,0.598,0.375,0.7708,1.7,160.0,182.0,927.6,혼합/생활형
ST0277,4729.0,4391.0,4567.0,338.0,263.0,19.0,136.0,3385.0,1230.0,1182.0,관저동 건양대네거리,서구,관저동,36.302415,127.33957,9120,0.591,0.3634,0.8687,1.49,244.0,94.0,243.0,혼합/생활형
ST0607,1132.0,799.0,1105.0,333.0,233.0,4.0,50.0,725.0,251.0,380.0,용운동 e편한세상 에코포레(114동),동구,용운동,36.326977,127.464886,1931,0.582,0.3462,1.304,2.59,229.0,104.0,58.8,혼합/생활형
ST1018,20220.0,19891.0,19744.0,329.0,250.0,40.0,835.0,15004.0,5171.0,4740.0,장대동 장대네거리(학사마을) ,유성구,장대동,36.364937,127.338671,40111,0.575,0.3446,0.7859,2.08,210.0,119.0,1050.7,혼합/생활형
ST0389,8708.0,8399.0,8449.0,309.0,264.0,26.0,503.0,6860.0,3156.0,1589.0,탄방동 탄방역 4번출구(대전종합고용지원센터),서구,탄방동,36.346408,127.385243,17107,0.54,0.4601,0.5763,2.94,238.0,71.0,449.6,출퇴근형
ST0300,625.0,326.0,614.0,299.0,222.0,1.0,49.0,428.0,164.0,186.0,송촌동 선비마을 입구,대덕구,송촌동,36.367629,127.436401,951,0.523,0.3832,1.0811,5.15,221.0,78.0,32.7,혼합/생활형
ST0145,7931.0,7634.0,7758.0,297.0,223.0,26.0,408.0,6235.0,3618.0,1523.0,신일동 대덕산업단지 BRT정류장,대덕구,문평동,36.43838,127.395094,15565,0.519,0.5803,0.6077,2.62,197.0,100.0,412.9,출퇴근형
ST0309,2131.0,1845.0,2064.0,286.0,273.0,20.0,93.0,1506.0,557.0,558.0,송촌동  송촌대양 공영주차장 정류장,대덕구,송촌동,36.36263,127.438794,3976,0.5,0.3699,0.9218,2.34,253.0,33.0,109.8,혼합/생활형
ST0254,4561.0,4277.0,4353.0,284.0,227.0,18.0,127.0,3073.0,964.0,1280.0,관저동 마치광장 해뜰마을어린이도서관,서구,관저동,36.29797,127.338627,8838,0.497,0.3137,1.0362,1.44,209.0,75.0,231.7,혼합/생활형
ST0297,1604.0,1320.0,1545.0,284.0,211.0,17.0,96.0,1132.0,432.0,413.0,송촌동 선비마을 3단지,대덕구,송촌동,36.368186,127.440099,2924,0.497,0.3816,0.9077,3.28,194.0,90.0,82.2,혼합/생활형
ST1026,40740.0,40463.0,39066.0,277.0,339.0,178.0,1620.0,21975.0,6645.0,17091.0,만년동 한밭수목원(서원),서구,만년동,36.369195,127.387595,81203,0.484,0.3024,1.9349,2.0,161.0,116.0,2079.0,혼합/생활형
ST0418,4120.0,3850.0,3977.0,270.0,217.0,25.0,196.0,2872.0,775.0,1105.0,용계동 목원대학교 입구,유성구,용계동,36.331655,127.337968,7971,0.472,0.2698,0.9572,2.46,192.0,78.0,211.6,혼합/생활형
ST0372,733.0,470.0,725.0,263.0,110.0,1.0,24.0,583.0,207.0,142.0,덕명동 한밭대학교 건설공학관 입구,유성구,덕명동,36.348598,127.301244,1205,0.46,0.3551,0.6059,2.0,109.0,154.0,38.6,혼합/생활형
ST0399,2323.0,2063.0,2275.0,260.0,168.0,5.0,95.0,1990.0,834.0,285.0,가정동 전자통신연구원,유성구,가정동,36.384161,127.36665,4386,0.455,0.4191,0.3563,2.17,163.0,97.0,121.1,출퇴근형
ST0215,8644.0,8388.0,8433.0,256.0,225.0,52.0,398.0,6041.0,1902.0,2392.0,상대동 도안 3단지 한라비발디(301동),유성구,상대동,36.344984,127.335416,17033,0.448,0.3148,0.9851,2.34,173.0,83.0,448.8,혼합/생활형
ST0046,1509.0,1253.0,1463.0,256.0,195.0,4.0,58.0,854.0,307.0,609.0,대사동 보문산 공영주차장,중구,대사동,36.311962,127.420543,2762,0.448,0.3595,1.7741,2.1,191.0,65.0,77.9,혼합/생활형
ST0155,4151.0,3897.0,3977.0,254.0,220.0,19.0,224.0,2860.0,1093.0,1117.0,반석동 외삼네거리 603동,유성구,반석동,36.395288,127.309988,8048,0.444,0.3822,0.9716,2.78,201.0,53.0,211.6,혼합/생활형
ST0549,1255.0,1008.0,1223.0,247.0,188.0,13.0,56.0,934.0,419.0,289.0,대흥동 포트캔커피 대전대흥점,중구,대흥동,36.319331,127.424867,2263,0.432,0.4486,0.7698,2.47,175.0,72.0,65.1,출퇴근형
ST0292,4924.0,4678.0,4664.0,246.0,226.0,54.0,310.0,3288.0,1102.0,1376.0,법동 e편한세상 상가,대덕구,법동,36.366742,127.426153,9604,0.43,0.3352,1.0411,3.23,172.0,74.0,248.2,혼합/생활형
ST0128,9877.0,9632.0,9528.0,245.0,188.0,32.0,621.0,7212.0,2698.0,2316.0,탄방동 서부농협본점,서구,탄방동,36.342308,127.387883,19512,0.428,0.3741,0.7989,3.18,156.0,89.0,507.0,혼합/생활형
ST0609,1296.0,1051.0,1259.0,245.0,186.0,7.0,63.0,848.0,270.0,411.0,용운동 e편한세상 에코포레(101동),동구,용운동,36.330637,127.463502,2347,0.428,0.3184,1.2058,2.68,179.0,66.0,67.0,혼합/생활형
ST1118,2981.0,2739.0,2903.0,242.0,187.0,14.0,130.0,2242.0,944.0,661.0,대흥동 대전고2,중구,대흥동,36.32265,127.423571,5720,0.423,0.4211,0.7335,2.27,173.0,69.0,154.5,출퇴근형
ST0169,1729.0,1488.0,1686.0,241.0,127.0,3.0,71.0,1323.0,454.0,363.0,지족동 노은해랑숲마을 6단지(607동),유성구,지족동,36.385028,127.30798,3217,0.421,0.3432,0.6826,2.21,124.0,117.0,89.7,혼합/생활형
ST0414,6479.0,6242.0,6307.0,237.0,195.0,30.0,373.0,4289.0,1809.0,2018.0,도룡동 스마트시티(201동),유성구,도룡동,36.37789,127.390647,12721,0.414,0.4218,1.1705,2.93,165.0,72.0,335.6,혼합/생활형
ST0347,10297.0,10070.0,10022.0,227.0,180.0,34.0,436.0,7256.0,2767.0,2766.0,상대동 목련아파트 2단지 입구,유성구,상대동,36.348281,127.331552,20367,0.397,0.3813,0.9484,2.14,146.0,81.0,533.3,혼합/생활형
ST0171,2483.0,2257.0,2428.0,226.0,126.0,11.0,86.0,1736.0,719.0,692.0,반석동 송림마을 1단지 건너편(107동),유성구,반석동,36.389227,127.316396,4740,0.395,0.4142,0.9917,1.81,115.0,111.0,129.2,혼합/생활형
ST0847,837.0,615.0,810.0,222.0,194.0,3.0,40.0,588.0,213.0,222.0,송촌동 선비마을5단지아파트 502동 정류장,대덕구,송촌동,36.365988,127.444771,1452,0.388,0.3622,0.9393,2.75,191.0,31.0,43.1,혼합/생활형
ST0067,14150.0,13943.0,13525.0,207.0,197.0,59.0,758.0,11535.0,2902.0,1990.0,삼성동 솔브릿지 국제대학,동구,삼성동,36.339191,127.433185,28093,0.362,0.2516,0.4292,2.7,138.0,69.0,719.8,혼합/생활형
ST0173,3253.0,3048.0,3145.0,205.0,127.0,9.0,154.0,2419.0,1104.0,726.0,지족동 지족역 1번출구,유성구,지족동,36.384041,127.319149,6301,0.358,0.4564,0.7466,2.44,118.0,87.0,167.4,출퇴근형
ST1226,3031.0,2831.0,2981.0,200.0,151.0,6.0,113.0,2176.0,855.0,805.0,죽동 푸르지오 304동 입구,유성구,죽동,36.373882,127.341031,5862,0.35,0.3929,0.9204,1.93,145.0,55.0,158.6,혼합/생활형
ST1036,13093.0,12895.0,12549.0,198.0,181.0,77.0,483.0,9596.0,4841.0,2953.0,월평동 갑천역 1번출구,서구,월평동,36.354419,127.354588,25988,0.346,0.5045,0.7656,1.86,104.0,94.0,667.8,출퇴근형
ST0166,755.0,557.0,744.0,198.0,83.0,1.0,39.0,583.0,175.0,161.0,지족동 노은3지구 트리풀시티포레(105동),유성구,지족동,36.381056,127.305833,1313,0.346,0.3002,0.687,2.97,82.0,116.0,39.6,혼합/생활형
ST0179,5439.0,5250.0,5323.0,189.0,141.0,12.0,190.0,4345.0,1649.0,978.0,하기동 한국침례신학대학교 입구,유성구,하기동,36.387013,127.324609,10689,0.33,0.3795,0.56,1.78,129.0,60.0,283.3,혼합/생활형
ST0335,3239.0,3053.0,3152.0,186.0,124.0,9.0,98.0,2290.0,866.0,862.0,지족동 노은역 1번출구,유성구,지족동,36.373263,127.317652,6292,0.325,0.3782,0.9365,1.56,115.0,71.0,167.7,혼합/생활형
ST0157,1349.0,1164.0,1330.0,185.0,86.0,3.0,55.0,1013.0,459.0,317.0,반석동 반석마을 8단지 정류장(805동),유성구,반석동,36.395188,127.312011,2513,0.323,0.4531,0.7785,2.19,83.0,102.0,70.8,출퇴근형
ST1069,2210.0,2027.0,2168.0,183.0,136.0,1.0,74.0,1453.0,311.0,715.0,덕명동 한밭대학교 정문(투썸플레이스),유성구,덕명동,36.350426,127.297526,4237,0.32,0.214,1.2242,1.75,135.0,48.0,115.4,여가형
ST0825,13879.0,13701.0,13246.0,178.0,248.0,191.0,708.0,9744.0,3434.0,3502.0,오정동 오정농수산물 도매시장,대덕구,오정동,36.357748,127.407751,27580,0.311,0.3524,0.8941,2.57,57.0,121.0,704.9,혼합/생활형
ST0330,4783.0,4606.0,4694.0,177.0,126.0,6.0,201.0,3494.0,1110.0,1200.0,죽동 충남대학교 서문 건너편(궁동교 방면) 정류장,유성구,죽동,36.370704,127.340116,9389,0.309,0.3177,0.8544,2.14,120.0,57.0,249.8,혼합/생활형
ST0183,1794.0,1618.0,1756.0,176.0,83.0,8.0,73.0,1356.0,822.0,400.0,신성동 한화솔루션중앙연구소 입구,유성구,신성동,36.38483,127.351862,3413,0.308,0.6062,0.7339,2.14,75.0,101.0,93.4,출퇴근형
ST0024,2066.0,1893.0,2008.0,173.0,93.0,2.0,76.0,1444.0,395.0,564.0,덕명동 화산어린이공원,유성구,덕명동,36.349122,127.29873,3959,0.302,0.2735,0.9717,1.92,91.0,82.0,106.9,혼합/생활형
ST0032,4378.0,4206.0,4256.0,172.0,152.0,14.0,125.0,3047.0,865.0,1209.0,관저동 관저더샵(109동),서구,관저동,36.293563,127.32834,8584,0.301,0.2839,0.9871,1.46,138.0,34.0,226.5,혼합/생활형
ST1403,6021.0,5852.0,5846.0,169.0,143.0,26.0,485.0,3580.0,1207.0,2266.0,만년동 대전시립미술관,서구,만년동,36.36516,127.385289,11873,0.295,0.3372,1.5747,4.08,117.0,52.0,311.1,혼합/생활형
ST1376,11395.0,11232.0,11038.0,163.0,154.0,47.0,629.0,8733.0,4073.0,2305.0,용두동 오룡역 5번출구,중구,용두동,36.329237,127.404526,22627,0.285,0.4664,0.6566,2.78,107.0,56.0,587.4,출퇴근형
ST0071,4886.0,4723.0,4724.0,163.0,142.0,19.0,269.0,3411.0,1210.0,1313.0,용전동 천주교회,동구,용전동,36.349346,127.432342,9609,0.285,0.3547,0.9576,2.8,123.0,40.0,251.4,혼합/생활형
ST0041,3079.0,2919.0,3015.0,160.0,113.0,5.0,136.0,2264.0,804.0,751.0,대사동 대전중앙교회,중구,대사동,36.318201,127.416864,5998,0.28,0.3551,0.8252,2.27,108.0,52.0,160.4,혼합/생활형
ST1145,6836.0,6678.0,6647.0,158.0,115.0,16.0,297.0,4668.0,2006.0,1979.0,도룡동 연구단지네거리,유성구,도룡동,36.385517,127.377058,13514,0.276,0.4297,1.0547,2.2,99.0,59.0,353.7,혼합/생활형
ST0142,3977.0,3820.0,3803.0,157.0,126.0,14.0,172.0,3258.0,2130.0,545.0,문평동 3.4공단 문평근린공원,대덕구,문평동,36.443165,127.39844,7797,0.274,0.6538,0.4162,2.21,112.0,45.0,202.4,출퇴근형
ST0304,1916.0,1761.0,1818.0,155.0,125.0,8.0,125.0,1280.0,474.0,538.0,법동 대전지방국세청,대덕구,법동,36.371901,127.428417,3677,0.271,0.3703,1.0457,3.4,117.0,38.0,96.7,혼합/생활형
ST0219,7147.0,6992.0,6899.0,155.0,162.0,51.0,316.0,5270.0,1192.0,1629.0,용계동 목원대학교 정문좌측(캠퍼스타워),유성구,용계동,36.330662,127.337865,14139,0.271,0.2262,0.769,2.23,111.0,44.0,367.1,혼합/생활형
ST0361,9052.0,8897.0,8733.0,155.0,161.0,47.0,497.0,6503.0,2744.0,2230.0,선화동 선화파출소,중구,선화동,36.334412,127.421616,17949,0.271,0.422,0.8531,2.77,114.0,41.0,464.7,혼합/생활형
ST0985,3175.0,3024.0,3106.0,151.0,113.0,15.0,313.0,2623.0,1553.0,483.0,문지동 케이엘이에스 정류장,유성구,문지동,36.391068,127.40509,6200,0.264,0.5921,0.4581,5.05,98.0,53.0,165.3,출퇴근형
ST0256,7043.0,6893.0,6708.0,150.0,112.0,28.0,215.0,4568.0,1356.0,2140.0,관저동 마치광장 북측,서구,관저동,36.298795,127.337445,13936,0.262,0.2968,1.1655,1.54,84.0,66.0,357.0,여가형
ST0410,17578.0,17428.0,17070.0,150.0,145.0,50.0,811.0,12130.0,4371.0,4940.0,오류동 서대전네거리역 3번출구,중구,오류동,36.322278,127.411375,35006,0.262,0.3603,1.0132,2.32,95.0,55.0,908.4,혼합/생활형
ST0435,7589.0,7446.0,7369.0,143.0,120.0,25.0,422.0,6013.0,3066.0,1356.0,둔산동 더캐피탈웨딩,서구,둔산동,36.358252,127.386982,15035,0.25,0.5099,0.561,2.81,95.0,48.0,392.2,출퇴근형
ST0015,9539.0,9396.0,9077.0,143.0,200.0,79.0,560.0,6830.0,3027.0,2247.0,둔산동 수정타운아파트(1동),서구,둔산동,36.358282,127.395424,18935,0.25,0.4432,0.8185,2.96,121.0,22.0,483.0,혼합/생활형
ST0280,1501.0,1362.0,1463.0,139.0,123.0,1.0,56.0,1060.0,352.0,403.0,관저동 대자연마을(108동),서구,관저동,36.307592,127.338717,2863,0.243,0.3321,0.9458,1.96,122.0,17.0,77.9,혼합/생활형
ST0695,1548.0,1411.0,1487.0,137.0,94.0,4.0,73.0,1030.0,352.0,457.0,계산동 한아름마트,유성구,계산동,36.341399,127.303138,2959,0.24,0.3417,1.1038,2.47,90.0,47.0,79.1,혼합/생활형
ST0640,5982.0,5845.0,5765.0,137.0,133.0,37.0,293.0,4262.0,1548.0,1503.0,인동 참좋은아파트 정류장,동구,인동,36.323523,127.437069,11827,0.24,0.3632,0.8773,2.48,96.0,41.0,306.8,혼합/생활형
ST1428,1673.0,1536.0,1635.0,137.0,118.0,3.0,110.0,1122.0,606.0,513.0,도룡동 청년하우스,유성구,도룡동,36.378868,127.390416,3209,0.24,0.5401,1.1375,3.43,115.0,22.0,87.0,혼합/생활형
ST0841,996.0,861.0,954.0,135.0,111.0,9.0,52.0,659.0,246.0,295.0,중리동(하나로병원),대덕구,중리동,36.36327,127.431282,1857,0.236,0.3733,1.1137,2.8,102.0,33.0,50.8,혼합/생활형
ST0167,643.0,511.0,616.0,132.0,95.0,1.0,25.0,448.0,132.0,168.0,지족동 노은새미래숲 2단지(201동),유성구,지족동,36.381316,127.30247,1154,0.231,0.2946,0.9329,2.17,94.0,38.0,32.8,혼합/생활형
ST1354,6231.0,6100.0,6101.0,131.0,106.0,18.0,214.0,5314.0,968.0,787.0,구성동 카이스트 김병호IT,유성구,구성동,36.374035,127.365048,12331,0.229,0.1822,0.3684,1.74,88.0,43.0,324.7,혼합/생활형
ST0144,3130.0,3000.0,3009.0,130.0,114.0,26.0,166.0,2588.0,1400.0,421.0,문평동 구)대덕경찰서,대덕구,문평동,36.44642,127.406535,6130,0.227,0.541,0.4047,2.71,88.0,42.0,160.1,출퇴근형
ST0116,4361.0,4233.0,4204.0,128.0,127.0,16.0,258.0,2914.0,1146.0,1290.0,탄방동 도산서원(용문네거리 방면) 정류장,서구,탄방동,36.343697,127.400053,8594,0.224,0.3933,1.1013,3.0,111.0,17.0,223.7,혼합/생활형
ST0141,1847.0,1720.0,1769.0,127.0,102.0,15.0,72.0,1591.0,887.0,178.0,문평동 3.4공단 새일근린공원,대덕구,문평동,36.446351,127.403352,3567,0.222,0.5575,0.2783,2.02,87.0,40.0,94.1,출퇴근형
ST1059,8244.0,8121.0,8048.0,123.0,129.0,38.0,542.0,6388.0,2525.0,1660.0,둔산동 법원 버스정류장,서구,둔산동,36.355322,127.390008,16365,0.215,0.3953,0.6465,3.31,91.0,32.0,428.3,혼합/생활형
ST0055,5085.0,4962.0,4889.0,123.0,112.0,35.0,260.0,3718.0,1361.0,1171.0,대동 대동역 4번출구,동구,대동,36.329639,127.442332,10047,0.215,0.3661,0.7835,2.59,77.0,46.0,260.2,혼합/생활형
ST0068,543.0,423.0,481.0,120.0,106.0,5.0,33.0,339.0,106.0,142.0,비래동 가양비래공원네거리(명석고등학교),대덕구,비래동,36.353363,127.454036,966,0.21,0.3127,1.0421,3.42,101.0,19.0,25.6,판정 불가
ST1207,2720.0,2603.0,2641.0,117.0,107.0,18.0,115.0,1795.0,609.0,846.0,용산동 호반써밋(209동),유성구,용산동,36.414462,127.390924,5323,0.205,0.3393,1.1725,2.16,89.0,28.0,140.5,혼합/생활형
ST0406,42973.0,42857.0,41226.0,116.0,114.0,82.0,1457.0,28060.0,9987.0,13166.0,봉명동 홈플러스 유성점,유성구,봉명동,36.359421,127.354083,85830,0.203,0.3559,1.1673,1.7,32.0,84.0,2193.9,혼합/생활형
ST0552,2800.0,2684.0,2722.0,116.0,105.0,9.0,114.0,1747.0,701.0,975.0,대사동 보문산 진입로 주차장,중구,대사동,36.315053,127.42436,5484,0.203,0.4013,1.3884,2.08,96.0,20.0,144.9,혼합/생활형
ST0417,4280.0,4166.0,4128.0,114.0,103.0,32.0,232.0,2744.0,852.0,1384.0,원신흥동 도로교통공단(건너편 라도무스),유성구,원신흥동,36.33258,127.333181,8446,0.199,0.3105,1.2548,2.75,71.0,43.0,219.7,혼합/생활형
ST0817,8111.0,7997.0,7871.0,114.0,96.0,32.0,320.0,5978.0,1842.0,1893.0,관저동 건양대학교병원,서구,관저동,36.306045,127.340833,16108,0.199,0.3081,0.7878,1.99,64.0,50.0,418.9,혼합/생활형
ST0296,1964.0,1851.0,1924.0,113.0,81.0,7.0,129.0,1434.0,412.0,490.0,법동 그린타운 정류장(104동),대덕구,법동,36.368002,127.434615,3815,0.198,0.2873,0.8501,3.38,74.0,39.0,102.4,혼합/생활형
ST0386,11733.0,11621.0,11395.0,112.0,110.0,26.0,713.0,8901.0,3637.0,2494.0,둔산동 오페라웨딩홀 건너편,서구,둔산동,36.348453,127.382779,23356,0.196,0.4086,0.6971,3.05,84.0,28.0,606.4,출퇴근형
ST1214,3993.0,3885.0,3862.0,108.0,114.0,34.0,177.0,2771.0,1005.0,1091.0,용산동 호반써밋(3단지)후문,유성구,용산동,36.4145,127.393712,7878,0.189,0.3627,0.9795,2.25,80.0,28.0,205.5,혼합/생활형
ST1181,2356.0,2249.0,2297.0,107.0,91.0,5.0,75.0,1690.0,714.0,607.0,하기동 그린브라우니,유성구,하기동,36.387646,127.322756,4605,0.187,0.4225,0.8935,1.63,86.0,21.0,122.2,혼합/생활형
ST0930,551.0,446.0,547.0,105.0,80.0,6.0,22.0,401.0,119.0,146.0,용산동 경남아너스빌 1단지(209동),유성구,용산동,36.41829,127.397962,997,0.184,0.2968,0.9058,2.21,74.0,31.0,29.1,판정 불가
ST0547,7479.0,7374.0,7341.0,105.0,102.0,33.0,337.0,5530.0,2094.0,1811.0,대사동 느티나무 보호수,중구,대사동,36.317786,127.425913,14853,0.184,0.3787,0.8147,2.27,69.0,36.0,390.7,혼합/생활형
ST0188,11785.0,11681.0,11474.0,104.0,36.0,72.0,374.0,9439.0,4523.0,2035.0,어은동 한국생명공학연구원 입구,유성구,어은동,36.377848,127.356451,23466,0.182,0.4792,0.5364,1.59,-36.0,140.0,610.6,출퇴근형
ST0136,773.0,670.0,760.0,103.0,100.0,2.0,33.0,552.0,169.0,208.0,복수동 대전과학기술대 정문,서구,복수동,36.30421,127.375203,1443,0.18,0.3062,0.9374,2.29,98.0,5.0,40.4,혼합/생활형
ST0207,6689.0,6588.0,6486.0,101.0,95.0,35.0,277.0,4659.0,1687.0,1827.0,봉명동 도안 6단지 센트럴시티 큰길방향(608동),유성구,봉명동,36.347331,127.340631,13277,0.177,0.3621,0.9756,2.09,60.0,41.0,345.2,혼합/생활형
ST1150,1594.0,1493.0,1550.0,101.0,102.0,18.0,77.0,1127.0,390.0,423.0,내동 롯데아파트,서구,내동,36.337937,127.366734,3087,0.177,0.3461,0.9338,2.49,84.0,17.0,82.5,혼합/생활형
ST1275,3525.0,3426.0,3461.0,99.0,106.0,32.0,162.0,2418.0,812.0,1043.0,목동 충남여고 앞 보도육교(충남여고 측),중구,목동,36.330633,127.409798,6951,0.173,0.3358,1.0731,2.33,74.0,25.0,184.2,혼합/생활형
ST0349,3751.0,3652.0,3637.0,99.0,94.0,40.0,322.0,2702.0,1000.0,935.0,석교동 남대전등기소 (대전지방법원),중구,석교동,36.310285,127.440278,7403,0.173,0.3701,0.8609,4.35,54.0,45.0,193.5,혼합/생활형
ST0162,5050.0,4952.0,4922.0,98.0,164.0,101.0,248.0,3802.0,1759.0,1120.0,반석동 반석역 6번출구,유성구,반석동,36.392286,127.314927,10003,0.171,0.4627,0.7329,2.48,63.0,35.0,261.9,출퇴근형
ST1481,757.0,659.0,733.0,98.0,55.0,2.0,51.0,530.0,194.0,203.0,둔산동 대전예술의전당 정류장,서구,둔산동,36.364593,127.386482,1416,0.171,0.366,0.9529,3.6,53.0,45.0,39.0,혼합/생활형
ST0369,2538.0,2440.0,2502.0,98.0,85.0,5.0,88.0,2127.0,440.0,375.0,어은동 충남대학교 상록회관 입구,유성구,어은동,36.369338,127.351133,4978,0.171,0.2069,0.4386,1.77,80.0,18.0,133.1,혼합/생활형
ST0210,5621.0,5524.0,5415.0,97.0,91.0,25.0,257.0,3670.0,1302.0,1745.0,봉명동 원골네거리(진터네거리 방면),유성구,봉명동,36.344587,127.340525,11145,0.17,0.3548,1.1829,2.31,66.0,31.0,288.2,혼합/생활형
ST1060,8915.0,8818.0,8587.0,97.0,92.0,45.0,756.0,6422.0,2412.0,2165.0,탄방동 둔산자이아이파크 109동,서구,탄방동,36.342927,127.382669,17733,0.17,0.3756,0.8387,4.26,47.0,50.0,457.0,혼합/생활형
ST1232,2644.0,2547.0,2585.0,97.0,82.0,10.0,157.0,2212.0,1423.0,373.0,대화동 가온비즈타워,대덕구,대화동,36.366243,127.406978,5191,0.17,0.6433,0.4195,3.02,72.0,25.0,137.6,출퇴근형
ST0072,6015.0,5921.0,5793.0,94.0,85.0,16.0,244.0,4377.0,1481.0,1416.0,용전동 한국통신 용전지점,동구,용전동,36.352852,127.432283,11936,0.164,0.3384,0.8048,2.04,69.0,25.0,308.3,혼합/생활형
ST0332,4800.0,4707.0,4661.0,93.0,75.0,16.0,131.0,3630.0,1593.0,1031.0,노은1동 행정복지센터,유성구,노은동,36.368054,127.318101,9507,0.163,0.4388,0.7066,1.38,59.0,34.0,248.0,출퇴근형
ST0264,5530.0,5438.0,5269.0,92.0,79.0,31.0,189.0,3971.0,1151.0,1298.0,관저2동 행정복지센터,서구,관저동,36.299263,127.335067,10968,0.161,0.2899,0.8132,1.72,48.0,44.0,280.4,혼합/생활형
ST0336,2230.0,2138.0,2182.0,92.0,68.0,7.0,64.0,1663.0,632.0,519.0,지족동 열매마을 1단지(지족초등학교),유성구,지족동,36.379263,127.317653,4368,0.161,0.38,0.7764,1.47,61.0,31.0,116.1,혼합/생활형
ST0299,3073.0,2983.0,2977.0,90.0,83.0,6.0,171.0,2045.0,738.0,932.0,송촌동 동춘당공원,대덕구,송촌동,36.364558,127.441046,6056,0.157,0.3609,1.1338,2.82,77.0,13.0,158.4,혼합/생활형
ST0170,774.0,685.0,756.0,89.0,69.0,1.0,38.0,580.0,222.0,176.0,지족동 노은해랑숲마을 5단지(506동) 건너편,유성구,지족동,36.38686,127.305524,1459,0.156,0.3828,0.7549,2.6,68.0,21.0,40.2,혼합/생활형
ST0091,6494.0,6405.0,6301.0,89.0,95.0,25.0,377.0,4706.0,2394.0,1595.0,둔산동 목련아파트 정류장(301동),서구,둔산동,36.349129,127.392771,12899,0.156,0.5087,0.8432,2.92,70.0,19.0,335.3,혼합/생활형
ST0660,3975.0,3888.0,3831.0,87.0,80.0,9.0,177.0,2962.0,1116.0,869.0,용전동 용전초등학교 입구 정류장,동구,용전동,36.355568,127.432564,7863,0.152,0.3768,0.7299,2.25,71.0,16.0,203.9,혼합/생활형
ST0546,3784.0,3699.0,3693.0,85.0,79.0,19.0,231.0,2784.0,952.0,909.0,대흥동 자이아파트 2단지 공원,중구,대흥동,36.320888,127.427149,7484,0.149,0.342,0.8123,3.09,60.0,25.0,196.5,혼합/생활형
ST0608,3027.0,2942.0,2935.0,85.0,56.0,10.0,141.0,2085.0,662.0,850.0,용운동 e편한세상 에코포레 상가,동구,용운동,36.327781,127.462087,5969,0.149,0.3175,1.0142,2.36,46.0,39.0,156.2,혼합/생활형
ST0147,4724.0,4640.0,4540.0,84.0,65.0,15.0,223.0,3352.0,1426.0,1188.0,송강동 송강체육관,유성구,송강동,36.431516,127.387258,9364,0.147,0.4254,0.8817,2.38,50.0,34.0,241.6,혼합/생활형
ST0929,1131.0,1049.0,1101.0,82.0,66.0,10.0,62.0,763.0,212.0,338.0,용산동 테크노밸리푸르지오 1단지(101동),유성구,용산동,36.418407,127.396803,2180,0.143,0.2779,1.1021,2.84,56.0,26.0,58.6,여가형
ST0820,3110.0,3028.0,3014.0,82.0,62.0,18.0,97.0,2002.0,866.0,1012.0,정림동 우성1차아파트 101동,서구,정림동,36.305355,127.362551,6139,0.143,0.4326,1.2576,1.58,44.0,38.0,160.4,혼합/생활형
ST0518,2252.0,2170.0,2206.0,82.0,62.0,5.0,81.0,1739.0,539.0,467.0,문화동 충남대학교 의생명융합연구센터,중구,문화동,36.317411,127.413219,4422,0.143,0.3099,0.6681,1.83,57.0,25.0,117.4,혼합/생활형
ST1361,8329.0,8251.0,8074.0,78.0,105.0,40.0,603.0,6377.0,2660.0,1697.0,탄방동 조이병원,서구,탄방동,36.343321,127.385114,16581,0.136,0.4171,0.662,3.64,65.0,13.0,429.7,출퇴근형
ST0076,3539.0,3461.0,3443.0,78.0,68.0,8.0,156.0,2527.0,884.0,916.0,용전동 용전네거리 몽벨,동구,용전동,36.358518,127.432426,7000,0.136,0.3498,0.9018,2.23,60.0,18.0,183.2,혼합/생활형
ST1057,5969.0,5892.0,5771.0,77.0,102.0,52.0,300.0,4010.0,1478.0,1761.0,관평동 배울네거리,유성구,관평동,36.422035,127.387574,11861,0.135,0.3686,1.0925,2.53,50.0,27.0,307.1,혼합/생활형
ST0063,9066.0,8989.0,8745.0,77.0,94.0,33.0,429.0,6290.0,2075.0,2455.0,홍도동 새마을금고 홍도지점,동구,홍도동,36.346455,127.430473,18055,0.135,0.3299,0.971,2.38,61.0,16.0,465.4,혼합/생활형
ST0146,1103.0,1027.0,1060.0,76.0,64.0,9.0,85.0,835.0,384.0,225.0,신일동 삼양패키징 대전2공장 정류장,대덕구,신일동,36.444337,127.404176,2130,0.133,0.4599,0.6704,3.99,55.0,21.0,56.4,출퇴근형
ST0348,8605.0,8529.0,8342.0,76.0,106.0,80.0,542.0,6118.0,2125.0,2224.0,부사동 부사동매표소,중구,부사동,36.312285,127.436254,17135,0.133,0.3473,0.9044,3.16,26.0,50.0,443.9,혼합/생활형
ST1213,703.0,628.0,683.0,75.0,57.0,3.0,28.0,482.0,160.0,201.0,용산동 호반써밋(401동),유성구,용산동,36.414224,127.392972,1331,0.131,0.332,1.0374,2.1,54.0,21.0,36.3,혼합/생활형
ST1217,1187.0,1112.0,1163.0,75.0,43.0,4.0,64.0,884.0,318.0,279.0,학하동 학하리슈빌포레 부출입구 앞,유성구,학하동,36.334601,127.310301,2301,0.131,0.3597,0.7852,2.78,39.0,36.0,61.9,혼합/생활형
ST0275,5638.0,5564.0,5405.0,74.0,69.0,25.0,155.0,3624.0,1140.0,1781.0,원내동 롯데마트 서대전점,유성구,원내동,36.300023,127.325134,11202,0.129,0.3146,1.2226,1.38,44.0,30.0,287.6,혼합/생활형
ST0381,6490.0,6417.0,6268.0,73.0,85.0,30.0,324.0,4687.0,2035.0,1581.0,둔산동 둥지아파트 정류장(110동),서구,둔산동,36.357854,127.391305,12907,0.128,0.4342,0.8392,2.51,55.0,18.0,333.6,혼합/생활형
ST0131,12954.0,12881.0,12420.0,73.0,91.0,54.0,903.0,9318.0,3531.0,3102.0,갈마동 경성큰마을아파트(46),서구,갈마동,36.347661,127.377232,25835,0.128,0.3789,0.8282,3.5,37.0,36.0,661.0,혼합/생활형
ST0364,3070.0,2997.0,2999.0,73.0,74.0,10.0,192.0,2582.0,1151.0,417.0,둔산동 대전경찰청,서구,둔산동,36.353848,127.385255,6067,0.128,0.4458,0.4018,3.16,64.0,9.0,159.6,출퇴근형
ST1203,3543.0,3472.0,3428.0,71.0,65.0,19.0,162.0,2416.0,707.0,1012.0,용산동 호반써밋(307동),유성구,용산동,36.415184,127.393728,7015,0.124,0.2926,1.0421,2.31,46.0,25.0,182.4,혼합/생활형
ST0250,6715.0,6644.0,6498.0,71.0,95.0,42.0,242.0,4806.0,1582.0,1692.0,관저동 느리울중네거리,서구,관저동,36.29637,127.340762,13359,0.124,0.3292,0.8759,1.81,53.0,18.0,345.8,혼합/생활형
ST0422,1941.0,1871.0,1869.0,70.0,53.0,15.0,109.0,1122.0,327.0,747.0,신탄진동 용정초등학교,대덕구,신탄진동,36.454095,127.436957,3812,0.122,0.2914,1.6563,2.86,38.0,32.0,99.5,여가형
ST0711,9358.0,9289.0,9105.0,69.0,43.0,37.0,275.0,6695.0,3080.0,2410.0,월평동 갑천역3번출구,서구,월평동,36.354661,127.354334,18648,0.121,0.46,0.8955,1.47,6.0,63.0,484.5,혼합/생활형
ST0160,8646.0,8577.0,8460.0,69.0,97.0,58.0,441.0,6284.0,2550.0,2176.0,반석동 반석역 1번출구,유성구,반석동,36.391745,127.314413,17223,0.121,0.4058,0.8615,2.56,39.0,30.0,450.2,혼합/생활형
ST0365,3616.0,3548.0,3539.0,68.0,56.0,10.0,237.0,2929.0,1568.0,610.0,둔산동 시교육청옆 환승지 ,서구,둔산동,36.352524,127.384431,7164,0.119,0.5353,0.5181,3.31,46.0,22.0,188.3,출퇴근형
ST0221,8319.0,8252.0,7934.0,67.0,71.0,31.0,443.0,5724.0,2375.0,2210.0,원신흥동 원신흥도서관,유성구,원신흥동,36.337712,127.338019,16571,0.117,0.4149,0.9605,2.67,40.0,27.0,422.2,혼합/생활형
ST1206,6988.0,6921.0,6752.0,67.0,85.0,38.0,326.0,4613.0,1593.0,2139.0,용산동 호반써밋(101동),유성구,용산동,36.414931,127.390452,13909,0.117,0.3453,1.1536,2.34,47.0,20.0,359.3,혼합/생활형
ST0005,18573.0,18506.0,17902.0,67.0,137.0,80.0,857.0,13031.0,5163.0,4871.0,둔산동 목련아파트(103동),서구,둔산동,36.350037,127.390402,37079,0.117,0.3962,0.9299,2.31,57.0,10.0,952.7,혼합/생활형
ST0356,7053.0,6986.0,6853.0,67.0,85.0,45.0,309.0,5202.0,2077.0,1651.0,선화동 중촌네거리 선화동 방면,중구,선화동,36.336832,127.416692,14039,0.117,0.3993,0.7896,2.2,40.0,27.0,364.7,혼합/생활형
ST0992,462.0,395.0,452.0,67.0,47.0,3.0,22.0,312.0,117.0,140.0,신봉동 자운중학교(78군사우체국 정류장),유성구,신봉동,36.410926,127.337113,857,0.117,0.375,1.1163,2.57,44.0,23.0,24.1,판정 불가
ST1073,4942.0,4876.0,4800.0,66.0,60.0,19.0,301.0,3646.0,1316.0,1154.0,대흥동 대흥네거리,중구,대흥동,36.3236,127.42867,9818,0.115,0.3609,0.7874,3.07,41.0,25.0,255.4,혼합/생활형
ST0344,655.0,589.0,644.0,66.0,48.0,2.0,28.0,562.0,191.0,82.0,가양동 우송대학교 서캠퍼스 사회복지융합관 건너편,동구,가양동,36.33666,127.443003,1244,0.115,0.3399,0.363,2.25,46.0,20.0,34.3,혼합/생활형
ST0158,3020.0,2954.0,2952.0,66.0,61.0,28.0,177.0,2311.0,1076.0,641.0,반석동 반석역 4번출구,유성구,반석동,36.392696,127.313828,5974,0.115,0.4656,0.69,2.96,33.0,33.0,157.1,출퇴근형
ST0884,1014.0,949.0,982.0,65.0,53.0,4.0,39.0,764.0,227.0,218.0,전민동 한국한의학연구원 건너편,유성구,전민동,36.400008,127.394138,1963,0.114,0.2971,0.7099,1.99,49.0,16.0,52.3,혼합/생활형
ST0333,17029.0,16964.0,16401.0,65.0,93.0,56.0,531.0,11773.0,4412.0,4628.0,지족동 노은역 3번출구,유성구,지족동,36.374293,127.318069,33993,0.114,0.3748,0.978,1.56,37.0,28.0,872.8,혼합/생활형
ST1284,1968.0,1903.0,1915.0,65.0,46.0,9.0,102.0,1349.0,496.0,566.0,학하동 진잠농협 옆,유성구,학하동,36.340826,127.307904,3871,0.114,0.3677,1.0438,2.63,37.0,28.0,101.9,혼합/생활형
ST1186,953.0,889.0,921.0,64.0,46.0,6.0,37.0,603.0,180.0,318.0,둔곡동 서한이다음(204동),유성구,둔곡동,36.451911,127.362022,1842,0.112,0.2985,1.312,2.01,40.0,24.0,49.0,여가형
ST1079,9494.0,9430.0,9239.0,64.0,74.0,24.0,428.0,6824.0,2519.0,2415.0,탄방동 남선공원 종합체육관,서구,탄방동,36.348681,127.398655,18924,0.112,0.3691,0.8804,2.26,50.0,14.0,491.7,혼합/생활형
ST0023,987.0,923.0,968.0,64.0,49.0,1.0,46.0,712.0,241.0,256.0,덕명동 한밭대학교 남문,유성구,덕명동,36.347541,127.301356,1910,0.112,0.3385,0.8945,2.41,48.0,16.0,51.5,혼합/생활형
ST0189,5745.0,5681.0,5582.0,64.0,58.0,10.0,208.0,4591.0,1664.0,991.0,구성동 카이스트 후문(한국원자력안전기술원),유성구,구성동,36.374198,127.367134,11426,0.112,0.3624,0.537,1.82,48.0,16.0,297.1,혼합/생활형
ST0600,11651.0,11588.0,11095.0,63.0,107.0,55.0,497.0,8432.0,3588.0,2663.0,중촌동 중촌네거리(목동우체국 방면),중구,중촌동,36.335998,127.414944,23240,0.11,0.4255,0.7857,2.14,52.0,11.0,590.4,출퇴근형
ST1034,8124.0,8062.0,7915.0,62.0,68.0,41.0,542.0,5494.0,2379.0,2421.0,둔산동 정부청사 입구(샘머리),서구,둔산동,36.361215,127.390075,16186,0.108,0.433,1.0963,3.35,27.0,35.0,421.2,혼합/생활형
ST1028,15488.0,15427.0,15032.0,61.0,82.0,62.0,859.0,9137.0,3563.0,5895.0,만년동 둔산대공원 입구(버스정류장),서구,만년동,36.365018,127.389358,30915,0.107,0.39,1.6051,2.78,20.0,41.0,800.0,혼합/생활형
ST0358,4804.0,4744.0,4677.0,60.0,53.0,16.0,254.0,3478.0,1315.0,1199.0,선화동 현대아파트(102동),중구,선화동,36.332763,127.418845,9548,0.105,0.3781,0.8576,2.66,37.0,23.0,248.9,혼합/생활형
ST0404,14984.0,14924.0,14378.0,60.0,128.0,114.0,600.0,10374.0,3326.0,4004.0,봉명동 한진오피스텔,유성구,봉명동,36.357899,127.342711,29908,0.105,0.3206,0.9602,2.01,14.0,46.0,765.2,혼합/생활형
ST0774,6424.0,6364.0,6241.0,60.0,70.0,33.0,339.0,4381.0,1280.0,1860.0,도안동 목원대(동서대로) 네거리,서구,도안동,36.331814,127.338465,12788,0.105,0.2922,1.0562,2.65,37.0,23.0,332.1,혼합/생활형
ST0785,3241.0,3182.0,3180.0,59.0,67.0,26.0,142.0,2373.0,903.0,807.0,도안동 계룡리슈빌 1704동(육교밑),서구,도안동,36.316899,127.345549,6423,0.103,0.3805,0.846,2.21,41.0,18.0,169.2,혼합/생활형
ST0195,19420.0,19361.0,18722.0,59.0,121.0,78.0,889.0,13278.0,4212.0,5444.0,봉명동 홍인 오피스텔,유성구,봉명동,36.356149,127.34264,38783,0.103,0.3172,1.02,2.29,43.0,16.0,996.3,혼합/생활형
ST0187,2457.0,2398.0,2384.0,59.0,49.0,9.0,107.0,1822.0,1152.0,562.0,신성동 천문대 입구,유성구,신성동,36.382768,127.354999,4855,0.103,0.6323,0.7674,2.2,40.0,19.0,126.9,출퇴근형
ST0092,4676.0,4618.0,4535.0,58.0,74.0,25.0,255.0,3229.0,1240.0,1306.0,탄방동 한가람아파트 정류장(9동),서구,탄방동,36.348879,127.391961,9294,0.101,0.384,1.0062,2.74,49.0,9.0,241.3,혼합/생활형
ST0605,1345.0,1289.0,1322.0,56.0,58.0,11.0,93.0,1004.0,406.0,318.0,가오동 은어송마을4단지,동구,가오동,36.310099,127.461413,2634,0.098,0.4044,0.788,3.53,47.0,9.0,70.4,출퇴근형
ST0247,2749.0,2694.0,2666.0,55.0,61.0,21.0,78.0,1833.0,559.0,833.0,관저동 느리울마을 11단지(1112동),서구,관저동,36.302039,127.34468,5443,0.096,0.305,1.1306,1.43,40.0,15.0,141.9,혼합/생활형
ST0011,14605.0,14551.0,14240.0,54.0,91.0,50.0,917.0,10689.0,3876.0,3551.0,탄방동 공무원연금공단 대전지부,서구,탄방동,36.347026,127.386925,29156,0.094,0.3626,0.8265,3.15,41.0,13.0,757.8,혼합/생활형
ST0108,6257.0,6203.0,5965.0,54.0,90.0,50.0,330.0,4029.0,1664.0,1936.0,석봉동 서희스타힐스아파트 상가,대덕구,석봉동,36.453755,127.424034,12460,0.094,0.413,1.1954,2.65,40.0,14.0,317.4,혼합/생활형
ST1200,2220.0,2166.0,2159.0,54.0,61.0,15.0,95.0,1481.0,566.0,678.0,관평동 대우푸르지오 상가,유성구,관평동,36.418874,127.382817,4386,0.094,0.3822,1.1389,2.17,46.0,8.0,114.9,혼합/생활형
ST0839,713.0,659.0,686.0,54.0,38.0,3.0,43.0,500.0,166.0,186.0,중리동 반도정형외과,대덕구,중리동,36.364109,127.43062,1372,0.094,0.332,0.9255,3.13,35.0,19.0,36.5,혼합/생활형
ST0717,3795.0,3742.0,3631.0,53.0,66.0,27.0,156.0,2687.0,1101.0,944.0,갈마동 서구보훈회관 건너편,서구,갈마동,36.348199,127.36815,7537,0.093,0.4098,0.874,2.07,39.0,14.0,193.2,혼합/생활형
ST0506,3768.0,3715.0,3660.0,53.0,52.0,10.0,146.0,2592.0,1019.0,1068.0,문화동 센트럴파크(105동),중구,문화동,36.316231,127.407328,7483,0.093,0.3931,1.0251,1.95,42.0,11.0,194.8,혼합/생활형
ST0416,16771.0,16718.0,16224.0,53.0,63.0,33.0,770.0,13188.0,6213.0,3036.0,월평동 무지개아파트,서구,월평동,36.357919,127.377163,33489,0.093,0.4711,0.5727,2.3,30.0,23.0,863.4,출퇴근형
ST0285,8626.0,8573.0,8247.0,53.0,71.0,53.0,306.0,5952.0,2038.0,2295.0,정림동 정림삼거리,서구,정림동,36.307183,127.363901,17200,0.093,0.3424,0.9593,1.78,18.0,35.0,438.9,혼합/생활형
ST0319,11944.0,11891.0,11504.0,53.0,144.0,123.0,641.0,8361.0,3382.0,3143.0,가장동 들말어린이공원,서구,가장동,36.329316,127.382432,23835,0.093,0.4045,0.9352,2.69,21.0,32.0,612.2,혼합/생활형
ST1141,980.0,928.0,958.0,52.0,53.0,5.0,36.0,588.0,168.0,370.0,상대동 대전시립박물관2,유성구,상대동,36.336726,127.334744,1908,0.091,0.2857,1.5655,1.89,48.0,4.0,51.0,여가형
ST0996,4171.0,4119.0,3942.0,52.0,99.0,70.0,300.0,2855.0,874.0,1087.0,대성동 은어송마을 2단지 입구,동구,대성동,36.30349,127.457388,8290,0.091,0.3061,0.9472,3.62,29.0,23.0,209.8,혼합/생활형
ST1248,1644.0,1593.0,1606.0,51.0,43.0,11.0,81.0,1066.0,303.0,540.0,갈마동 상수도 서부사무소,서구,갈마동,36.340373,127.366463,3237,0.089,0.2842,1.2602,2.5,32.0,19.0,85.5,여가형
ST1151,7219.0,7168.0,6965.0,51.0,57.0,32.0,444.0,6055.0,1937.0,910.0,둔산동 서구청,서구,둔산동,36.35485,127.38443,14387,0.089,0.3199,0.3739,3.09,25.0,26.0,370.7,혼합/생활형
ST0281,2418.0,2368.0,2368.0,50.0,45.0,8.0,99.0,1587.0,501.0,781.0,관저동 대자연마을 상가동,서구,관저동,36.306227,127.337211,4786,0.087,0.3157,1.2243,2.07,37.0,13.0,126.0,혼합/생활형
ST0056,9409.0,9359.0,9028.0,50.0,94.0,60.0,504.0,6616.0,2477.0,2412.0,대동 이스트시티(103동) 화병원 건너편,동구,대동,36.328064,127.439434,18769,0.087,0.3744,0.907,2.69,34.0,16.0,480.4,혼합/생활형
ST1091,996.0,946.0,956.0,50.0,50.0,9.0,70.0,759.0,303.0,197.0,법동 대전근로복지공단대전병원(정문),대덕구,법동,36.368093,127.42945,1942,0.087,0.3992,0.6457,3.6,41.0,9.0,50.9,혼합/생활형
ST0050,12592.0,12543.0,11910.0,49.0,74.0,61.0,612.0,9897.0,3812.0,2013.0,선화동 선화참좋은아파트(유안타증권),중구,선화동,36.331735,127.422352,25136,0.086,0.3852,0.506,2.43,13.0,36.0,633.8,혼합/생활형
ST0424,4407.0,4358.0,4270.0,49.0,51.0,16.0,183.0,3282.0,1044.0,988.0,선화동 대전평생교육진흥원 본관,중구,선화동,36.327708,127.419157,8765,0.086,0.3181,0.7489,2.09,35.0,14.0,227.2,혼합/생활형
ST0010,7455.0,7406.0,7213.0,49.0,53.0,18.0,448.0,5697.0,2148.0,1516.0,둔산동 샤크존,서구,둔산동,36.348853,127.386433,14861,0.086,0.377,0.662,3.01,35.0,14.0,383.9,혼합/생활형
ST0871,4223.0,4175.0,4045.0,48.0,61.0,37.0,187.0,3003.0,1471.0,1042.0,변동 필통수입차부품 정류장,서구,변동,36.327925,127.38572,8398,0.084,0.4898,0.8632,2.23,24.0,24.0,215.3,혼합/생활형
ST0342,2725.0,2677.0,2601.0,48.0,38.0,9.0,93.0,2009.0,967.0,592.0,신안동 블루부코,동구,신안동,36.329697,127.439284,5402,0.084,0.4813,0.7331,1.72,29.0,19.0,138.4,출퇴근형
ST0178,1737.0,1689.0,1706.0,48.0,33.0,10.0,54.0,1193.0,453.0,513.0,하기동 송림마을 2단지 입구,유성구,하기동,36.387875,127.321377,3426,0.084,0.3797,1.0698,1.58,23.0,25.0,90.8,혼합/생활형
ST0302,6328.0,6280.0,6059.0,48.0,73.0,37.0,301.0,4478.0,1481.0,1581.0,중리동 수도시설관리사업소,대덕구,중리동,36.362049,127.435792,12608,0.084,0.3307,0.8783,2.39,36.0,12.0,322.4,혼합/생활형
ST0633,7458.0,7410.0,7198.0,48.0,81.0,46.0,381.0,5303.0,1890.0,1895.0,효동 현대아파트(104동),동구,효동,36.318002,127.439617,14868,0.084,0.3564,0.889,2.56,35.0,13.0,383.1,혼합/생활형
ST1120,1462.0,1415.0,1429.0,47.0,39.0,2.0,61.0,1092.0,338.0,337.0,학하동 학하리슈빌포레 주출입구 건너편,유성구,학하동,36.335561,127.309473,2877,0.082,0.3095,0.7678,2.12,37.0,10.0,76.0,혼합/생활형
ST1081,1787.0,1740.0,1743.0,47.0,34.0,5.0,93.0,1620.0,305.0,123.0,전민동 한남대학교 대덕밸리캠퍼스,유성구,전민동,36.400108,127.392244,3527,0.082,0.1883,0.1889,2.64,29.0,18.0,92.8,혼합/생활형
ST1399,902.0,855.0,875.0,47.0,23.0,4.0,44.0,726.0,278.0,149.0,목상동 한국타이어 후문 정류장,대덕구,목상동,36.449793,127.415733,1757,0.082,0.3829,0.5106,2.5,19.0,28.0,46.6,혼합/생활형
ST0227,4168.0,4121.0,4033.0,47.0,71.0,40.0,216.0,2966.0,694.0,1067.0,도안동 목원대학교 정문우측(롯데리아),서구,도안동,36.330394,127.338415,8291,0.082,0.234,0.895,2.61,31.0,16.0,214.6,혼합/생활형
ST1065,13523.0,13476.0,13164.0,47.0,57.0,45.0,611.0,9731.0,4474.0,3433.0,상대동 상대초등학교,유성구,상대동,36.348217,127.335799,26999,0.082,0.4598,0.8777,2.26,12.0,35.0,700.5,혼합/생활형
ST0680,2083.0,2036.0,1984.0,47.0,50.0,12.0,121.0,1499.0,628.0,485.0,선화동 대전여자상업고등학교 정류장,중구,선화동,36.332995,127.420758,4119,0.082,0.4189,0.8049,2.94,38.0,9.0,105.6,혼합/생활형
ST0772,8664.0,8618.0,8325.0,46.0,45.0,29.0,340.0,5964.0,1859.0,2361.0,상대동 진터네거리(도안4블럭 방면),유성구,상대동,36.348213,127.339896,17282,0.08,0.3117,0.9849,1.97,16.0,30.0,443.0,혼합/생활형
ST0220,8610.0,8564.0,8281.0,46.0,71.0,44.0,490.0,5841.0,2170.0,2440.0,원신흥동 도안 10단지 휴먼시아(1010동)(70),유성구,원신흥동,36.338016,127.338472,17175,0.08,0.3715,1.0392,2.85,27.0,19.0,440.7,혼합/생활형
ST1360,929.0,883.0,897.0,46.0,39.0,5.0,37.0,629.0,211.0,268.0,관저동 관저체육공원,서구,관저동,36.292252,127.337391,1812,0.08,0.3355,1.06,2.04,34.0,12.0,47.7,혼합/생활형
ST0057,1768.0,1722.0,1695.0,46.0,64.0,30.0,127.0,1251.0,464.0,444.0,천동 천동초등학교,동구,천동,36.316754,127.444012,3490,0.08,0.3709,0.883,3.64,34.0,12.0,90.2,혼합/생활형
ST0143,8538.0,8492.0,8160.0,46.0,66.0,40.0,454.0,5882.0,2423.0,2278.0,목상동 상록수아파트 정류장(101동),대덕구,목상동,36.44913,127.412667,17031,0.08,0.4119,0.9635,2.67,26.0,20.0,434.2,혼합/생활형
ST1272,1121.0,1076.0,1104.0,45.0,36.0,6.0,37.0,801.0,312.0,303.0,관저동  관저2동성당 앞,서구,관저동,36.299405,127.344841,2197,0.079,0.3895,0.9411,1.68,30.0,15.0,58.8,혼합/생활형
ST0443,8775.0,8730.0,8455.0,45.0,70.0,39.0,404.0,5999.0,2323.0,2456.0,둔산동 2116 공원,서구,둔산동,36.349157,127.398659,17505,0.079,0.3872,1.0185,2.31,31.0,14.0,449.9,혼합/생활형
ST0305,1535.0,1490.0,1488.0,45.0,51.0,11.0,112.0,1127.0,423.0,361.0,법동 삼정하이츠 정류장(7동),대덕구,법동,36.373687,127.427946,3025,0.079,0.3753,0.7969,3.7,40.0,5.0,79.2,혼합/생활형
ST0696,1257.0,1212.0,1230.0,45.0,24.0,3.0,87.0,820.0,280.0,410.0,계산동 학하리슈빌 학의뜰 입구,유성구,계산동,36.33771,127.303088,2470,0.079,0.3415,1.2439,3.52,21.0,24.0,65.5,혼합/생활형
ST0279,2434.0,2389.0,2380.0,45.0,43.0,17.0,77.0,1698.0,571.0,682.0,관저동 원앙2단지 건너편(205동),서구,관저동,36.308998,127.340582,4824,0.079,0.3363,0.9992,1.6,26.0,19.0,126.7,혼합/생활형
ST0850,1919.0,1874.0,1837.0,45.0,45.0,18.0,107.0,1355.0,553.0,482.0,법동 대덕경찰서,대덕구,법동,36.369958,127.429496,3793,0.079,0.4081,0.885,2.82,27.0,18.0,97.8,혼합/생활형
ST0474,3113.0,3069.0,3046.0,44.0,41.0,13.0,93.0,2324.0,810.0,722.0,관저동 구봉마을 9단지(904동),서구,관저동,36.296097,127.33144,6183,0.077,0.3485,0.7729,1.5,28.0,16.0,162.1,혼합/생활형
ST0473,954.0,910.0,909.0,44.0,31.0,4.0,35.0,656.0,266.0,253.0,자운동 농부의갈비,유성구,자운동,36.39545,127.35205,1864,0.077,0.4055,0.9595,1.88,27.0,17.0,48.4,혼합/생활형
ST1172,35902.0,35858.0,34310.0,44.0,127.0,112.0,1200.0,24848.0,10584.0,9462.0,월평동 다모아아파트 상가,서구,월평동,36.362754,127.367896,71760,0.077,0.4259,0.9473,1.67,15.0,29.0,1825.9,혼합/생활형
ST0387,4434.0,4390.0,4323.0,44.0,35.0,9.0,283.0,3509.0,1433.0,814.0,둔산동 대전광역시의회 서편,서구,둔산동,36.349892,127.383207,8824,0.077,0.4084,0.5771,3.21,26.0,18.0,230.1,출퇴근형
ST0598,2695.0,2652.0,2571.0,43.0,61.0,31.0,143.0,1932.0,847.0,639.0,호동우체국 건너편,중구,호동,36.304743,127.449282,5347,0.075,0.4384,0.8228,2.67,30.0,13.0,136.8,혼합/생활형
ST0760,3656.0,3614.0,3552.0,42.0,28.0,10.0,145.0,3099.0,1443.0,453.0,장동 한국화학연구원 입구,대덕구,장동,36.385448,127.358714,7270,0.073,0.4656,0.3637,1.99,18.0,24.0,189.0,출퇴근형
ST0944,2564.0,2522.0,2483.0,42.0,44.0,19.0,69.0,1786.0,806.0,697.0,구즉동 행정복지센터,유성구,봉산동,36.440271,127.383817,5086,0.073,0.4513,0.9709,1.36,25.0,17.0,132.1,혼합/생활형
ST1265,1453.0,1412.0,1424.0,41.0,34.0,6.0,72.0,1085.0,490.0,339.0,자운동 국군대전병원입구,유성구,자운동,36.401863,127.346135,2865,0.072,0.4516,0.7773,2.51,28.0,13.0,75.8,출퇴근형
ST1427,449.0,408.0,432.0,41.0,33.0,0.0,15.0,404.0,193.0,28.0,방현동 대전시립제1노인병원 정류장,유성구,방현동,36.406254,127.371644,857,0.072,0.4777,0.1724,1.75,33.0,8.0,23.0,판정 불가
ST1398,1239.0,1198.0,1193.0,41.0,32.0,17.0,55.0,987.0,375.0,206.0,신일동 한온시스템 정류장,대덕구,신일동,36.433976,127.410436,2437,0.072,0.3799,0.5192,2.26,15.0,26.0,63.5,혼합/생활형
ST0897,435.0,395.0,424.0,40.0,32.0,0.0,21.0,325.0,118.0,99.0,노은동 노은서로 94 ,유성구,노은동,36.36852,127.313927,830,0.07,0.3631,0.7578,2.53,32.0,8.0,22.6,판정 불가
ST0932,1135.0,1095.0,1105.0,40.0,57.0,20.0,51.0,754.0,262.0,351.0,용산동 테크노밸리 2단지(201동),유성구,용산동,36.41753,127.39545,2230,0.07,0.3475,1.1581,2.29,37.0,3.0,58.8,혼합/생활형
ST0909,2592.0,2552.0,2532.0,40.0,45.0,16.0,80.0,1851.0,567.0,681.0,지족동 열매마을 2단지(202동),유성구,지족동,36.37998,127.318261,5144,0.07,0.3063,0.9153,1.56,29.0,11.0,134.7,혼합/생활형
ST0039,10268.0,10228.0,9919.0,40.0,60.0,48.0,332.0,7725.0,3069.0,2194.0,유천동 문화초네거리,중구,유천동,36.313097,127.399471,20496,0.07,0.3973,0.7066,1.62,12.0,28.0,527.9,혼합/생활형
ST1015,10293.0,10253.0,10124.0,40.0,30.0,12.0,510.0,7408.0,2640.0,2716.0,궁동 충남대학교 중앙도서관,유성구,궁동,36.369431,127.346301,20547,0.07,0.3564,0.9121,2.48,18.0,22.0,538.8,혼합/생활형
ST0154,7942.0,7903.0,7549.0,39.0,79.0,49.0,303.0,5547.0,2527.0,2002.0,중촌동 금호아파트(8동),중구,중촌동,36.340306,127.406599,15845,0.068,0.4556,0.8979,1.91,30.0,9.0,401.7,혼합/생활형
ST0755,2782.0,2743.0,2743.0,39.0,47.0,4.0,85.0,1929.0,761.0,814.0,하기동 송림마을3단지이노스빌아파트 304동,유성구,하기동,36.390068,127.323367,5525,0.068,0.3945,1.0498,1.54,43.0,-4.0,146.0,혼합/생활형
ST0038,4827.0,4788.0,4713.0,39.0,56.0,20.0,184.0,3562.0,1176.0,1151.0,문화동 서대전공원 야외공연장 뒤편,중구,문화동,36.320465,127.41068,9617,0.068,0.3302,0.8039,1.91,36.0,3.0,250.8,혼합/생활형
ST1419,760.0,721.0,741.0,39.0,35.0,4.0,46.0,538.0,221.0,203.0,목동 현대아파트(132-64),중구,목동,36.328021,127.412921,1481,0.068,0.4108,0.9387,3.11,31.0,8.0,39.4,혼합/생활형
ST0675,5436.0,5398.0,5211.0,38.0,82.0,48.0,443.0,3881.0,1781.0,1330.0,판암동 신흥역2번출구,동구,판암동,36.319737,127.447964,10834,0.066,0.4589,0.8526,4.09,34.0,4.0,277.3,혼합/생활형
ST1519,1752.0,1714.0,1719.0,38.0,37.0,17.0,82.0,798.0,260.0,921.0,원신흥동 갑천생태호수공원 주차장B,유성구,원신흥동,36.334141,127.349118,3466,0.066,0.3258,2.8713,2.37,20.0,18.0,91.5,혼합/생활형
ST1175,2631.0,2593.0,2490.0,38.0,38.0,9.0,139.0,1254.0,326.0,1236.0,미호동 금강로하스대청공원,대덕구,미호동,36.472613,127.47335,5224,0.066,0.26,2.4521,2.66,29.0,9.0,132.5,여가형
ST0118,13077.0,13040.0,12552.0,37.0,82.0,76.0,602.0,9186.0,3451.0,3366.0,탄방동 e편한세상(109동),서구,탄방동,36.34116,127.394354,26118,0.065,0.3757,0.9116,2.31,6.0,31.0,668.0,혼합/생활형
ST0077,997.0,960.0,958.0,37.0,39.0,2.0,44.0,714.0,218.0,244.0,용전동 동대전새마을금고 용전지점,동구,용전동,36.353727,127.432766,1957,0.065,0.3053,0.8502,2.25,37.0,0.0,51.0,혼합/생활형
ST1469,560.0,523.0,541.0,37.0,35.0,1.0,42.0,320.0,116.0,221.0,둔산동 샘머리아파트 215동 건너편,서구,둔산동,36.362023,127.395842,1083,0.065,0.3625,1.7181,3.88,34.0,3.0,28.8,판정 불가
ST0761,1148.0,1112.0,1127.0,36.0,21.0,5.0,51.0,1027.0,408.0,100.0,장동 LG생활건강 기술연구원 입구,대덕구,장동,36.38486,127.362126,2260,0.063,0.3973,0.2422,2.26,16.0,20.0,60.0,혼합/생활형
ST0566,516.0,480.0,512.0,36.0,34.0,4.0,23.0,378.0,88.0,134.0,도마동 경남아파트 2단지(112동),서구,도마동,36.322638,127.368466,996,0.063,0.2328,0.8819,2.31,30.0,6.0,27.2,판정 불가
ST0217,1472.0,1436.0,1442.0,36.0,30.0,12.0,82.0,975.0,315.0,467.0,상대동 도안 5단지 트리풀시티 정문(501동) ,유성구,상대동,36.343942,127.335742,2908,0.063,0.3231,1.1916,2.82,18.0,18.0,76.7,혼합/생활형
ST1405,3045.0,3009.0,2947.0,36.0,65.0,30.0,201.0,2116.0,711.0,831.0,효동행정복지센터 건너편,동구,천동,36.31728,127.442587,6054,0.063,0.336,0.977,3.32,35.0,1.0,156.8,혼합/생활형
ST1520,2778.0,2742.0,2701.0,36.0,35.0,3.0,124.0,1184.0,333.0,1517.0,도안동 갑천생태호수공원 주차장C,서구,도안동,36.327689,127.348373,5520,0.063,0.2812,3.1875,2.25,32.0,4.0,143.7,여가형
ST1196,21154.0,21118.0,20463.0,36.0,69.0,57.0,1283.0,14251.0,5834.0,6212.0,만년동 만년네거리 상록수아파트 104동,서구,만년동,36.365049,127.379083,42273,0.063,0.4094,1.0844,3.04,12.0,24.0,1089.0,혼합/생활형
ST1053,5567.0,5532.0,5342.0,35.0,40.0,25.0,241.0,4071.0,1356.0,1271.0,홍도동 용전네거리 하나은행,동구,홍도동,36.347196,127.431319,11099,0.061,0.3331,0.7767,2.17,15.0,20.0,284.3,혼합/생활형
ST0928,1894.0,1859.0,1843.0,35.0,35.0,16.0,83.0,1289.0,586.0,554.0,용산동 경남아너스빌 1단지(101동),유성구,용산동,36.420748,127.398614,3753,0.061,0.4546,1.0692,2.21,19.0,16.0,98.1,혼합/생활형
ST0870,1417.0,1382.0,1367.0,35.0,46.0,26.0,75.0,1039.0,437.0,328.0,가장동 큰손부추해물칼국수,서구,가장동,36.328047,127.386538,2799,0.061,0.4206,0.7854,2.68,20.0,15.0,72.7,출퇴근형
ST0203,10144.0,10109.0,9706.0,35.0,45.0,23.0,339.0,6989.0,3166.0,2717.0,봉명동 도안 2단지 호반베르디움(211동),유성구,봉명동,36.351459,127.346318,20253,0.061,0.453,0.9671,1.67,22.0,13.0,516.5,혼합/생활형
ST1333,2084.0,2050.0,2008.0,34.0,33.0,13.0,116.0,1631.0,441.0,377.0,삼성동 한밭중 네거리,동구,삼성동,36.336248,127.426256,4134,0.059,0.2704,0.575,2.81,20.0,14.0,106.9,혼합/생활형
ST1531,1166.0,1132.0,1136.0,34.0,47.0,30.0,63.0,835.0,291.0,301.0,전민동 엑스포아파트 5단지 상가,유성구,전민동,36.399592,127.406552,2298,0.059,0.3485,0.8968,2.74,17.0,17.0,60.5,혼합/생활형
ST0628,1628.0,1594.0,1556.0,34.0,28.0,16.0,94.0,1252.0,621.0,304.0,신안동 대전화병원(베스티안 화상병원),동구,신안동,36.328956,127.439445,3222,0.059,0.496,0.6041,2.92,12.0,22.0,82.8,출퇴근형
ST0267,2325.0,2291.0,2259.0,34.0,38.0,16.0,63.0,1707.0,560.0,552.0,"관저동 신선마을 정류장(208동, 33430)",서구,관저동,36.299062,127.332332,4616,0.059,0.3281,0.8045,1.36,22.0,12.0,120.2,혼합/생활형
ST0397,6055.0,6021.0,5901.0,34.0,42.0,30.0,309.0,4358.0,1642.0,1543.0,목동더샵리슈빌 남측,중구,목동,36.331896,127.415147,12076,0.059,0.3768,0.8808,2.56,12.0,22.0,314.0,혼합/생활형
ST0214,1239.0,1206.0,1213.0,33.0,23.0,4.0,65.0,891.0,301.0,322.0,상대동 도안 3단지 한라비발디(306동),유성구,상대동,36.34313,127.333528,2445,0.058,0.3378,0.8991,2.66,19.0,14.0,64.6,혼합/생활형
ST0054,1359.0,1326.0,1309.0,33.0,32.0,3.0,62.0,927.0,224.0,382.0,용운동 대전대 후문,동구,용운동,36.335168,127.456467,2685,0.058,0.2416,1.0252,2.31,29.0,4.0,69.7,혼합/생활형
ST0073,1760.0,1727.0,1716.0,33.0,36.0,11.0,92.0,1307.0,524.0,409.0,용전동 한전 대전세종충남지역본부 건너편,동구,용전동,36.357341,127.434212,3487,0.058,0.4009,0.7785,2.64,25.0,8.0,91.3,출퇴근형
ST0379,9639.0,9606.0,9434.0,33.0,34.0,29.0,595.0,8068.0,4132.0,1366.0,둔산동 캐피탈 타워,서구,둔산동,36.35787,127.387888,19245,0.058,0.5121,0.4212,3.09,5.0,28.0,502.0,출퇴근형
ST1215,1040.0,1007.0,999.0,33.0,30.0,6.0,39.0,700.0,203.0,299.0,용산동 호반써밋(4단지관리사무소앞),유성구,용산동,36.41434,127.393669,2047,0.058,0.29,1.0626,1.91,24.0,9.0,53.2,혼합/생활형
ST1165,4081.0,4048.0,3992.0,33.0,41.0,9.0,134.0,3134.0,1092.0,858.0,죽동 한국타이어앞 CU,유성구,죽동,36.376312,127.338052,8129,0.058,0.3484,0.6811,1.65,32.0,1.0,212.4,혼합/생활형
ST0646,2009.0,1976.0,1921.0,33.0,36.0,9.0,66.0,1440.0,604.0,481.0,삼성동 삼성네거리(한밭자이아파트 방면) 정류장,동구,삼성동,36.338717,127.429027,3985,0.058,0.4194,0.831,1.66,27.0,6.0,102.2,혼합/생활형
ST0793,4209.0,4176.0,4029.0,33.0,40.0,26.0,143.0,2887.0,897.0,1142.0,가수원동 은아아파트 302동,서구,가수원동,36.304175,127.350162,8385,0.058,0.3107,0.9841,1.71,14.0,19.0,214.4,혼합/생활형
ST0594,2026.0,1994.0,1914.0,32.0,51.0,25.0,134.0,1450.0,479.0,464.0,낭월동 낭월3호어린이공원,동구,낭월동,36.281904,127.46644,4020,0.056,0.3303,0.7961,3.33,26.0,6.0,101.9,혼합/생활형
ST0186,4283.0,4251.0,4207.0,32.0,21.0,20.0,144.0,3491.0,1739.0,716.0,장동 한국에너지기술연구원 입구,유성구,장동,36.384857,127.359816,8534,0.056,0.4981,0.5102,1.69,1.0,31.0,223.9,출퇴근형
ST1282,3793.0,3761.0,3703.0,32.0,51.0,27.0,204.0,2716.0,957.0,987.0,변동 한국전력공사 서대전지사 부근,서구,변동,36.328349,127.373965,7554,0.056,0.3524,0.9041,2.7,24.0,8.0,197.1,혼합/생활형
ST0689,9552.0,9520.0,9338.0,32.0,54.0,41.0,535.0,7034.0,3074.0,2304.0,탄방역 5번출구,서구,탄방동,36.344964,127.385206,19072,0.056,0.437,0.8149,2.81,13.0,19.0,496.9,혼합/생활형
ST1482,313.0,281.0,303.0,32.0,24.0,2.0,13.0,255.0,51.0,48.0,관저동 한국산림복지진흥원,서구,관저동,36.291105,127.333776,594,0.056,0.2,0.4683,2.19,22.0,10.0,16.1,판정 불가
ST0367,2109.0,2077.0,2056.0,32.0,33.0,4.0,80.0,1678.0,344.0,378.0,궁동 충남대학교 생명시스템과학대학,유성구,궁동,36.375907,127.343327,4186,0.056,0.205,0.5604,1.91,29.0,3.0,109.4,혼합/생활형
ST0472,1959.0,1928.0,1913.0,31.0,38.0,8.0,86.0,1403.0,688.0,510.0,도룡동 LG대전어린이집,유성구,도룡동,36.385872,127.376789,3887,0.054,0.4904,0.9043,2.21,30.0,1.0,101.8,혼합/생활형
ST0174,4609.0,4578.0,4529.0,31.0,26.0,11.0,152.0,3454.0,1679.0,1075.0,지족동 지족역 2번출구,유성구,지족동,36.383603,127.319711,9187,0.054,0.4861,0.7743,1.65,15.0,16.0,241.0,출퇴근형
ST1347,3215.0,3184.0,3132.0,31.0,33.0,10.0,185.0,2347.0,1206.0,785.0,구성동 보건환경연구원 정류장(기상청방면),유성구,구성동,36.372375,127.37476,6399,0.054,0.5138,0.8321,2.89,23.0,8.0,166.7,혼합/생활형
ST0438,6047.0,6017.0,5858.0,30.0,53.0,36.0,376.0,4760.0,1833.0,1098.0,둔산동 시청역 1번출구,서구,둔산동,36.350719,127.38654,12064,0.052,0.3851,0.5739,3.12,17.0,13.0,311.7,혼합/생활형
ST0037,2941.0,2911.0,2859.0,30.0,27.0,11.0,138.0,2241.0,833.0,618.0,문화동 서대전 KT,중구,문화동,36.321226,127.413759,5852,0.052,0.3717,0.6861,2.36,16.0,14.0,152.1,혼합/생활형
ST0156,2938.0,2909.0,2882.0,29.0,32.0,23.0,132.0,2039.0,765.0,843.0,반석동 반석마을 8단지(804동),유성구,반석동,36.394052,127.311059,5847,0.051,0.3752,1.0286,2.26,9.0,20.0,153.4,혼합/생활형
ST0886,11598.0,11569.0,11251.0,29.0,37.0,40.0,590.0,8371.0,3197.0,2880.0,장대동 드림월드아파트 102동(유성대로 방향),유성구,장대동,36.362339,127.336965,23169,0.051,0.3819,0.8559,2.55,-3.0,32.0,598.7,혼합/생활형
ST0751,3694.0,3665.0,3587.0,29.0,38.0,29.0,169.0,2472.0,813.0,1115.0,지족동 노은3지구 꿈에그린 201동,유성구,지족동,36.388164,127.303215,7360,0.051,0.3289,1.1221,2.3,9.0,20.0,190.9,혼합/생활형
ST0887,5735.0,5706.0,5577.0,29.0,26.0,25.0,258.0,4290.0,1671.0,1287.0,장대동 월드컵패밀리타운아파트 106동(유성대로 방향),유성구,장대동,36.363941,127.337671,11441,0.051,0.3895,0.7463,2.26,1.0,28.0,296.8,혼합/생활형
ST0699,1444.0,1415.0,1416.0,29.0,21.0,1.0,64.0,1013.0,379.0,403.0,덕명동 한밭대학교 1차 BTL 학생생활관 입구,유성구,덕명동,36.345347,127.304752,2860,0.051,0.3741,0.9897,2.24,20.0,9.0,75.4,혼합/생활형
ST0702,11011.0,10983.0,10735.0,28.0,55.0,43.0,443.0,7894.0,3254.0,2841.0,월평동 갈마역3번출구,서구,월평동,36.357968,127.371768,21994,0.049,0.4122,0.8953,2.01,12.0,16.0,571.3,혼합/생활형
ST0931,2278.0,2250.0,2199.0,28.0,37.0,21.0,98.0,1506.0,581.0,693.0,용산동 테크노밸리 12단지(1209동),유성구,용산동,36.417587,127.395132,4528,0.049,0.3858,1.1448,2.16,16.0,12.0,117.0,혼합/생활형
ST0741,3861.0,3833.0,3761.0,28.0,21.0,11.0,132.0,3041.0,1200.0,720.0,죽동 유성여고 입구,유성구,죽동,36.380735,127.327042,7695,0.049,0.3946,0.589,1.72,10.0,18.0,200.1,혼합/생활형
ST1083,2621.0,2593.0,2522.0,28.0,36.0,13.0,169.0,1922.0,935.0,600.0,읍내동 우편취급국,대덕구,읍내동,36.378602,127.421322,5214,0.049,0.4865,0.7766,3.24,23.0,5.0,134.2,출퇴근형
ST0398,17009.0,16981.0,16508.0,28.0,66.0,76.0,879.0,11390.0,5012.0,5118.0,도룡동 엑스포과학공원,유성구,도룡동,36.377591,127.37912,33990,0.049,0.44,1.1179,2.59,-10.0,38.0,878.5,혼합/생활형
ST0746,2448.0,2420.0,2377.0,28.0,47.0,29.0,92.0,1781.0,623.0,596.0,봉산동 하늘바람휴먼시아아파트 111동 입구,유성구,봉산동,36.438095,127.382002,4868,0.049,0.3498,0.8325,1.89,18.0,10.0,126.5,혼합/생활형
ST1290,443.0,415.0,376.0,28.0,28.0,0.0,17.0,316.0,110.0,60.0,죽동 LIG넥스원 건너편,유성구,죽동,36.380151,127.338695,858,0.049,0.3481,0.4724,1.98,28.0,0.0,20.0,판정 불가
ST0954,2252.0,2224.0,2148.0,28.0,30.0,12.0,122.0,1643.0,563.0,505.0,신탄진동 신탄진고 정문,대덕구,신탄진동,36.449813,127.435619,4476,0.049,0.3427,0.7647,2.73,18.0,10.0,114.3,혼합/생활형
ST0994,536.0,508.0,524.0,28.0,29.0,2.0,31.0,355.0,131.0,169.0,신봉동 자운대 쇼핑타운(231동),유성구,신봉동,36.414126,127.337154,1044,0.049,0.369,1.1843,2.97,27.0,1.0,27.9,판정 불가
ST0337,3225.0,3197.0,3134.0,28.0,33.0,19.0,163.0,2193.0,984.0,941.0,신봉동 자운대아파트 78단지 정문,유성구,신봉동,36.41289,127.342402,6422,0.049,0.4487,1.0675,2.54,14.0,14.0,166.8,혼합/생활형
ST0657,791.0,764.0,769.0,27.0,33.0,6.0,30.0,526.0,176.0,243.0,용전동 종근당빌딩,동구,용전동,36.353404,127.439664,1555,0.047,0.3346,1.1493,1.93,27.0,0.0,40.9,혼합/생활형
ST1205,1170.0,1143.0,1140.0,27.0,23.0,4.0,65.0,820.0,335.0,320.0,성남동 휴먼시아 스마트뷰 건너편,동구,성남동,36.343792,127.434345,2313,0.047,0.4085,0.9709,2.81,19.0,8.0,60.7,혼합/생활형
ST0421,2311.0,2284.0,2254.0,27.0,28.0,7.0,75.0,1680.0,615.0,574.0,봉명동 도안센트롤시티,유성구,봉명동,36.34879,127.344508,4595,0.047,0.3661,0.85,1.63,21.0,6.0,120.0,혼합/생활형
ST1345,2343.0,2316.0,2309.0,27.0,23.0,5.0,102.0,1687.0,810.0,622.0,노은동 대전월드컵경기장 1문,유성구,노은동,36.365416,127.323012,4659,0.047,0.4801,0.9173,2.19,18.0,9.0,122.9,혼합/생활형
ST0716,2776.0,2749.0,2699.0,27.0,35.0,14.0,135.0,2084.0,1041.0,615.0,갈마동 양녕요양병원,서구,갈마동,36.344851,127.368634,5526,0.047,0.4995,0.7342,2.44,21.0,6.0,143.6,출퇴근형
ST1384,4735.0,4708.0,4592.0,27.0,49.0,36.0,277.0,3234.0,851.0,1358.0,부사동 부사 119안전센터,중구,부사동,36.315354,127.433804,9443,0.047,0.2631,1.0447,2.93,13.0,14.0,244.4,혼합/생활형
ST0307,1382.0,1355.0,1319.0,27.0,20.0,6.0,112.0,953.0,367.0,366.0,와동 현대아파트(대덕의원),대덕구,신대동,36.400464,127.422657,2737,0.047,0.3851,0.9554,4.09,14.0,13.0,70.2,혼합/생활형
ST0843,2436.0,2410.0,2373.0,26.0,25.0,14.0,141.0,1680.0,723.0,693.0,법동 그린타운아파트 112동 건너편,대덕구,중리동,36.365179,127.434744,4846,0.045,0.4304,1.0262,2.91,11.0,15.0,126.3,혼합/생활형
ST1353,4446.0,4420.0,4359.0,26.0,29.0,23.0,353.0,3879.0,1604.0,480.0,문지동 카이스트 문지캠퍼스,유성구,문지동,36.390159,127.399178,8866,0.045,0.4135,0.3078,3.98,6.0,20.0,232.0,출퇴근형
ST1382,3578.0,3552.0,3485.0,26.0,38.0,20.0,171.0,2532.0,1015.0,953.0,목동 충남여중삼거리,중구,목동,36.331914,127.410372,7131,0.045,0.4009,0.9364,2.4,18.0,8.0,185.5,혼합/생활형
ST0101,12855.0,12829.0,12235.0,26.0,59.0,83.0,445.0,8860.0,3815.0,3375.0,월평동 대전일보,서구,월평동,36.353493,127.360587,25685,0.045,0.4306,0.9477,1.73,-24.0,50.0,651.1,혼합/생활형
ST0728,269.0,243.0,263.0,26.0,21.0,0.0,7.0,232.0,65.0,31.0,신탄진동 대전보훈병원 재활체육센터 정류장,대덕구,신탄진동,36.448376,127.438944,512,0.045,0.2802,0.3324,1.37,21.0,5.0,14.0,판정 불가
ST0597,2260.0,2234.0,2194.0,26.0,58.0,33.0,124.0,1627.0,555.0,567.0,옥계동 새마을금고,중구,옥계동,36.298918,127.454274,4495,0.045,0.3411,0.867,2.76,25.0,1.0,116.8,혼합/생활형
ST0676,670.0,644.0,652.0,26.0,24.0,9.0,62.0,487.0,197.0,165.0,판암동 신흥역1번출구,동구,판암동,36.319294,127.448996,1314,0.045,0.4045,0.8429,4.72,15.0,11.0,34.7,혼합/생활형
ST0690,4468.0,4442.0,4328.0,26.0,51.0,38.0,353.0,3516.0,1535.0,812.0,탄방역 1번출구,서구,탄방동,36.345282,127.384469,8911,0.045,0.4366,0.5745,3.96,13.0,13.0,230.3,출퇴근형
ST1123,1864.0,1839.0,1775.0,25.0,12.0,5.0,51.0,1263.0,344.0,512.0,원내동 진잠타운 203동 버스정류장,유성구,원내동,36.296965,127.320367,3703,0.044,0.2724,1.0085,1.38,7.0,18.0,94.5,혼합/생활형
ST0835,9356.0,9331.0,8998.0,25.0,57.0,74.0,592.0,6771.0,2285.0,2227.0,중리동 중리지구대 건너편 정류장,대덕구,중리동,36.359046,127.420206,18687,0.044,0.3375,0.8182,3.17,-17.0,42.0,478.8,혼합/생활형
ST0678,993.0,968.0,971.0,25.0,23.0,6.0,51.0,644.0,247.0,327.0,가양동 와와툴코리아,동구,가양동,36.348707,127.443426,1961,0.044,0.3835,1.2632,2.6,17.0,8.0,51.7,혼합/생활형
ST0586,5341.0,5316.0,5126.0,25.0,70.0,59.0,322.0,3563.0,1097.0,1563.0,가오동 담가화로구이,동구,가오동,36.305386,127.454794,10657,0.044,0.3079,1.0913,3.02,11.0,14.0,272.8,혼합/생활형
ST1071,6551.0,6527.0,6356.0,24.0,26.0,16.0,234.0,4549.0,1906.0,1807.0,봉명동 도안 2단지 호반베르디움(208동),유성구,봉명동,36.350591,127.347915,13078,0.042,0.419,0.9882,1.79,10.0,14.0,338.2,혼합/생활형
ST0756,462.0,438.0,453.0,24.0,22.0,0.0,13.0,315.0,133.0,138.0,하기동 송림마을5단지 509동,유성구,하기동,36.388941,127.329853,900,0.042,0.4222,1.0899,1.44,22.0,2.0,24.1,판정 불가
ST0021,2917.0,2893.0,2834.0,24.0,31.0,12.0,199.0,2236.0,994.0,598.0,둔산동 선사유적지 건너편(정부청사),서구,둔산동,36.361063,127.379685,5810,0.042,0.4445,0.6653,3.43,19.0,5.0,150.8,출퇴근형
ST0692,1096.0,1072.0,1081.0,24.0,2.0,2.0,40.0,663.0,137.0,418.0,덕명동 수통골삼거리 공영주차장,유성구,덕명동,36.347516,127.296977,2168,0.042,0.2066,1.5685,1.85,0.0,24.0,57.5,여가형
ST1140,1010.0,986.0,977.0,24.0,12.0,7.0,42.0,696.0,282.0,281.0,노은동 노은농수산물시장,유성구,노은동,36.36658,127.321225,1996,0.042,0.4052,1.0044,2.1,5.0,19.0,52.0,혼합/생활형
ST1371,1571.0,1547.0,1524.0,24.0,18.0,5.0,91.0,965.0,300.0,559.0,안영동 효문화마을입구 정류장,중구,안영동,36.286639,127.378512,3118,0.042,0.3109,1.4411,2.92,13.0,11.0,81.1,혼합/생활형
ST1197,1723.0,1700.0,1680.0,23.0,25.0,9.0,54.0,1556.0,908.0,124.0,장동 인재개발원 입구,유성구,장동,36.401016,127.364738,3423,0.04,0.5835,0.1983,1.58,16.0,7.0,89.4,출퇴근형
ST1030,12914.0,12891.0,12411.0,23.0,50.0,45.0,530.0,8734.0,3169.0,3677.0,월평동 백합아파트(성룡초교),서구,월평동,36.361423,127.374492,25805,0.04,0.3628,1.0474,2.05,5.0,18.0,660.5,혼합/생활형
ST1286,1017.0,994.0,992.0,23.0,26.0,6.0,42.0,660.0,189.0,332.0,복수동 복수센트럴자이 앞,서구,복수동,36.305805,127.372904,2011,0.04,0.2864,1.2514,2.09,20.0,3.0,52.8,여가형
ST1158,380.0,358.0,364.0,22.0,16.0,4.0,15.0,186.0,60.0,178.0,둔곡동 서한이다음 정문(103동),유성구,둔곡동,36.455346,127.363914,738,0.038,0.3226,2.3808,2.03,12.0,10.0,19.4,판정 불가
ST0382,8866.0,8844.0,8495.0,22.0,55.0,57.0,492.0,6069.0,2769.0,2426.0,둔산동 가람아파트(3동),서구,둔산동,36.357489,127.396172,17710,0.038,0.4563,0.9945,2.78,-2.0,24.0,452.1,혼합/생활형
ST1031,8299.0,8277.0,7980.0,22.0,60.0,44.0,510.0,6210.0,2997.0,1770.0,둔산동 정부청사 입구(대덕대로),서구,둔산동,36.361912,127.379653,16576,0.038,0.4826,0.7091,3.08,16.0,6.0,424.7,출퇴근형
ST0129,7418.0,7396.0,7200.0,22.0,64.0,53.0,567.0,5453.0,1776.0,1747.0,탄방동 탄방지하차도,서구,탄방동,36.343318,127.383435,14815,0.038,0.3257,0.797,3.83,11.0,11.0,383.2,혼합/생활형
ST1184,1160.0,1138.0,1114.0,22.0,24.0,9.0,66.0,777.0,243.0,337.0,인동네거리 신협2,동구,인동,36.321405,127.437874,2298,0.038,0.3127,1.079,2.87,15.0,7.0,59.3,혼합/생활형
ST0551,406.0,385.0,399.0,21.0,20.0,7.0,27.0,239.0,108.0,160.0,대흥동 세광교회,중구,대흥동,36.319166,127.424723,791,0.037,0.4519,1.6655,3.41,13.0,8.0,21.2,판정 불가
ST0694,928.0,907.0,903.0,21.0,17.0,15.0,39.0,548.0,199.0,355.0,계산동 오투그란데 미학(210동),유성구,계산동,36.344294,127.302444,1835,0.037,0.3631,1.6116,2.13,2.0,19.0,48.1,혼합/생활형
ST1090,2933.0,2912.0,2808.0,21.0,42.0,25.0,70.0,1942.0,642.0,866.0,사정동 웰빙24시사우나,중구,사정동,36.296424,127.384725,5845,0.037,0.3306,1.1094,1.2,17.0,4.0,149.4,혼합/생활형
ST1486,1415.0,1394.0,1370.0,21.0,20.0,8.0,88.0,1200.0,511.0,170.0,둔산동 한국환경공단,서구,둔산동,36.359638,127.380988,2809,0.037,0.4258,0.3524,3.13,12.0,9.0,72.9,출퇴근형
ST0700,1631.0,1610.0,1583.0,21.0,19.0,6.0,58.0,1211.0,434.0,372.0,덕명동 덕명공영주차장,유성구,덕명동,36.359446,127.301643,3243,0.037,0.3584,0.7642,1.79,13.0,8.0,84.2,혼합/생활형
ST0120,4798.0,4778.0,4595.0,20.0,28.0,14.0,228.0,3505.0,1402.0,1090.0,오류동 주류공동판매장 집배송센타,중구,오류동,36.330252,127.401553,9577,0.035,0.4,0.7737,2.38,14.0,6.0,244.5,출퇴근형
ST0565,498.0,478.0,490.0,20.0,24.0,8.0,21.0,382.0,124.0,108.0,도마동 경남아파트 2단지(106동),서구,도마동,36.322433,127.36859,976,0.035,0.3246,0.7034,2.15,16.0,4.0,26.1,판정 불가
ST0752,4032.0,4012.0,3922.0,20.0,18.0,17.0,203.0,2831.0,1133.0,1091.0,반석동 반석더샵 입구 건너편,유성구,반석동,36.39008,127.305113,8044,0.035,0.4002,0.9587,2.52,1.0,19.0,208.7,혼합/생활형
ST0669,1549.0,1529.0,1522.0,20.0,14.0,5.0,78.0,1102.0,446.0,420.0,가양동 가양네거리 양반고을,동구,가양동,36.34557,127.446389,3078,0.035,0.4047,0.9482,2.53,9.0,11.0,81.0,혼합/생활형
ST1037,12152.0,12132.0,11840.0,20.0,34.0,34.0,460.0,8692.0,3780.0,3148.0,월평동 진달래아파트 107동,서구,월평동,36.358189,127.366242,24285,0.035,0.4349,0.901,1.89,0.0,20.0,630.1,혼합/생활형
ST0115,1351.0,1331.0,1289.0,20.0,28.0,11.0,86.0,899.0,318.0,390.0,신탄진동 동일스위트 1단지(103동),대덕구,신탄진동,36.45277,127.430576,2682,0.035,0.3537,1.0792,3.21,17.0,3.0,68.6,혼합/생활형
ST0043,5556.0,5537.0,5343.0,19.0,38.0,25.0,222.0,4075.0,1480.0,1268.0,대흥동 중구청(중구청역 1번출구),중구,대흥동,36.32552,127.420748,11093,0.033,0.3632,0.7741,2.0,13.0,6.0,284.3,혼합/생활형
ST0211,9286.0,9267.0,8926.0,19.0,40.0,46.0,454.0,6352.0,2199.0,2574.0,봉명동 도안 센트럴시티 입구(롯데리아),유성구,봉명동,36.346075,127.340649,18553,0.033,0.3462,1.0081,2.45,-6.0,25.0,475.0,혼합/생활형
ST1336,903.0,884.0,879.0,19.0,20.0,1.0,48.0,654.0,156.0,225.0,삼성동 삼가교(대전역방면),동구,삼성동,36.338067,127.435864,1787,0.033,0.2385,0.8559,2.69,19.0,0.0,46.8,혼합/생활형
ST0693,746.0,727.0,733.0,19.0,13.0,1.0,26.0,514.0,195.0,219.0,계산동 오투그란데 리빙포레(308동),유성구,계산동,36.344236,127.302948,1474,0.033,0.3794,1.06,1.77,12.0,7.0,39.0,혼합/생활형
ST1040,7409.0,7390.0,7144.0,19.0,52.0,56.0,459.0,5032.0,1857.0,2112.0,둔산동 크로바아파트(정문 맞은편),서구,둔산동,36.351177,127.391784,14800,0.033,0.369,1.0442,3.1,-4.0,23.0,380.2,혼합/생활형
ST0938,4856.0,4837.0,4688.0,19.0,46.0,41.0,153.0,3350.0,1569.0,1338.0,송강동 그린아파트(318동),유성구,송강동,36.430354,127.383071,9693,0.033,0.4684,0.9936,1.58,5.0,14.0,249.5,혼합/생활형
ST0230,4197.0,4178.0,4060.0,19.0,20.0,11.0,138.0,3107.0,1384.0,953.0,원신흥동 도안 11단지 천년나무 입구(북측),유성구,원신흥동,36.341652,127.345658,8375,0.033,0.4454,0.7631,1.65,9.0,10.0,216.1,출퇴근형
ST0123,3205.0,3186.0,3038.0,19.0,26.0,17.0,152.0,2088.0,703.0,950.0,용문동 순복음교회(수침교),서구,용문동,36.335779,127.39661,6391,0.033,0.3367,1.1319,2.38,9.0,10.0,161.7,혼합/생활형
ST0317,14050.0,14031.0,13596.0,19.0,59.0,68.0,650.0,9774.0,4223.0,3822.0,용문동 롯데렌터카,서구,용문동,36.332371,127.393726,28082,0.033,0.4321,0.9728,2.31,-9.0,28.0,723.5,혼합/생활형
ST0643,1072.0,1054.0,1048.0,18.0,14.0,0.0,53.0,990.0,401.0,58.0,문지동 국립문화재연구원,유성구,문지동,36.390565,127.392119,2126,0.031,0.4051,0.1458,2.49,14.0,4.0,55.8,출퇴근형
ST0545,7733.0,7715.0,7491.0,18.0,33.0,28.0,521.0,5311.0,1867.0,2180.0,대흥동 원예농협,중구,대흥동,36.321892,127.429644,15448,0.031,0.3515,1.0212,3.37,5.0,13.0,398.6,혼합/생활형
ST0391,5417.0,5399.0,5270.0,18.0,28.0,15.0,349.0,4119.0,1619.0,1151.0,둔산동 현대자동차블루핸즈 둔산동부점,서구,둔산동,36.345914,127.381544,10816,0.031,0.3931,0.6952,3.23,13.0,5.0,280.5,혼합/생활형
ST0911,4249.0,4231.0,4144.0,18.0,19.0,13.0,132.0,3236.0,932.0,908.0,죽동 유성경찰서 민원실앞,유성구,죽동,36.37857,127.3258,8480,0.031,0.288,0.6981,1.56,6.0,12.0,220.5,혼합/생활형
ST0346,970.0,952.0,947.0,18.0,20.0,7.0,61.0,651.0,232.0,296.0,갈마동 큰마을아파트 112동 건너편,서구,갈마동,36.34386,127.374519,1923,0.031,0.3564,1.1312,3.17,13.0,5.0,50.4,혼합/생활형
ST0249,1641.0,1623.0,1599.0,18.0,15.0,11.0,65.0,1137.0,447.0,462.0,관저동 느리울마을 12단지(1202동),서구,관저동,36.298925,127.342112,3264,0.031,0.3931,1.0109,1.99,4.0,14.0,85.1,혼합/생활형
ST0626,6661.0,6643.0,6378.0,18.0,39.0,47.0,291.0,4799.0,2133.0,1579.0,삼성동 주공삼성타운(202동),동구,삼성동,36.341155,127.432565,13304,0.031,0.4445,0.8186,2.19,-8.0,26.0,339.4,혼합/생활형
ST0661,1297.0,1279.0,1228.0,18.0,10.0,3.0,72.0,932.0,373.0,296.0,용전동우체국,동구,용전동,36.35471,127.432884,2576,0.031,0.4002,0.7901,2.8,7.0,11.0,65.4,출퇴근형
ST0104,10268.0,10251.0,9885.0,17.0,63.0,61.0,403.0,7318.0,2805.0,2567.0,갈마동 갈마1동 행정복지센터,서구,갈마동,36.350749,127.367998,20519,0.03,0.3833,0.8727,1.96,2.0,15.0,526.0,혼합/생활형
ST0810,2604.0,2587.0,2543.0,17.0,16.0,7.0,79.0,1880.0,506.0,663.0,관저동 관저2동우체국,서구,관저동,36.298912,127.328778,5191,0.03,0.2691,0.8773,1.52,9.0,8.0,135.3,혼합/생활형
ST0576,1130.0,1113.0,1101.0,17.0,26.0,14.0,90.0,810.0,309.0,291.0,가오고등학교 건너편,동구,가오동,36.310242,127.455518,2243,0.03,0.3815,0.8938,4.01,12.0,5.0,58.6,혼합/생활형
ST0782,3708.0,3691.0,3567.0,17.0,27.0,18.0,131.0,2630.0,930.0,937.0,도안동 도안수목토아파트 114동 건너편,서구,도안동,36.320925,127.34378,7399,0.03,0.3536,0.8863,1.77,9.0,8.0,189.8,혼합/생활형
ST0962,5528.0,5511.0,5396.0,17.0,28.0,19.0,333.0,4436.0,1857.0,960.0,선화동 중구국민체육센터,중구,선화동,36.329866,127.417142,11039,0.03,0.4186,0.5384,3.02,9.0,8.0,287.2,출퇴근형
ST0819,4256.0,4239.0,4154.0,17.0,32.0,14.0,131.0,3157.0,1107.0,997.0,관저동 원앙4단지아파트 406동,서구,관저동,36.303253,127.340515,8495,0.03,0.3506,0.7857,1.54,18.0,-1.0,221.1,혼합/생활형
ST1324,645.0,628.0,621.0,17.0,15.0,1.0,43.0,483.0,202.0,138.0,소제동 중앙동주민센터(대성여고방면)  ,동구,소제동,36.335161,127.439471,1273,0.03,0.4182,0.7108,3.38,14.0,3.0,33.0,출퇴근형
ST1136,5867.0,5851.0,5689.0,16.0,32.0,28.0,178.0,4065.0,1866.0,1624.0,노은동 월드컵 인라인경기장,유성구,노은동,36.368221,127.323652,11718,0.028,0.459,0.9939,1.52,4.0,12.0,302.8,혼합/생활형
ST0926,5735.0,5719.0,5573.0,16.0,33.0,26.0,254.0,4511.0,2359.0,1062.0,용산동 충남대학교 산학협력지원센터,유성구,용산동,36.425747,127.4018,11454,0.028,0.5229,0.5857,2.22,7.0,9.0,296.6,출퇴근형
ST0036,10108.0,10092.0,9640.0,16.0,45.0,39.0,376.0,6798.0,1923.0,2842.0,문화동 홈플러스,중구,문화동,36.320762,127.407117,20200,0.028,0.2829,1.0401,1.86,6.0,10.0,513.0,혼합/생활형
ST0773,10642.0,10626.0,10266.0,16.0,39.0,33.0,440.0,7661.0,2666.0,2605.0,상대동 휴먼시아4단지(트리풀시티9단지 방면) 정류장,유성구,상대동,36.346906,127.339981,21268,0.028,0.348,0.8459,2.07,6.0,10.0,546.3,혼합/생활형
ST0798,5505.0,5489.0,5281.0,16.0,43.0,30.0,184.0,3996.0,1485.0,1285.0,관저동 느리울마을12단지주공아파트 서측 입구,서구,관저동,36.298059,127.340837,10994,0.028,0.3716,0.8,1.67,13.0,3.0,281.0,혼합/생활형
ST1312,3067.0,3051.0,2950.0,16.0,47.0,36.0,177.0,2166.0,857.0,784.0,신흥동 신흥문화공원,동구,신흥동,36.324552,127.445484,6118,0.028,0.3957,0.9005,2.89,11.0,5.0,157.0,혼합/생활형
ST0182,6063.0,6047.0,5883.0,16.0,50.0,31.0,228.0,4395.0,2119.0,1488.0,신성동 럭키 하나아파트 앞,유성구,신성동,36.384796,127.348857,12110,0.028,0.4821,0.8423,1.88,19.0,-3.0,313.1,혼합/생활형
ST0286,4139.0,4123.0,3969.0,16.0,43.0,30.0,147.0,2829.0,1000.0,1140.0,정림동 늘푸른아파트 건너편(102동),서구,정림동,36.301564,127.366558,8262,0.028,0.3535,1.0025,1.78,13.0,3.0,211.2,혼합/생활형
ST0135,1340.0,1324.0,1304.0,16.0,20.0,12.0,53.0,858.0,200.0,446.0,복수동 대전과학기술대 정문 건너편,서구,복수동,36.304837,127.374705,2664,0.028,0.2331,1.2932,1.99,8.0,8.0,69.4,여가형
ST0570,625.0,610.0,593.0,15.0,21.0,2.0,25.0,435.0,133.0,158.0,도마동 공굴안 정류장(복음양지아파트 방면),서구,도마동,36.313298,127.369122,1235,0.026,0.3057,0.9036,2.02,19.0,-4.0,31.6,혼합/생활형
ST0034,4247.0,4232.0,4101.0,15.0,24.0,12.0,122.0,2641.0,736.0,1460.0,안영동 농협하나로마트,중구,안영동,36.288285,127.379374,8479,0.026,0.2787,1.3753,1.44,12.0,3.0,218.2,여가형
ST0794,2523.0,2508.0,2420.0,15.0,13.0,12.0,72.0,1685.0,691.0,735.0,가수원동 771-2,서구,가수원동,36.301959,127.354341,5031,0.026,0.4101,1.0852,1.43,1.0,14.0,128.8,혼합/생활형
ST0412,55220.0,55205.0,52838.0,15.0,95.0,192.0,2978.0,28969.0,9784.0,23869.0,도룡동 무역전시관입구(미래에너지움 앞),유성구,도룡동,36.374363,127.387482,110425,0.026,0.3377,2.0498,2.7,-97.0,112.0,2811.9,혼합/생활형
ST0757,689.0,674.0,678.0,15.0,18.0,2.0,28.0,486.0,227.0,192.0,하기동 윗텃골어린이공원,유성구,하기동,36.388975,127.331087,1363,0.026,0.4671,0.9828,2.05,16.0,-1.0,36.1,혼합/생활형
ST0623,5199.0,5184.0,4976.0,15.0,29.0,19.0,289.0,3831.0,1242.0,1145.0,가양동 우송대 서문 건너편,동구,가양동,36.338902,127.445039,10383,0.026,0.3242,0.7435,2.78,10.0,5.0,264.8,혼합/생활형
ST0677,2161.0,2146.0,2102.0,15.0,33.0,21.0,126.0,1527.0,523.0,575.0,판암동 신흥역4번출구,동구,판암동,36.319865,127.448917,4307,0.026,0.3425,0.9368,2.93,12.0,3.0,111.9,혼합/생활형
ST0066,4022.0,4007.0,3879.0,15.0,21.0,19.0,163.0,3057.0,1124.0,822.0,삼성동 삼성네거리(KT&G 동대전지사),동구,삼성동,36.336373,127.430173,8029,0.026,0.3677,0.6689,2.03,2.0,13.0,206.4,혼합/생활형
ST0537,2053.0,2038.0,2014.0,15.0,19.0,6.0,85.0,1428.0,480.0,586.0,대사동 충남대학병원 동문 버스정류장,중구,대사동,36.317438,127.417701,4091,0.026,0.3361,1.0209,2.08,13.0,2.0,107.2,혼합/생활형
ST0233,5107.0,5092.0,4963.0,15.0,26.0,24.0,225.0,3381.0,1247.0,1582.0,원신흥동 도안 11단지 천년나무 건너편(1106동),유성구,원신흥동,36.339173,127.34829,10200,0.026,0.3688,1.1641,2.21,2.0,13.0,264.1,혼합/생활형
ST0625,7886.0,7871.0,7499.0,15.0,60.0,54.0,329.0,5587.0,2418.0,1912.0,성남동 스마트뷰(110동),동구,성남동,36.341915,127.433,15757,0.026,0.4328,0.8514,2.09,6.0,9.0,399.1,혼합/생활형
ST0881,5011.0,4997.0,4884.0,14.0,33.0,20.0,239.0,3610.0,1188.0,1274.0,도마동삼거리 정류장,서구,도마동,36.311071,127.376012,10008,0.024,0.3291,0.878,2.39,13.0,1.0,259.9,혼합/생활형
ST1517,763.0,749.0,750.0,14.0,31.0,17.0,43.0,500.0,154.0,250.0,중촌동 중촌시민공원 주차장 입구,중구,중촌동,36.343408,127.4045,1512,0.024,0.308,1.2439,2.84,14.0,0.0,39.9,혼합/생활형
ST1153,473.0,459.0,463.0,14.0,18.0,5.0,32.0,368.0,123.0,95.0,낭월동 산내로1315번길,동구,낭월동,36.281446,127.464573,932,0.024,0.3342,0.6422,3.43,13.0,1.0,24.6,판정 불가
ST0225,9152.0,9138.0,8838.0,14.0,49.0,41.0,379.0,6348.0,1882.0,2490.0,도안동 예미지(101동),서구,도안동,36.331983,127.341216,18290,0.024,0.2965,0.9758,2.07,8.0,6.0,470.3,혼합/생활형
ST0172,3773.0,3759.0,3666.0,14.0,17.0,10.0,163.0,2686.0,1013.0,980.0,지족동 인앤인아파트(101동),유성구,지족동,36.385442,127.318512,7532,0.024,0.3771,0.9077,2.16,7.0,7.0,195.1,혼합/생활형
ST0244,4362.0,4348.0,4208.0,14.0,27.0,18.0,143.0,3062.0,1162.0,1146.0,가수원동 은아아파트 3단지 육교밑(302동),서구,가수원동,36.304321,127.351054,8711,0.024,0.3795,0.9311,1.64,9.0,5.0,223.9,혼합/생활형
ST0647,2162.0,2148.0,2111.0,14.0,14.0,4.0,87.0,1549.0,429.0,562.0,가양동 대전보건대,동구,가양동,36.349253,127.451694,4311,0.024,0.277,0.9026,2.02,10.0,4.0,112.3,혼합/생활형
ST0405,1726.0,1712.0,1672.0,14.0,10.0,8.0,70.0,1254.0,543.0,418.0,구암동 현충원역 3번출구,유성구,구암동,36.359578,127.320842,3438,0.024,0.433,0.8293,2.04,2.0,12.0,89.0,혼합/생활형
ST0026,619.0,605.0,599.0,14.0,4.0,3.0,24.0,304.0,121.0,295.0,미호동 넷제로 공판장,대덕구,미호동,36.466409,127.468306,1224,0.024,0.398,2.4142,1.96,1.0,13.0,31.9,혼합/생활형
ST0568,689.0,675.0,655.0,14.0,19.0,7.0,30.0,481.0,126.0,174.0,도마동 경남아파트 1단지(3동),서구,도마동,36.320815,127.370582,1364,0.024,0.262,0.9,2.2,12.0,2.0,34.9,혼합/생활형
ST0197,10863.0,10849.0,10468.0,14.0,41.0,57.0,408.0,7696.0,3155.0,2772.0,봉명동 노브랜드 유성온천점,유성구,봉명동,36.352032,127.346343,21712,0.024,0.41,0.8961,1.88,-16.0,30.0,557.1,혼합/생활형
ST1503,862.0,848.0,842.0,14.0,16.0,6.0,40.0,657.0,248.0,185.0,삼성동 국민건강보험공단 대전동부지사,동구,삼성동,36.339783,127.419737,1710,0.024,0.3775,0.7005,2.34,10.0,4.0,44.8,혼합/생활형
ST0074,1598.0,1584.0,1553.0,14.0,15.0,8.0,93.0,1095.0,367.0,458.0,용전동 롯데하이마트 용전점,동구,용전동,36.355292,127.436636,3182,0.024,0.3352,1.0406,2.92,7.0,7.0,82.6,혼합/생활형
ST1475,389.0,375.0,381.0,14.0,11.0,1.0,12.0,245.0,97.0,136.0,관저동 관저예미지아파트 101동,서구,관저동,36.292538,127.330989,764,0.024,0.3959,1.381,1.57,10.0,4.0,20.3,판정 불가
ST0893,1013.0,1000.0,995.0,13.0,13.0,3.0,23.0,709.0,305.0,286.0,노은동 열매마을 11단지(1109동),유성구,노은동,36.364508,127.31358,2013,0.023,0.4302,1.0035,1.14,10.0,3.0,53.0,혼합/생활형
ST0947,1885.0,1872.0,1819.0,13.0,22.0,18.0,92.0,1639.0,829.0,180.0,신일동 한국장애인고용공단 대전직업능력개발원,대덕구,신일동,36.439644,127.410337,3757,0.023,0.5058,0.2732,2.45,4.0,9.0,96.8,출퇴근형
ST0278,5671.0,5658.0,5357.0,13.0,39.0,37.0,167.0,3924.0,1266.0,1433.0,관저동 관저1동 행정복지센터,서구,관저동,36.303741,127.337202,11329,0.023,0.3226,0.9085,1.47,2.0,11.0,285.1,혼합/생활형
ST0981,1844.0,1831.0,1781.0,13.0,15.0,4.0,88.0,1251.0,403.0,530.0,가양동 흥룡연립,동구,가양동,36.347812,127.446057,3675,0.023,0.3221,1.054,2.39,11.0,2.0,94.8,혼합/생활형
ST0362,12763.0,12750.0,12424.0,13.0,24.0,26.0,754.0,10258.0,4495.0,2166.0,둔산동 현대해상,서구,둔산동,36.352974,127.382773,25513,0.023,0.4382,0.5253,2.96,-2.0,15.0,661.2,출퇴근형
ST1322,1461.0,1448.0,1387.0,13.0,12.0,10.0,71.0,833.0,279.0,554.0,소제동 대전버거,동구,소제동,36.335688,127.436845,2909,0.023,0.3349,1.6546,2.44,2.0,11.0,73.8,혼합/생활형
ST0814,481.0,468.0,467.0,13.0,12.0,4.0,13.0,330.0,96.0,137.0,교촌동 진잠향교 입구,유성구,교촌동,36.302868,127.315696,950,0.023,0.2909,1.0328,1.37,8.0,5.0,24.9,판정 불가
ST1241,1176.0,1164.0,1139.0,12.0,5.0,3.0,76.0,826.0,219.0,313.0,지족동 대전 노은4단지 아파트 상가 맞은편,유성구,지족동,36.377906,127.304276,2341,0.021,0.2651,0.9427,3.25,2.0,10.0,60.6,혼합/생활형
ST0907,7439.0,7427.0,7218.0,12.0,31.0,26.0,231.0,5297.0,1880.0,1921.0,지족동 열매마을 5단지 입구,유성구,지족동,36.376106,127.318892,14866,0.021,0.3549,0.9022,1.55,5.0,7.0,384.1,혼합/생활형
ST0263,8282.0,8270.0,7906.0,12.0,40.0,43.0,275.0,5657.0,1647.0,2249.0,"관저동 신선마을 건너편(213동, 관저네거리방면)",서구,관저동,36.300367,127.335073,16552,0.021,0.2911,0.9891,1.66,-3.0,15.0,420.7,혼합/생활형
ST1201,2423.0,2411.0,2381.0,12.0,19.0,14.0,105.0,2152.0,1536.0,229.0,대화동 복합문화센터,대덕구,대화동,36.368525,127.401277,4834,0.021,0.7138,0.2647,2.17,5.0,7.0,126.7,출퇴근형
ST0758,360.0,348.0,356.0,12.0,9.0,1.0,14.0,254.0,105.0,102.0,하기동 대전송림초등학교,유성구,하기동,36.38807,127.331651,708,0.021,0.4134,0.999,1.98,8.0,4.0,18.9,판정 불가
ST1277,3238.0,3226.0,3161.0,12.0,14.0,16.0,217.0,2264.0,896.0,897.0,대사동 보문산공원오거리 보문합기도 앞,중구,대사동,36.316761,127.426277,6464,0.021,0.3958,0.9857,3.36,-2.0,14.0,168.2,혼합/생활형
ST0449,29667.0,29655.0,28865.0,12.0,82.0,82.0,1361.0,21014.0,8527.0,7851.0,만년동 초원아파트105동 육교 밑,서구,만년동,36.368247,127.379332,59322,0.021,0.4058,0.9295,2.29,0.0,12.0,1536.1,혼합/생활형
ST1420,3280.0,3268.0,3177.0,12.0,14.0,7.0,173.0,2215.0,989.0,962.0,도룡동 공동관리아파트(도룡동),유성구,도룡동,36.382287,127.37847,6548,0.021,0.4465,1.0805,2.64,7.0,5.0,169.1,혼합/생활형
ST0765,17186.0,17175.0,16648.0,11.0,53.0,57.0,758.0,12210.0,4112.0,4438.0,궁동 충남대학교(온천교 방면),유성구,궁동,36.360638,127.34379,34361,0.019,0.3368,0.9042,2.21,-4.0,15.0,886.0,혼합/생활형
ST0618,3326.0,3315.0,3213.0,11.0,14.0,10.0,161.0,2440.0,933.0,773.0,대동 펜타뷰(107동),서구,대동,36.327838,127.446551,6641,0.019,0.3824,0.7881,2.42,4.0,7.0,171.0,혼합/생활형
ST0099,3402.0,3391.0,3303.0,11.0,6.0,7.0,129.0,2559.0,1101.0,744.0,둔산동 파랑새아파트 동측입구,서구,둔산동,36.356859,127.376464,6793,0.019,0.4302,0.7233,1.9,-1.0,12.0,175.8,출퇴근형
ST0427,5606.0,5595.0,5493.0,11.0,13.0,15.0,218.0,4089.0,1720.0,1404.0,탄방동 남선공원 명성디자인기획,서구,탄방동,36.347244,127.397577,11201,0.019,0.4206,0.8542,1.95,-2.0,13.0,292.3,혼합/생활형
ST1233,572.0,561.0,554.0,11.0,9.0,4.0,47.0,360.0,115.0,194.0,갈마동 둔원초등학교,서구,갈마동,36.343237,127.374739,1133,0.019,0.3194,1.3407,4.15,5.0,6.0,29.5,판정 불가
ST0124,17777.0,17766.0,17211.0,11.0,58.0,77.0,1197.0,13005.0,5143.0,4206.0,용문동 용문역 3번출구,서구,용문동,36.337631,127.392142,35544,0.019,0.3955,0.8046,3.37,-19.0,30.0,915.9,혼합/생활형
ST0581,1949.0,1938.0,1909.0,11.0,26.0,15.0,116.0,1377.0,567.0,532.0,가오동 은어송마을 5단지 우미린 입구,동구,가오동,36.30851,127.459239,3888,0.019,0.4118,0.9612,2.98,11.0,0.0,101.6,혼합/생활형
ST0712,4609.0,4598.0,4483.0,11.0,14.0,15.0,182.0,3141.0,1266.0,1342.0,월평동 패션월드,서구,월평동,36.351202,127.351709,9207,0.019,0.4031,1.0629,1.98,-1.0,12.0,238.6,혼합/생활형
ST0861,1192.0,1181.0,1148.0,11.0,26.0,18.0,115.0,832.0,301.0,316.0,신대동 연축주공아파트 104동,대덕구,신대동,36.396576,127.422896,2373,0.019,0.3618,0.9449,4.85,8.0,3.0,61.1,혼합/생활형
ST0560,700.0,689.0,674.0,11.0,15.0,5.0,40.0,490.0,184.0,184.0,변동 수정재,서구,변동,36.329611,127.370752,1389,0.019,0.3755,0.9342,2.88,10.0,1.0,35.9,혼합/생활형
ST0808,2592.0,2581.0,2522.0,11.0,12.0,8.0,87.0,1906.0,710.0,616.0,관저동 느리울13단지 정류장(느리울12단지 방면),서구,관저동,36.296247,127.339504,5173,0.019,0.3725,0.804,1.68,4.0,7.0,134.2,혼합/생활형
ST0522,8010.0,7999.0,7790.0,11.0,49.0,43.0,337.0,6255.0,2568.0,1535.0,문화동 동산고등학교(문화1동 행정복지센터 건너편),중구,문화동,36.315135,127.40624,16009,0.019,0.4106,0.6105,2.11,6.0,5.0,414.6,출퇴근형
ST0311,621.0,610.0,604.0,11.0,26.0,17.0,23.0,554.0,248.0,50.0,신일동 국방신뢰성연구센터 정류장,대덕구,신일동,36.430332,127.412361,1231,0.019,0.4477,0.2245,1.87,9.0,2.0,32.1,출퇴근형
ST1224,1817.0,1806.0,1774.0,11.0,13.0,6.0,54.0,1296.0,338.0,478.0,관저동 구봉마을 7단지 703동,서구,관저동,36.297616,127.329522,3623,0.019,0.2608,0.9176,1.49,7.0,4.0,94.4,혼합/생활형
ST0809,4087.0,4076.0,3950.0,11.0,15.0,18.0,157.0,2776.0,800.0,1174.0,관저동 건양대병원네거리 느리울마을11단지 110동 건너편,서구,관저동,36.300119,127.340247,8163,0.019,0.2882,1.0521,1.92,-3.0,14.0,210.2,혼합/생활형
ST0726,5620.0,5609.0,5426.0,11.0,36.0,35.0,227.0,3494.0,1268.0,1932.0,신탄진동 신탄진역,대덕구,신탄진동,36.448314,127.429185,11231,0.019,0.3629,1.3756,2.02,1.0,10.0,288.8,혼합/생활형
ST0027,872.0,861.0,807.0,11.0,18.0,14.0,50.0,640.0,350.0,167.0,신탄진동 과선교 버스정류장,대덕구,신탄진동,36.442446,127.429604,1733,0.019,0.5469,0.6492,2.89,4.0,7.0,42.9,출퇴근형
ST1311,1558.0,1548.0,1497.0,10.0,14.0,7.0,110.0,1120.0,501.0,377.0,판암동 판암네거리 정류장,동구,판암동,36.317928,127.46185,3106,0.017,0.4473,0.8374,3.54,7.0,3.0,79.7,혼합/생활형
ST1221,3718.0,3708.0,3635.0,10.0,13.0,16.0,125.0,2578.0,1134.0,1057.0,노은동 대전월드컵경기장 ,유성구,노은동,36.366635,127.323791,7426,0.017,0.4399,1.02,1.68,-3.0,13.0,193.4,혼합/생활형
ST1344,10862.0,10852.0,10397.0,10.0,39.0,31.0,603.0,6982.0,2193.0,3415.0,용문동 둔산더샵엘리프 1단지,서구,용문동,36.336406,127.395805,21714,0.017,0.3141,1.2168,2.78,8.0,2.0,553.3,혼합/생활형
ST1173,4632.0,4622.0,4537.0,10.0,24.0,18.0,148.0,3426.0,1215.0,1111.0,가수원 은아아파트 5단지,서구,가수원동,36.298957,127.35609,9254,0.017,0.3546,0.8068,1.6,6.0,4.0,241.4,혼합/생활형
ST0563,506.0,496.0,498.0,10.0,14.0,5.0,23.0,367.0,109.0,131.0,도마동 경남아파트(102동),서구,도마동,36.32155,127.370012,1002,0.017,0.297,0.888,2.3,9.0,1.0,26.5,판정 불가
ST0673,3153.0,3143.0,3013.0,10.0,20.0,9.0,134.0,2161.0,985.0,852.0,가양동 아침마을 건너편(116동),동구,가양동,36.339958,127.44134,6296,0.017,0.4558,0.9808,2.13,11.0,-1.0,160.3,혼합/생활형
ST1183,9720.0,9710.0,9364.0,10.0,53.0,62.0,429.0,7161.0,2696.0,2203.0,홍도동 홍도아파트 버스정류장,동구,홍도동,36.344149,127.42768,19430,0.017,0.3765,0.7653,2.21,-9.0,19.0,498.3,혼합/생활형
ST1240,569.0,559.0,558.0,10.0,10.0,3.0,22.0,406.0,132.0,152.0,지족동 노은해랑숲마을 5단지 아파트 508동 앞,유성구,지족동,36.385763,127.304237,1128,0.017,0.3251,0.9314,1.95,7.0,3.0,29.7,판정 불가
ST1301,3242.0,3232.0,3107.0,10.0,19.0,20.0,120.0,2186.0,873.0,921.0,세천동 세천유원지 주차장,동구,세천동,36.330299,127.482754,6474,0.017,0.3994,1.0482,1.85,-1.0,11.0,165.3,혼합/생활형
ST0666,1819.0,1809.0,1785.0,10.0,14.0,5.0,105.0,1324.0,473.0,461.0,가양동 대주파크빌 정류장(103동),동구,가양동,36.342924,127.44783,3628,0.017,0.3573,0.8662,2.89,9.0,1.0,95.0,혼합/생활형
ST1314,5326.0,5316.0,5193.0,10.0,20.0,12.0,279.0,3979.0,1428.0,1214.0,자양동 행정복지센터,동구,자양동,36.335643,127.448685,10643,0.017,0.3589,0.759,2.62,8.0,2.0,276.4,혼합/생활형
ST0315,8396.0,8386.0,8157.0,10.0,44.0,57.0,375.0,6104.0,2027.0,2053.0,유천동 유천신협 본점,중구,유천동,36.318941,127.400488,16784,0.017,0.3321,0.8367,2.23,-13.0,23.0,434.1,혼합/생활형
ST0698,1009.0,999.0,992.0,10.0,5.0,4.0,49.0,707.0,216.0,285.0,덕명동 한밭대학교 미래동 후문,유성구,덕명동,36.346023,127.303663,2009,0.017,0.3055,1.0029,2.44,1.0,9.0,52.8,혼합/생활형
ST1506,1480.0,1470.0,1455.0,10.0,17.0,14.0,189.0,1043.0,168.0,412.0,부사동 한화이글스파크,중구,부사동,36.317894,127.431514,2950,0.017,0.1611,0.9827,6.41,3.0,7.0,77.4,혼합/생활형
ST1492,291.0,281.0,282.0,10.0,7.0,0.0,8.0,261.0,39.0,21.0,오정동 한남대학교 계의돈기념관,대덕구,오정동,36.356255,127.420867,572,0.017,0.1494,0.2002,1.4,7.0,3.0,15.0,판정 불가
ST0651,2248.0,2238.0,2173.0,10.0,14.0,12.0,127.0,1644.0,501.0,529.0,비래동 산림조합(비래휴플러스아파트 104동)(185),대덕구,비래동,36.355158,127.445896,4487,0.017,0.3047,0.8005,2.83,2.0,8.0,115.6,혼합/생활형
ST0053,7084.0,7074.0,6859.0,10.0,32.0,38.0,499.0,5096.0,1658.0,1763.0,판암동 판암역 4번출구,동구,판암동,36.317504,127.459849,14158,0.017,0.3254,0.8607,3.52,-6.0,16.0,365.0,혼합/생활형
ST1230,1681.0,1671.0,1629.0,10.0,18.0,14.0,73.0,1428.0,746.0,201.0,신일동 유에스티 버스정류장,대덕구,신일동,36.441238,127.400064,3352,0.017,0.5224,0.3502,2.18,4.0,6.0,86.7,출퇴근형
ST1389,1465.0,1456.0,1397.0,9.0,9.0,2.0,101.0,968.0,333.0,429.0,송촌동 송촌도서관,대덕구,송촌동,36.360139,127.440378,2921,0.016,0.344,1.1025,3.46,7.0,2.0,74.3,혼합/생활형
ST0888,10376.0,10367.0,10178.0,9.0,19.0,24.0,468.0,7591.0,2999.0,2587.0,장대동 어울림주간보호센터,유성구,장대동,36.361372,127.335949,20743,0.016,0.3951,0.8478,2.26,-5.0,14.0,541.6,혼합/생활형
ST0664,1442.0,1433.0,1388.0,9.0,15.0,8.0,80.0,1077.0,438.0,311.0,홍도동 시영아파트 1동 건너편 정류장,동구,홍도동,36.345707,127.422246,2877,0.016,0.4067,0.7184,2.78,7.0,2.0,73.9,출퇴근형
ST0905,2454.0,2445.0,2407.0,9.0,9.0,12.0,96.0,1779.0,732.0,628.0,지족동 열매마을 4단지 405동앞,유성구,지족동,36.376101,127.316167,4899,0.016,0.4115,0.8782,1.96,-3.0,12.0,128.1,혼합/생활형
ST1340,3240.0,3231.0,3160.0,9.0,13.0,8.0,134.0,2238.0,639.0,922.0,지족동 유성 선병원 (1397),유성구,지족동,36.376254,127.324995,6471,0.016,0.2855,1.0249,2.07,5.0,4.0,168.2,혼합/생활형
ST1417,1675.0,1666.0,1637.0,9.0,10.0,5.0,58.0,1265.0,439.0,372.0,지족동 지족네거리,유성구,지족동,36.375474,127.317664,3341,0.016,0.347,0.7316,1.74,5.0,4.0,87.1,혼합/생활형
ST1179,5359.0,5350.0,5217.0,9.0,24.0,23.0,307.0,4234.0,1562.0,983.0,탄방동 대전고용복지플러스센터,서구,탄방동,36.346615,127.385463,10709,0.016,0.3689,0.5776,2.87,1.0,8.0,277.6,혼합/생활형
ST1474,1079.0,1070.0,1041.0,9.0,10.0,3.0,64.0,714.0,283.0,327.0,변동 29-21,서구,변동,36.326923,127.379884,2149,0.016,0.3964,1.1394,2.98,7.0,2.0,55.4,혼합/생활형
ST0846,578.0,569.0,559.0,9.0,5.0,0.0,44.0,391.0,138.0,168.0,법동 한마음아파트 106동 건너편,대덕구,법동,36.370096,127.432297,1147,0.016,0.3529,1.0689,3.84,5.0,4.0,29.7,판정 불가
ST0557,493.0,484.0,485.0,9.0,7.0,5.0,27.0,342.0,146.0,143.0,변동 평화어린이공원,서구,변동,36.330216,127.368221,977,0.016,0.4269,1.0402,2.76,2.0,7.0,25.8,판정 불가
ST0029,1550.0,1542.0,1467.0,8.0,26.0,28.0,57.0,1153.0,674.0,314.0,오정동 한일방전,대덕구,오정동,36.352175,127.413985,3092,0.014,0.5846,0.6775,1.84,-2.0,10.0,78.1,출퇴근형
ST0114,2905.0,2897.0,2811.0,8.0,33.0,25.0,190.0,1998.0,730.0,813.0,신탄진동 동일스위트 1단지(104동),대덕구,신탄진동,36.45357,127.430378,5802,0.014,0.3654,1.0123,3.27,8.0,0.0,149.6,혼합/생활형
ST1478,332.0,324.0,329.0,8.0,8.0,2.0,17.0,215.0,78.0,114.0,관저동 원앙마을 104동,서구,관저동,36.309553,127.335225,656,0.014,0.3628,1.3191,2.59,6.0,2.0,17.5,판정 불가
ST0298,594.0,586.0,580.0,8.0,3.0,0.0,29.0,404.0,118.0,176.0,송촌동 해피존,대덕구,송촌동,36.367041,127.438405,1180,0.014,0.2921,1.0838,2.46,3.0,5.0,30.9,혼합/생활형
ST1338,1482.0,1474.0,1436.0,8.0,15.0,10.0,67.0,1077.0,486.0,359.0,성남동 성남다목적체육관,동구,성남동,36.342347,127.430995,2956,0.014,0.4513,0.8293,2.27,5.0,3.0,76.4,혼합/생활형
ST0671,3546.0,3538.0,3434.0,8.0,14.0,9.0,213.0,2428.0,896.0,1006.0,가양동 가양1동 행정복지센터,동구,가양동,36.346923,127.441359,7084,0.014,0.369,1.0308,3.01,5.0,3.0,182.7,혼합/생활형
ST0374,25817.0,25809.0,24893.0,8.0,77.0,84.0,815.0,18723.0,7720.0,6170.0,구성동 카이스트 다솜관,유성구,구성동,36.367903,127.356948,51627,0.014,0.4123,0.8198,1.58,-7.0,15.0,1324.7,혼합/생활형
ST0282,1338.0,1330.0,1287.0,8.0,15.0,8.0,57.0,885.0,263.0,402.0,관저동 대자연마을 건너편(107동),서구,관저동,36.307658,127.336754,2668,0.014,0.2972,1.1301,2.14,7.0,1.0,68.5,여가형
ST1514,575.0,567.0,552.0,8.0,5.0,4.0,29.0,362.0,149.0,190.0,문화동 한신휴플러스1단지 102동 건너편,중구,문화동,36.320073,127.407349,1142,0.014,0.4116,1.3058,2.54,1.0,7.0,29.4,판정 불가
ST0863,1050.0,1042.0,987.0,8.0,3.0,1.0,45.0,793.0,234.0,194.0,덕암동 덕암동행정복지센터,대덕구,덕암동,36.44008,127.42703,2092,0.014,0.2951,0.6086,2.15,2.0,6.0,52.5,혼합/생활형
ST0132,30845.0,30837.0,30038.0,8.0,54.0,84.0,1568.0,20132.0,7076.0,9906.0,둔산동 향촌아파트(101동),서구,둔산동,36.35227,127.376113,61686,0.014,0.3515,1.2241,2.54,-30.0,38.0,1598.5,혼합/생활형
ST0495,1594.0,1586.0,1541.0,8.0,11.0,9.0,43.0,1063.0,346.0,478.0,산성동 산성네거리 김밥친구 건너편,중구,산성동,36.302865,127.386362,3180,0.014,0.3255,1.1187,1.35,2.0,6.0,82.0,혼합/생활형
ST0090,2341.0,2333.0,2272.0,8.0,20.0,10.0,76.0,1611.0,448.0,661.0,덕명동 하우스토리 정류장,유성구,덕명동,36.358214,127.30399,4674,0.014,0.2781,1.0208,1.63,10.0,-2.0,120.9,혼합/생활형
ST1491,162.0,154.0,157.0,8.0,8.0,0.0,6.0,118.0,19.0,39.0,오정동 한남대학교 정성균선교관,대덕구,오정동,36.35397,127.423145,316,0.014,0.161,0.8222,1.9,8.0,0.0,8.4,판정 불가
ST0368,4101.0,4093.0,4005.0,8.0,9.0,4.0,192.0,3639.0,523.0,366.0,궁동 충남대학교 인문대학,유성구,궁동,36.368768,127.341742,8194,0.014,0.1437,0.2502,2.34,5.0,3.0,213.1,혼합/생활형
ST1490,559.0,551.0,534.0,8.0,8.0,1.0,26.0,473.0,72.0,61.0,오정동 한남대학교 중앙박물관,대덕구,오정동,36.354658,127.421903,1113,0.014,0.1522,0.3208,2.34,7.0,1.0,28.4,판정 불가
ST0268,1521.0,1513.0,1484.0,8.0,13.0,9.0,39.0,1096.0,362.0,388.0,"관저동 구봉마을 8단지 정류장(814동, 33420)",서구,관저동,36.298805,127.332188,3034,0.014,0.3303,0.8807,1.29,4.0,4.0,79.0,혼합/생활형
ST0363,9665.0,9657.0,9342.0,8.0,32.0,33.0,484.0,7994.0,2926.0,1348.0,둔산동 을지대학병원,서구,둔산동,36.355597,127.382751,19322,0.014,0.366,0.4195,2.5,-1.0,9.0,497.2,혼합/생활형
ST0720,6468.0,6460.0,6234.0,8.0,24.0,22.0,309.0,4718.0,1724.0,1516.0,원동 대흥교 원동네거리 방면,동구,원동,36.326169,127.433233,12928,0.014,0.3654,0.7994,2.39,2.0,6.0,331.8,혼합/생활형
ST0513,2705.0,2697.0,2639.0,8.0,10.0,5.0,124.0,2118.0,719.0,521.0,문화동 서대전네거리역7번출구,중구,문화동,36.322234,127.413078,5402,0.014,0.3395,0.612,2.3,5.0,3.0,140.4,혼합/생활형
ST0719,1012.0,1004.0,989.0,8.0,8.0,3.0,55.0,702.0,238.0,287.0,갈마동 굿에프터눈안경원,서구,갈마동,36.342224,127.371818,2016,0.014,0.339,1.0171,2.73,5.0,3.0,52.6,혼합/생활형
ST0902,3294.0,3287.0,3233.0,7.0,20.0,9.0,87.0,2262.0,747.0,971.0,노은동 열매마을 9단지 입구,유성구,노은동,36.372076,127.321571,6581,0.012,0.3302,1.0679,1.32,11.0,-4.0,172.0,혼합/생활형
ST0517,1808.0,1801.0,1754.0,7.0,3.0,5.0,81.0,1367.0,422.0,387.0,대흥동 성사진관,중구,대흥동,36.319981,127.420017,3609,0.012,0.3087,0.7043,2.24,-2.0,9.0,93.3,혼합/생활형
ST0258,5359.0,5352.0,5180.0,7.0,26.0,32.0,209.0,3612.0,1177.0,1568.0,관저동 하이존 상가,서구,관저동,36.299156,127.340093,10711,0.012,0.3259,1.08,1.95,-6.0,13.0,275.7,혼합/생활형
ST0355,7238.0,7231.0,7041.0,7.0,19.0,27.0,355.0,4921.0,1879.0,2120.0,대흥동 대흥네거리 DS평생교육원,중구,대흥동,36.32479,127.429245,14469,0.012,0.3818,1.0718,2.45,-8.0,15.0,374.7,혼합/생활형
ST1363,4902.0,4895.0,4787.0,7.0,21.0,19.0,383.0,3645.0,1607.0,1142.0,둔산동 정부청사역 2번출구,서구,둔산동,36.357439,127.380666,9797,0.012,0.4409,0.7794,3.91,2.0,5.0,254.7,출퇴근형
ST0042,11615.0,11608.0,11229.0,7.0,94.0,96.0,491.0,8854.0,3387.0,2375.0,오류동 하나은행,중구,오류동,36.326435,127.407365,23223,0.012,0.3825,0.6673,2.11,-2.0,9.0,597.6,혼합/생활형
ST1149,2780.0,2773.0,2641.0,7.0,13.0,17.0,120.0,1997.0,902.0,644.0,성남동 스마트뷰(112동),동구,성남동,36.342341,127.43451,5554,0.012,0.4517,0.8023,2.16,-4.0,11.0,140.5,혼합/생활형
ST1293,2308.0,2301.0,2245.0,7.0,9.0,7.0,108.0,1696.0,650.0,549.0,성남동 효촌마을 앞,동구,성남동,36.3457,127.433259,4609,0.012,0.3833,0.8053,2.34,2.0,5.0,119.5,혼합/생활형
ST1255,1151.0,1144.0,1094.0,7.0,10.0,7.0,59.0,730.0,274.0,364.0,소제동 현대카크리닉 앞,동구,소제동,36.331999,127.440474,2295,0.012,0.3753,1.2405,2.57,3.0,4.0,58.2,혼합/생활형
ST0845,2049.0,2042.0,1982.0,7.0,9.0,17.0,130.0,1291.0,475.0,691.0,법동 한마음아파트 상가동,대덕구,법동,36.370752,127.431236,4091,0.012,0.3679,1.3316,3.18,-8.0,15.0,105.5,혼합/생활형
ST1464,437.0,430.0,425.0,7.0,7.0,1.0,18.0,243.0,105.0,182.0,소제동 동서교(소제동 카페거리 입구),동구,소제동,36.333487,127.438353,867,0.012,0.4321,1.8633,2.08,6.0,1.0,22.6,판정 불가
ST1212,7362.0,7355.0,7155.0,7.0,21.0,23.0,301.0,5192.0,1849.0,1963.0,지족동 뚜레쥬르 노은호반점,유성구,지족동,36.386935,127.316086,14717,0.012,0.3561,0.9406,2.05,-2.0,9.0,380.8,혼합/생활형
ST0334,2271.0,2264.0,2227.0,7.0,17.0,10.0,61.0,1631.0,622.0,596.0,노은동 피자헛,유성구,노은동,36.372077,127.317515,4535,0.012,0.3814,0.9091,1.35,7.0,0.0,118.5,혼합/생활형
ST0856,1256.0,1249.0,1207.0,7.0,27.0,27.0,67.0,895.0,437.0,312.0,읍내동 회덕유래비 건너편 정류장,대덕구,읍내동,36.376853,127.420782,2505,0.012,0.4883,0.8673,2.67,0.0,7.0,64.2,혼합/생활형
ST1369,1582.0,1575.0,1524.0,7.0,18.0,9.0,91.0,1109.0,479.0,415.0,목동 올리브힐 아파트,중구,목동,36.337524,127.404498,3157,0.012,0.4319,0.931,2.88,9.0,-2.0,81.1,혼합/생활형
ST0645,3117.0,3110.0,3000.0,7.0,25.0,32.0,155.0,2292.0,1007.0,708.0,삼성동 삼성신협 본점,동구,삼성동,36.34017,127.426522,6227,0.012,0.4394,0.7685,2.49,-7.0,14.0,159.7,출퇴근형
ST1038,17256.0,17249.0,16714.0,7.0,21.0,41.0,813.0,11571.0,4802.0,5143.0,둔산동 둔산여고,서구,둔산동,36.352995,127.374385,34506,0.012,0.415,1.1058,2.36,-20.0,27.0,889.5,혼합/생활형
ST1496,240.0,233.0,239.0,7.0,10.0,0.0,18.0,201.0,107.0,38.0,대화동 세원화성 정류장(동아교재 방면),대덕구,대화동,36.371915,127.412274,473,0.012,0.5323,0.4703,3.81,10.0,-3.0,12.7,판정 불가
ST0824,884.0,877.0,853.0,7.0,6.0,4.0,33.0,601.0,178.0,252.0,정림동 삼성자동차운전전문학원 건너편,서구,정림동,36.302313,127.369511,1761,0.012,0.2962,1.0431,1.87,2.0,5.0,45.4,혼합/생활형
ST0177,2771.0,2764.0,2712.0,7.0,42.0,38.0,107.0,1931.0,694.0,781.0,하기동 송림마을 1단지(101동),유성구,하기동,36.388078,127.319753,5535,0.012,0.3594,1.0062,1.93,4.0,3.0,144.3,혼합/생활형
ST0550,2399.0,2392.0,2356.0,7.0,12.0,8.0,92.0,1844.0,535.0,512.0,대흥동 대전시 노인복지관,중구,대흥동,36.320702,127.420424,4791,0.012,0.2901,0.6908,1.92,4.0,3.0,125.4,혼합/생활형
ST1466,234.0,227.0,229.0,7.0,3.0,1.0,11.0,168.0,41.0,61.0,대성동 파스쿠찌 남대전DT점,동구,대성동,36.291036,127.462686,461,0.012,0.244,0.9033,2.39,2.0,5.0,12.2,판정 불가
ST1056,35860.0,35853.0,34531.0,7.0,37.0,67.0,1208.0,25012.0,10185.0,9519.0,월평동 백합네거리,서구,월평동,36.362352,127.376361,71713,0.012,0.4072,0.9468,1.68,-30.0,37.0,1837.6,혼합/생활형
ST1306,12020.0,12013.0,11563.0,7.0,88.0,104.0,748.0,8544.0,4133.0,3019.0,용두동 하늘채엘센트로,중구,용두동,36.333567,127.402534,24033,0.012,0.4837,0.8791,3.11,-16.0,23.0,615.3,혼합/생활형
ST0637,792.0,785.0,762.0,7.0,22.0,18.0,35.0,597.0,215.0,165.0,인동네거리,동구,인동,36.321923,127.438047,1577,0.012,0.3601,0.6876,2.22,4.0,3.0,40.6,혼합/생활형
ST0538,8443.0,8436.0,8078.0,7.0,99.0,108.0,463.0,6563.0,2460.0,1515.0,용두동 희영빌딩,중구,용두동,36.326642,127.407761,16879,0.012,0.3748,0.5743,2.74,-9.0,16.0,429.9,혼합/생활형
ST0691,3140.0,3133.0,3046.0,7.0,21.0,14.0,188.0,2441.0,1013.0,605.0,탄방역 3번출구,서구,탄방동,36.345641,127.384818,6273,0.012,0.415,0.6166,3.0,7.0,0.0,162.1,출퇴근형
ST1504,1357.0,1350.0,1318.0,7.0,11.0,5.0,102.0,1015.0,374.0,303.0,용두동 골든타워,중구,용두동,36.324328,127.410533,2707,0.012,0.3685,0.7427,3.77,6.0,1.0,70.1,혼합/생활형
ST0423,1188.0,1182.0,1146.0,6.0,3.0,6.0,65.0,612.0,202.0,534.0,삼정동 삼정삼거리,대덕구,삼정동,36.449595,127.456612,2370,0.01,0.3301,2.1707,2.74,-3.0,9.0,61.0,혼합/생활형
ST0575,2074.0,2068.0,2017.0,6.0,15.0,16.0,168.0,1472.0,642.0,545.0,가오동 킹스 불가마사우나,동구,가오동,36.30941,127.455016,4142,0.01,0.4361,0.9211,4.06,-1.0,7.0,107.3,혼합/생활형
ST0475,1624.0,1618.0,1584.0,6.0,24.0,23.0,46.0,1187.0,407.0,397.0,관저동 구봉마을 8단지(805동),서구,관저동,36.296389,127.3314,3242,0.01,0.3429,0.8321,1.42,1.0,5.0,84.3,혼합/생활형
ST1156,516.0,510.0,505.0,6.0,7.0,4.0,22.0,367.0,131.0,138.0,성남동 효촌마을 건너편,동구,성남동,36.345419,127.433031,1026,0.01,0.3569,0.9355,2.14,3.0,3.0,26.9,판정 불가
ST0089,773.0,767.0,750.0,6.0,6.0,5.0,20.0,643.0,151.0,107.0,덕명동 한밭대학교 학생동아리관,유성구,덕명동,36.354468,127.30122,1540,0.01,0.2348,0.414,1.3,1.0,5.0,39.9,혼합/생활형
ST1176,1280.0,1274.0,1240.0,6.0,5.0,2.0,65.0,931.0,299.0,309.0,가양동 올댓,동구,가양동,36.346604,127.4447,2554,0.01,0.3212,0.8257,2.55,3.0,3.0,66.0,혼합/생활형
ST0975,471.0,465.0,458.0,6.0,8.0,2.0,25.0,323.0,93.0,135.0,비래동 청송빌딩,대덕구,비래동,36.359322,127.448372,936,0.01,0.2879,1.0398,2.67,6.0,0.0,24.4,판정 불가
ST0571,834.0,828.0,810.0,6.0,4.0,0.0,35.0,710.0,116.0,100.0,대별동 대전운전면허시험장,동구,대별동,36.286054,127.462647,1662,0.01,0.1634,0.3504,2.11,4.0,2.0,43.1,혼합/생활형
ST0811,636.0,630.0,602.0,6.0,8.0,1.0,27.0,457.0,159.0,145.0,관저동 진잠네거리 구봉마을 7단지 방면,서구,관저동,36.298427,127.32464,1266,0.01,0.3479,0.7893,2.13,7.0,-1.0,32.0,혼합/생활형
ST0778,1349.0,1343.0,1321.0,6.0,4.0,4.0,103.0,908.0,352.0,413.0,원신흥동 도안휴먼시아10단지아파트 1001동,유성구,원신흥동,36.33838,127.340334,2692,0.01,0.3877,1.1316,3.83,0.0,6.0,70.3,혼합/생활형
ST0898,523.0,517.0,514.0,6.0,8.0,1.0,14.0,346.0,124.0,168.0,노은동 노은카운티스(103동),유성구,노은동,36.370716,127.315502,1040,0.01,0.3584,1.208,1.35,7.0,-1.0,27.4,판정 불가
ST1357,2391.0,2385.0,2336.0,6.0,10.0,9.0,174.0,1750.0,699.0,586.0,둔산동 샘머리공원(동측),서구,둔산동,36.356726,127.386583,4776,0.01,0.3994,0.8331,3.64,1.0,5.0,124.3,혼합/생활형
ST0489,3791.0,3785.0,3712.0,6.0,18.0,17.0,125.0,2666.0,911.0,1046.0,문화동 한밭우성아파트 입구 ,중구,문화동,36.312498,127.408487,7576,0.01,0.3417,0.9761,1.65,1.0,5.0,197.5,혼합/생활형
ST0480,2009.0,2003.0,1953.0,6.0,23.0,16.0,130.0,1520.0,798.0,433.0,대화동 오광무지개아파트 3가,대덕구,대화동,36.36456,127.410347,4012,0.01,0.525,0.7087,3.24,7.0,-1.0,103.9,출퇴근형
ST0652,2277.0,2271.0,2224.0,6.0,12.0,10.0,107.0,1626.0,566.0,598.0,비래동 삼호아파트 정류장(1동),대덕구,비래동,36.354285,127.448134,4548,0.01,0.3481,0.9149,2.35,2.0,4.0,118.4,혼합/생활형
ST0848,700.0,694.0,689.0,6.0,3.0,0.0,34.0,488.0,270.0,201.0,송촌동성당 건너편 정류장,대덕구,송촌동,36.36218,127.444977,1394,0.01,0.5533,1.0247,2.44,3.0,3.0,36.7,혼합/생활형
ST0883,1774.0,1769.0,1729.0,5.0,8.0,7.0,59.0,1246.0,517.0,483.0,도마동 띠울석갈비 정류장,서구,도마동,36.310334,127.372706,3544,0.009,0.4149,0.9644,1.67,1.0,4.0,92.0,혼합/생활형
ST1080,7515.0,7510.0,7299.0,5.0,10.0,24.0,375.0,6178.0,2424.0,1121.0,둔산동 대전근로자종합복지회관,서구,둔산동,36.354377,127.382757,15025,0.009,0.3924,0.4514,2.5,-14.0,19.0,388.4,혼합/생활형
ST0620,616.0,611.0,587.0,5.0,4.0,2.0,29.0,431.0,138.0,156.0,용운동 빅하우스 빌라 정류장,동구,용운동,36.337688,127.457219,1227,0.009,0.3202,0.9005,2.36,2.0,3.0,31.2,혼합/생활형
ST0818,1838.0,1833.0,1769.0,5.0,9.0,7.0,64.0,1214.0,327.0,555.0,관저동 원앙네거리 구봉신협 원앙지점,서구,관저동,36.308082,127.336445,3671,0.009,0.2694,1.1373,1.74,2.0,3.0,94.1,여가형
ST0437,4806.0,4801.0,4661.0,5.0,27.0,28.0,286.0,3961.0,1232.0,700.0,둔산동 대전가정법원 입구,서구,둔산동,36.352751,127.386565,9607,0.009,0.311,0.4397,2.98,-1.0,6.0,248.0,혼합/생활형
ST0086,513.0,508.0,506.0,5.0,0.0,1.0,17.0,346.0,92.0,160.0,덕명동 유성숲오투그란데 3차(501동),유성구,덕명동,36.346314,127.30098,1021,0.009,0.2659,1.1504,1.67,-1.0,6.0,26.9,판정 불가
ST1370,1105.0,1100.0,1077.0,5.0,17.0,12.0,44.0,789.0,249.0,288.0,안영동 안영생활체육단지,중구,안영동,36.285343,127.37465,2205,0.009,0.3156,0.9081,2.0,5.0,0.0,57.3,혼합/생활형
ST0783,668.0,663.0,653.0,5.0,8.0,5.0,15.0,492.0,174.0,161.0,도안동 도안숲소공원,서구,도안동,36.319178,127.342418,1331,0.009,0.3537,0.8141,1.13,3.0,2.0,34.8,혼합/생활형
ST0196,11839.0,11834.0,11430.0,5.0,43.0,59.0,441.0,8560.0,3233.0,2870.0,봉명동 유성온천역 1번출구,유성구,봉명동,36.353291,127.342098,23673,0.009,0.3777,0.8341,1.86,-16.0,21.0,608.3,혼합/생활형
ST0927,3595.0,3590.0,3499.0,5.0,17.0,12.0,129.0,3113.0,1804.0,386.0,관평동 한밭대학교 대덕산학융합캠퍼스,유성구,관평동,36.428228,127.395161,7185,0.009,0.5795,0.3085,1.8,5.0,0.0,186.2,출퇴근형
ST1253,1199.0,1194.0,1136.0,5.0,14.0,7.0,38.0,692.0,221.0,444.0,산성동 공원아파트 입구,중구,산성동,36.305469,127.3961,2393,0.009,0.3194,1.5962,1.59,7.0,-2.0,60.5,혼합/생활형
ST0966,579.0,574.0,570.0,5.0,11.0,6.0,41.0,405.0,139.0,165.0,송촌동 선비마을 4단지(403동),대덕구,송촌동,36.367487,127.442352,1153,0.009,0.3432,1.0136,3.56,5.0,0.0,30.3,혼합/생활형
ST0261,3775.0,3770.0,3639.0,5.0,29.0,33.0,129.0,2596.0,884.0,1043.0,관저동 건양대병원네거리 정류장(느리울12단지 방면)(33590),서구,관저동,36.301894,127.340429,7545,0.009,0.3405,0.9995,1.71,-4.0,9.0,193.7,혼합/생활형
ST0784,948.0,943.0,927.0,5.0,9.0,5.0,34.0,696.0,252.0,231.0,도안동 계룡리슈빌 1703동 건너편,서구,도안동,36.315809,127.345318,1891,0.009,0.3621,0.8257,1.8,4.0,1.0,49.3,혼합/생활형
ST1041,25160.0,25155.0,24029.0,5.0,125.0,126.0,1548.0,17627.0,6650.0,6402.0,둔산동 둔산청솔아파트(9동),서구,둔산동,36.351335,127.398595,50315,0.009,0.3773,0.9036,3.08,-1.0,6.0,1278.7,혼합/생활형
ST0499,1448.0,1443.0,1407.0,5.0,14.0,6.0,46.0,991.0,265.0,416.0,산성동 도림빌라,중구,산성동,36.301836,127.387322,2891,0.009,0.2674,1.0443,1.59,8.0,-3.0,74.9,혼합/생활형
ST1119,1530.0,1525.0,1486.0,5.0,10.0,7.0,102.0,1150.0,395.0,336.0,비래동 대전IC 한전KDN충청지역본부,대덕구,비래동,36.354764,127.444435,3055,0.009,0.3435,0.7269,3.34,3.0,2.0,79.1,혼합/생활형
ST0993,2006.0,2001.0,1930.0,5.0,12.0,9.0,81.0,1302.0,584.0,628.0,추목동 자운대 8단지(812동),유성구,추목동,36.41465,127.344156,4007,0.009,0.4485,1.2,2.02,3.0,2.0,102.7,혼합/생활형
ST1394,647.0,642.0,624.0,5.0,16.0,15.0,41.0,458.0,216.0,166.0,와동 지도표성경김,대덕구,와동,36.411422,127.424534,1289,0.009,0.4716,0.9017,3.18,1.0,4.0,33.2,혼합/생활형
ST1454,192.0,187.0,190.0,5.0,5.0,0.0,15.0,126.0,48.0,64.0,천동 구세군 참사랑교회 건너편,동구,천동,36.311541,127.443934,379,0.009,0.381,1.2636,3.96,5.0,0.0,10.1,판정 불가
ST1335,520.0,515.0,510.0,5.0,4.0,3.0,35.0,401.0,222.0,109.0,삼정동 판암차량기지(삼정동방면),동구,삼정동,36.319817,127.471062,1035,0.009,0.5536,0.6762,3.38,1.0,4.0,27.1,판정 불가
ST0266,3033.0,3028.0,2872.0,5.0,21.0,23.0,100.0,2040.0,603.0,832.0,관저동 행복자전거협동조합 건너편,서구,관저동,36.299139,127.339037,6061,0.009,0.2956,1.0146,1.65,-2.0,7.0,152.8,혼합/생활형
ST1342,6710.0,6705.0,6487.0,5.0,26.0,26.0,338.0,5407.0,2057.0,1080.0,구성동 카이스트 교육지원동,유성구,구성동,36.369807,127.36019,13415,0.009,0.3804,0.4969,2.52,0.0,5.0,345.2,혼합/생활형
ST1062,8795.0,8790.0,8532.0,5.0,72.0,82.0,478.0,6318.0,2426.0,2214.0,내동네거리,서구,변동,36.330812,127.377007,17585,0.009,0.384,0.8718,2.72,-10.0,15.0,454.0,혼합/생활형
ST0579,864.0,859.0,833.0,5.0,9.0,8.0,65.0,644.0,257.0,189.0,가오동 가오30호 어린이공원,동구,가오동,36.310788,127.456258,1723,0.009,0.3991,0.7301,3.77,1.0,4.0,44.3,혼합/생활형
ST0802,647.0,642.0,635.0,5.0,6.0,1.0,13.0,424.0,116.0,211.0,관저동 관저LH천년나무1단지아파트 정문 입구,서구,관저동,36.293739,127.343608,1289,0.009,0.2736,1.238,1.01,5.0,0.0,33.8,여가형
ST0801,626.0,621.0,601.0,5.0,5.0,6.0,16.0,474.0,237.0,127.0,관저동 관저어반힐스아파트 501동,서구,관저동,36.295775,127.343984,1247,0.009,0.5,0.6666,1.28,-1.0,6.0,32.0,출퇴근형
ST0308,1083.0,1079.0,1037.0,4.0,10.0,8.0,48.0,954.0,671.0,83.0,상서동 대창아파트 입구,대덕구,상서동,36.425959,127.425862,2162,0.007,0.7034,0.2164,2.22,2.0,2.0,55.2,출퇴근형
ST1298,791.0,787.0,757.0,4.0,8.0,6.0,38.0,538.0,243.0,219.0,상서동 대전상서 행복주택,대덕구,상서동,36.423587,127.425142,1578,0.007,0.4517,1.0127,2.41,2.0,2.0,40.3,혼합/생활형
ST0859,1446.0,1442.0,1415.0,4.0,5.0,7.0,91.0,1091.0,388.0,324.0,읍내동 회덕농협 건너편,대덕구,읍내동,36.379356,127.426807,2888,0.007,0.3556,0.7388,3.15,-2.0,6.0,75.3,혼합/생활형
ST1245,1271.0,1267.0,1220.0,4.0,8.0,8.0,61.0,908.0,238.0,312.0,복용동 이마트 24 대전복용점 옆,유성구,복용동,36.341983,127.314006,2538,0.007,0.2621,0.8548,2.4,0.0,4.0,64.9,혼합/생활형
ST1362,6578.0,6574.0,6430.0,4.0,11.0,18.0,600.0,4604.0,1496.0,1826.0,둔산동 은하수네거리 정류장(파랑새네거리방면),서구,둔산동,36.350064,127.378011,13152,0.007,0.3249,0.9867,4.56,-7.0,11.0,342.2,혼합/생활형
ST0653,269.0,265.0,266.0,4.0,3.0,1.0,8.0,189.0,61.0,77.0,비래동 금성백조 1차 입구 정류장,대덕구,비래동,36.356287,127.454745,535,0.007,0.3228,1.0136,1.5,2.0,2.0,14.2,판정 불가
ST0933,505.0,501.0,490.0,4.0,9.0,7.0,28.0,371.0,119.0,119.0,낭월동 남대전 이편한세상 입구 정류장,동구,낭월동,36.280439,127.468131,1006,0.007,0.3208,0.798,2.78,2.0,2.0,26.1,판정 불가
ST0844,500.0,496.0,485.0,4.0,6.0,2.0,26.0,320.0,125.0,165.0,송촌동 송촌컨벤션센터 건너편,대덕구,송촌동,36.365833,127.43692,996,0.007,0.3906,1.2828,2.61,4.0,0.0,25.8,판정 불가
ST1498,219.0,215.0,216.0,4.0,2.0,0.0,11.0,141.0,41.0,75.0,산성동 산성시장 정류장(산성동 새마을회관 방면),중구,산성동,36.305214,127.388659,435,0.007,0.2908,1.3233,2.53,2.0,2.0,11.5,판정 불가
ST0621,520.0,516.0,506.0,4.0,9.0,3.0,26.0,351.0,112.0,155.0,용운동 연광사 건너편 정류장,동구,용운동,36.332882,127.453455,1036,0.007,0.3191,1.0986,2.51,6.0,-2.0,26.9,판정 불가
ST0920,1231.0,1227.0,1218.0,4.0,8.0,3.0,79.0,925.0,385.0,293.0,도룡동 LG화학 사원아파트,유성구,도룡동,36.386808,127.377847,2458,0.007,0.4162,0.788,3.21,5.0,-1.0,64.8,출퇴근형
ST1392,3133.0,3129.0,3066.0,4.0,13.0,11.0,192.0,2206.0,1052.0,860.0,중리동 영진로얄아파트 정류장,대덕구,중리동,36.36174,127.421551,6263,0.007,0.4769,0.9699,3.07,2.0,2.0,163.2,혼합/생활형
ST0638,2138.0,2134.0,2084.0,4.0,14.0,9.0,80.0,1610.0,496.0,474.0,인동 하나은행,동구,인동,36.321993,127.437513,4272,0.007,0.3081,0.7324,1.87,5.0,-1.0,110.9,혼합/생활형
ST0840,1091.0,1087.0,1047.0,4.0,12.0,10.0,58.0,798.0,263.0,249.0,중리동 중리중학교 입구 정류장,대덕구,중리동,36.366696,127.429898,2178,0.007,0.3296,0.7763,2.66,2.0,2.0,55.7,혼합/생활형
ST0371,379.0,375.0,365.0,4.0,3.0,1.0,17.0,249.0,90.0,116.0,덕명동 한밭대학교 학생생활관 목련화동,유성구,덕명동,36.345701,127.304726,754,0.007,0.3614,1.159,2.25,2.0,2.0,19.4,판정 불가
ST1222,2960.0,2956.0,2795.0,4.0,9.0,10.0,176.0,2246.0,772.0,549.0,신흥동시외버스정류장,동구,신흥동,36.323421,127.445357,5916,0.007,0.3437,0.6081,2.97,-1.0,5.0,148.7,혼합/생활형
ST1512,194.0,190.0,191.0,4.0,3.0,0.0,9.0,132.0,49.0,59.0,문화동 한밭도서관 후문 정류장(한밭도서관 방면),중구,문화동,36.310257,127.411152,384,0.007,0.3712,1.112,2.34,3.0,1.0,10.2,판정 불가
ST0520,2357.0,2353.0,2258.0,4.0,7.0,8.0,91.0,1762.0,740.0,496.0,문화동 센트럴파크 2단지(209동),중구,문화동,36.316509,127.409984,4710,0.007,0.42,0.7003,1.93,-1.0,5.0,120.2,출퇴근형
ST0191,46574.0,46570.0,44925.0,4.0,107.0,154.0,1821.0,29909.0,11422.0,15016.0,어은동 유성구청,유성구,어은동,36.361701,127.357402,93146,0.007,0.3819,1.249,1.96,-47.0,51.0,2390.8,혼합/생활형
ST0890,4349.0,4345.0,4212.0,4.0,22.0,18.0,153.0,3096.0,1214.0,1116.0,죽동 군량들어린이공원 입구,유성구,죽동,36.369687,127.334562,8694,0.007,0.3921,0.8968,1.76,4.0,0.0,224.1,혼합/생활형
ST0095,7366.0,7362.0,7092.0,4.0,23.0,27.0,339.0,4850.0,1904.0,2242.0,갈마동 갈마역 1번출구,서구,갈마동,36.357284,127.372839,14728,0.007,0.3926,1.15,2.3,-4.0,8.0,377.4,혼합/생활형
ST0943,1313.0,1309.0,1250.0,4.0,14.0,13.0,56.0,885.0,387.0,365.0,봉산동 휴먼시아 상가 정류장,유성구,봉산동,36.438033,127.384814,2622,0.007,0.4373,1.026,2.14,1.0,3.0,66.5,혼합/생활형
ST0310,648.0,644.0,633.0,4.0,4.0,2.0,48.0,513.0,84.0,120.0,송촌동 대양어린이공원,대덕구,송촌동,36.361713,127.439411,1292,0.007,0.1637,0.5819,3.72,2.0,2.0,33.7,혼합/생활형
ST0251,3065.0,3061.0,2939.0,4.0,11.0,13.0,100.0,2096.0,688.0,843.0,관저동 남대전농협 하나로마트,서구,관저동,36.2968,127.335952,6126,0.007,0.3282,1.0006,1.63,-2.0,6.0,156.4,혼합/생활형
ST0837,365.0,361.0,355.0,4.0,7.0,5.0,22.0,245.0,94.0,110.0,중리동 반도정형외과 중리네거리 방면 정류장,대덕구,중리동,36.362967,127.430925,726,0.007,0.3837,1.117,3.03,2.0,2.0,18.9,판정 불가
ST1407,2937.0,2934.0,2862.0,3.0,11.0,6.0,170.0,2105.0,671.0,757.0,용계동 도안네거리,유성구,용계동,36.331877,127.333174,5871,0.005,0.3188,0.8947,2.9,5.0,-2.0,152.3,혼합/생활형
ST0595,880.0,877.0,839.0,3.0,8.0,10.0,58.0,602.0,186.0,237.0,대성동 현대무역 정류장,동구,대성동,36.295958,127.459822,1758,0.005,0.309,0.9794,3.3,-2.0,5.0,44.6,혼합/생활형
ST0636,954.0,951.0,920.0,3.0,10.0,8.0,51.0,646.0,231.0,274.0,인동네거리 일육우드,동구,인동,36.321705,127.438225,1905,0.005,0.3576,1.0552,2.68,2.0,1.0,49.0,혼합/생활형
ST1447,755.0,752.0,744.0,3.0,2.0,1.0,35.0,428.0,125.0,316.0,원신흥동 LH 대전에너지사업단,유성구,원신흥동,36.332581,127.347761,1507,0.005,0.2921,1.8368,2.32,1.0,2.0,39.6,여가형
ST1202,5996.0,5993.0,5773.0,3.0,16.0,21.0,293.0,4246.0,1516.0,1527.0,용전동 한숲아파트(101동),동구,용전동,36.355399,127.427743,11989,0.005,0.357,0.8947,2.44,-5.0,8.0,307.2,혼합/생활형
ST1122,821.0,818.0,783.0,3.0,16.0,13.0,62.0,579.0,195.0,204.0,낭월동 오투그란데 107동 건너편,동구,낭월동,36.285324,127.465609,1639,0.005,0.3368,0.8765,3.78,3.0,0.0,41.7,혼합/생활형
ST1460,312.0,309.0,307.0,3.0,2.0,0.0,18.0,214.0,82.0,93.0,판암동 판암근린공원 정류장 (신흥역 방면),동구,판암동,36.318023,127.452778,621,0.005,0.3832,1.0811,2.9,2.0,1.0,16.3,판정 불가
ST1170,265.0,262.0,261.0,3.0,1.0,1.0,13.0,187.0,73.0,74.0,목동 현대아파트,중구,목동,36.328182,127.413813,527,0.005,0.3904,0.9845,2.47,0.0,3.0,13.9,판정 불가
ST0860,919.0,916.0,900.0,3.0,5.0,6.0,77.0,658.0,230.0,242.0,읍내동 보도육교 아래(법동 방면),대덕구,읍내동,36.377508,127.426867,1835,0.005,0.3495,0.915,4.2,-1.0,4.0,47.9,혼합/생활형
ST1000,2321.0,2318.0,2250.0,3.0,41.0,39.0,111.0,1623.0,570.0,627.0,옥계동 솔빛아파트,중구,옥계동,36.299145,127.454534,4639,0.005,0.3512,0.9611,2.39,2.0,1.0,119.7,혼합/생활형
ST1218,1066.0,1063.0,1038.0,3.0,7.0,8.0,69.0,847.0,225.0,191.0,송촌동 적십자 버스정류장,대덕구,송촌동,36.352955,127.442832,2129,0.005,0.2656,0.561,3.24,-1.0,4.0,55.2,혼합/생활형
ST0541,3738.0,3735.0,3588.0,3.0,5.0,6.0,161.0,2732.0,990.0,856.0,대흥동 대고오거리 피자2001,중구,대흥동,36.322846,127.422736,7474,0.005,0.3624,0.7795,2.15,-1.0,4.0,190.9,혼합/생활형
ST0895,1691.0,1688.0,1660.0,3.0,6.0,4.0,39.0,1204.0,506.0,456.0,노은동 농수산물도매시장 건너편 정류장(노은로 방면),유성구,노은동,36.364207,127.317543,3379,0.005,0.4203,0.9422,1.15,2.0,1.0,88.3,혼합/생활형
ST1327,544.0,541.0,535.0,3.0,1.0,2.0,29.0,403.0,164.0,132.0,판암동 성당(용운국제수영장 방면),동구,판암동,36.319609,127.461857,1085,0.005,0.4069,0.8149,2.67,-1.0,4.0,28.5,판정 불가
ST0293,2651.0,2648.0,2569.0,3.0,14.0,13.0,168.0,1941.0,719.0,628.0,법동 대전중앙병원,대덕구,법동,36.367583,127.429641,5299,0.005,0.3704,0.8049,3.17,1.0,2.0,136.7,혼합/생활형
ST0127,15750.0,15747.0,15254.0,3.0,56.0,81.0,1086.0,11537.0,4610.0,3717.0,탄방동 롯데백화점 건너편 골드뱅크,서구,탄방동,36.341391,127.389783,31497,0.005,0.3996,0.8015,3.45,-25.0,28.0,811.8,혼합/생활형
ST1305,1086.0,1083.0,1070.0,3.0,7.0,7.0,34.0,759.0,345.0,311.0,문화동 극동아파트(104동),중구,문화동,36.305947,127.403693,2169,0.005,0.4545,1.0194,1.57,0.0,3.0,56.9,혼합/생활형
ST1471,1053.0,1050.0,1015.0,3.0,6.0,4.0,47.0,745.0,305.0,270.0,도안동 예미지105동 앞,서구,도안동,36.330213,127.343172,2103,0.005,0.4094,0.9016,2.23,2.0,1.0,54.0,혼합/생활형
ST0707,11496.0,11493.0,11191.0,3.0,23.0,54.0,558.0,8154.0,3479.0,3037.0,갈마동 갈마초교삼거리(갈마네거리방면) 정류장,서구,갈마동,36.354779,127.369015,22990,0.005,0.4267,0.9266,2.43,-31.0,34.0,595.5,혼합/생활형
ST0630,1388.0,1385.0,1349.0,3.0,13.0,16.0,83.0,971.0,420.0,378.0,천동 휴먼시아2단지아파트 103동,동구,천동,36.313949,127.445733,2773,0.005,0.4325,0.9685,2.99,-3.0,6.0,71.8,혼합/생활형
ST1524,385.0,382.0,378.0,3.0,11.0,3.0,21.0,283.0,96.0,95.0,용두동 을지대학교 생활관,중구,용두동,36.331546,127.405099,767,0.005,0.3392,0.8351,2.74,8.0,-5.0,20.1,판정 불가
ST0110,881.0,878.0,836.0,3.0,11.0,11.0,49.0,593.0,223.0,243.0,덕암동 금호아파트,대덕구,덕암동,36.443567,127.426774,1759,0.005,0.3761,1.0195,2.79,0.0,3.0,44.5,혼합/생활형
ST0272,483.0,481.0,479.0,2.0,2.0,2.0,10.0,415.0,280.0,64.0,원내동 샘물타운(308동),유성구,원내동,36.298553,127.323147,964,0.003,0.6747,0.3837,1.04,0.0,2.0,25.5,판정 불가
ST1449,2109.0,2107.0,2049.0,2.0,1.0,3.0,75.0,1504.0,425.0,545.0,어은동 카이스트 아름관,유성구,어은동,36.37341,127.357245,4218,0.003,0.2826,0.9015,1.78,-2.0,4.0,109.0,혼합/생활형
ST0990,608.0,606.0,601.0,2.0,0.0,3.0,14.0,432.0,144.0,169.0,갑동 온조식당 입구,유성구,갑동,36.360344,127.295441,1214,0.003,0.3333,0.9732,1.15,-3.0,5.0,32.0,혼합/생활형
ST1465,204.0,202.0,203.0,2.0,3.0,1.0,15.0,154.0,57.0,49.0,대성동 은어송중학교 후문 건너편,동구,대성동,36.300045,127.459457,406,0.003,0.3701,0.7916,3.69,2.0,0.0,10.8,판정 불가
ST0542,6080.0,6078.0,5870.0,2.0,16.0,21.0,282.0,4374.0,1836.0,1496.0,대흥동 드림시티,중구,대흥동,36.324053,127.426964,12159,0.003,0.4198,0.8509,2.32,-5.0,7.0,312.4,혼합/생활형
ST0679,1663.0,1661.0,1603.0,2.0,8.0,10.0,84.0,1057.0,300.0,546.0,가양동 가양도서관 버스정류장,동구,가양동,36.348545,127.444001,3324,0.003,0.2838,1.2851,2.53,-2.0,4.0,85.3,여가형
ST0137,15562.0,15560.0,15078.0,2.0,95.0,111.0,668.0,9898.0,4891.0,5180.0,용산동 미래남교(현대아울렛 방면),유성구,용산동,36.422576,127.396141,31122,0.003,0.4941,1.302,2.15,-16.0,18.0,802.4,혼합/생활형
ST0889,8728.0,8726.0,8469.0,2.0,15.0,16.0,318.0,6262.0,2702.0,2207.0,장대동 장대네거리 (죽동네거리 방면) 정류장,유성구,장대동,36.365405,127.335809,17454,0.003,0.4315,0.8768,1.82,-1.0,3.0,450.7,혼합/생활형
ST0805,5765.0,5763.0,5626.0,2.0,18.0,21.0,158.0,4233.0,1687.0,1393.0,관저동 관저예미지명가의풍경아파트 112동 건너편,서구,관저동,36.295223,127.335077,11528,0.003,0.3985,0.8187,1.37,-3.0,5.0,299.4,혼합/생활형
ST0540,2873.0,2871.0,2790.0,2.0,16.0,22.0,130.0,2106.0,673.0,684.0,문화동 센트럴스타클래스,중구,문화동,36.322622,127.415101,5744,0.003,0.3196,0.808,2.26,-6.0,8.0,148.5,혼합/생활형
ST1086,12268.0,12266.0,11761.0,2.0,32.0,37.0,668.0,8959.0,2673.0,2802.0,자양동 우송삼거리(커피니),동구,자양동,36.336116,127.447265,24535,0.003,0.2984,0.7781,2.72,-5.0,7.0,625.9,혼합/생활형
ST0769,14421.0,14419.0,13899.0,2.0,57.0,64.0,542.0,9765.0,3665.0,4134.0,봉명동 유성온천역 8번출구,유성구,봉명동,36.353804,127.341941,28840,0.003,0.3753,1.0532,1.88,-7.0,9.0,739.7,혼합/생활형
ST1252,2277.0,2275.0,2224.0,2.0,13.0,15.0,101.0,1577.0,381.0,647.0,도마동 양지타운 입구,서구,도마동,36.317889,127.37119,4552,0.003,0.2416,1.0207,2.22,-2.0,4.0,118.4,혼합/생활형
ST1487,887.0,885.0,866.0,2.0,4.0,1.0,33.0,628.0,323.0,238.0,월평동 월평초등학교 육교 아래,서구,월평동,36.35636,127.357451,1772,0.003,0.5143,0.9428,1.86,3.0,-1.0,46.1,혼합/생활형
ST0514,5846.0,5844.0,5629.0,2.0,19.0,21.0,217.0,4187.0,1491.0,1442.0,문화동 센트럴파크아파트 3단지(302동),중구,문화동,36.318144,127.41185,11690,0.003,0.3561,0.8568,1.86,-2.0,4.0,299.6,혼합/생활형
ST1516,437.0,435.0,428.0,2.0,13.0,8.0,18.0,266.0,95.0,162.0,용두동 301-3,중구,용두동,36.335235,127.400345,872,0.003,0.3571,1.5151,2.06,5.0,-3.0,22.8,판정 불가
ST1453,197.0,195.0,196.0,2.0,3.0,1.0,11.0,175.0,57.0,21.0,자양동 우송대학교서캠퍼스 정류장(자양동 방면),동구,자양동,36.338262,127.444779,392,0.003,0.3257,0.2985,2.81,2.0,0.0,10.4,판정 불가
ST1323,1411.0,1409.0,1368.0,2.0,6.0,5.0,80.0,1077.0,376.0,291.0,소제동 대성여자고등학교(성남네거리방면)  ,동구,소제동,36.337153,127.438699,2820,0.003,0.3491,0.6722,2.84,1.0,1.0,72.8,혼합/생활형
ST1515,629.0,627.0,619.0,2.0,12.0,9.0,28.0,517.0,137.0,102.0,문화동 문화육교 삼거리 아래,중구,문화동,36.313703,127.402607,1256,0.003,0.265,0.4908,2.23,3.0,-1.0,32.9,혼합/생활형
ST0204,4689.0,4687.0,4552.0,2.0,7.0,8.0,191.0,3508.0,1229.0,1044.0,봉명동 도안 1단지 휴먼시아(101동),유성구,봉명동,36.351894,127.343572,9377,0.003,0.3503,0.7404,2.04,-1.0,3.0,242.2,혼합/생활형
ST1133,1930.0,1928.0,1852.0,2.0,17.0,20.0,140.0,1300.0,414.0,552.0,낭월동 오투그란테 후문,동구,낭월동,36.284019,127.4643,3858,0.003,0.3185,1.0564,3.63,-3.0,5.0,98.6,혼합/생활형
ST0790,8193.0,8191.0,7877.0,2.0,43.0,56.0,278.0,5687.0,1958.0,2190.0,가수원동 가수원파출소(린풀하우스 방면) 정류장(34870),서구,가수원동,36.307064,127.352735,16384,0.003,0.3443,0.958,1.7,-13.0,15.0,419.2,혼합/생활형
ST1014,2870.0,2868.0,2794.0,2.0,0.0,6.0,128.0,2077.0,611.0,717.0,궁동 충남대학교 학생생활관,유성구,궁동,36.372306,127.346404,5738,0.003,0.2942,0.8588,2.23,-6.0,8.0,148.7,혼합/생활형
ST0988,490.0,488.0,484.0,2.0,1.0,1.0,18.0,355.0,121.0,129.0,갑동 현충원 인근 갑동숯불민물장어,유성구,갑동,36.361432,127.289221,978,0.003,0.3408,0.904,1.84,0.0,2.0,25.8,판정 불가
ST0667,804.0,802.0,767.0,2.0,5.0,4.0,48.0,572.0,186.0,195.0,가양동 가양요양병원 정류장,동구,가양동,36.346095,127.446903,1606,0.003,0.3252,0.8481,2.99,1.0,1.0,40.8,혼합/생활형
ST0558,291.0,289.0,278.0,2.0,4.0,6.0,15.0,208.0,73.0,70.0,변동 목운어린이공원,서구,변동,36.331798,127.368775,580,0.003,0.351,0.8372,2.59,-2.0,4.0,14.8,판정 불가
ST1440,2979.0,2978.0,2930.0,1.0,3.0,2.0,165.0,2081.0,779.0,849.0,장대동 궁동2교 (죽동 방향),유성구,장대동,36.363839,127.340334,5957,0.002,0.3743,1.015,2.77,1.0,0.0,155.9,혼합/생활형
ST1425,1097.0,1096.0,1024.0,1.0,3.0,4.0,74.0,728.0,274.0,296.0,인동 스카이자이르네아파트,동구,인동,36.324214,127.4363,2194,0.002,0.3764,1.0115,3.37,-1.0,2.0,54.5,혼합/생활형
ST0815,554.0,553.0,539.0,1.0,3.0,3.0,20.0,406.0,165.0,133.0,원내동 진잠향교 입구 건너편,유성구,원내동,36.30296,127.316131,1107,0.002,0.4064,0.815,1.81,0.0,1.0,28.7,판정 불가
ST0045,2554.0,2553.0,2480.0,1.0,21.0,18.0,123.0,1863.0,708.0,617.0,대사동 민제한의원,중구,대사동,36.317763,127.425594,5107,0.002,0.38,0.8239,2.41,3.0,-2.0,132.0,혼합/생활형
ST1178,1468.0,1467.0,1433.0,1.0,4.0,3.0,73.0,1061.0,382.0,372.0,가양동 가팔어린이공원,동구,가양동,36.344248,127.449159,2935,0.002,0.36,0.8723,2.49,1.0,0.0,76.3,혼합/생활형
ST0269,1389.0,1388.0,1359.0,1.0,6.0,9.0,50.0,980.0,307.0,379.0,관저동 구봉초등학교 건너편,서구,관저동,36.298827,127.329598,2777,0.002,0.3133,0.9621,1.8,-3.0,4.0,72.3,혼합/생활형
ST0130,3517.0,3516.0,3448.0,1.0,9.0,13.0,277.0,2647.0,997.0,801.0,둔산동 대전대학교 대전한방병원 정류장,서구,둔산동,36.345996,127.379133,7033,0.002,0.3767,0.7528,3.94,-4.0,5.0,183.5,혼합/생활형
ST0243,5173.0,5172.0,5013.0,1.0,18.0,23.0,169.0,3584.0,1293.0,1429.0,가수원동 가수원네거리(계룡아파트 방면),서구,가수원동,36.304645,127.352278,10345,0.002,0.3608,0.9919,1.63,-5.0,6.0,266.8,혼합/생활형
ST1317,1695.0,1694.0,1650.0,1.0,13.0,12.0,90.0,1237.0,420.0,413.0,대동 대동역 3번출구,동구,대동,36.329241,127.442132,3389,0.002,0.3395,0.8306,2.66,1.0,0.0,87.8,혼합/생활형
ST1530,1494.0,1493.0,1429.0,1.0,10.0,8.0,121.0,1171.0,371.0,258.0,월평동 대전무역회관,서구,월평동,36.358978,127.379189,2987,0.002,0.3168,0.5481,4.05,2.0,-1.0,76.0,혼합/생활형
ST0519,2731.0,2730.0,2675.0,1.0,8.0,10.0,103.0,2027.0,601.0,648.0,문화동 센트럴파크 3단지(307동),중구,문화동,36.317873,127.413673,5461,0.002,0.2965,0.7953,1.89,-2.0,3.0,142.4,혼합/생활형
ST0237,7265.0,7264.0,6987.0,1.0,42.0,55.0,238.0,4975.0,1940.0,2012.0,도안동 16단지 수목토(101동),서구,도안동,36.320676,127.347587,14529,0.002,0.3899,1.0061,1.64,-13.0,14.0,371.8,혼합/생활형
ST0593,925.0,924.0,890.0,1.0,15.0,15.0,63.0,613.0,191.0,277.0,낭월동 향기나무어린이집 공원,동구,낭월동,36.279332,127.466792,1849,0.002,0.3116,1.1242,3.41,0.0,1.0,47.4,혼합/생활형
ST1256,6936.0,6935.0,6785.0,1.0,29.0,28.0,400.0,5338.0,2894.0,1447.0,전민동 삼성푸른아파트 107동 앞,유성구,전민동,36.399547,127.398468,13871,0.002,0.5422,0.6744,2.88,1.0,0.0,361.1,출퇴근형
ST1400,991.0,990.0,955.0,1.0,9.0,9.0,65.0,720.0,278.0,235.0,중리동근린공원 정류장(중리동주민센터방면),대덕구,중리동,36.363632,127.42504,1981,0.002,0.3861,0.812,3.28,0.0,1.0,50.8,혼합/생활형
ST0515,5217.0,5216.0,5116.0,1.0,4.0,10.0,236.0,3789.0,1404.0,1327.0,문화동 하우스토리 2차,중구,문화동,36.320105,127.414037,10433,0.002,0.3705,0.8713,2.26,-6.0,7.0,272.3,혼합/생활형
ST0982,2060.0,2059.0,1992.0,1.0,1.0,9.0,123.0,1504.0,517.0,488.0,송촌동 대전충남적십자혈액원,대덕구,송촌동,36.354194,127.441702,4119,0.002,0.3438,0.8072,2.99,-8.0,9.0,106.0,혼합/생활형
ST1113,8552.0,8551.0,8266.0,1.0,45.0,50.0,578.0,6099.0,2062.0,2167.0,문창동 해피마트,중구,문창동,36.313739,127.436777,17103,0.002,0.3381,0.8839,3.38,-5.0,6.0,439.9,혼합/생활형
ST0997,1054.0,1053.0,1013.0,1.0,26.0,19.0,73.0,739.0,256.0,274.0,가오동 은어송마을 1단지(108동),동구,가오동,36.303742,127.457495,2107,0.002,0.3464,0.9224,3.46,7.0,-6.0,53.9,혼합/생활형
ST0892,19778.0,19777.0,19180.0,1.0,32.0,39.0,846.0,14203.0,4738.0,4977.0,죽동 노브랜드,유성구,죽동,36.368872,127.339351,39556,0.002,0.3336,0.8718,2.14,-7.0,8.0,1020.7,혼합/생활형
ST0354,4872.0,4871.0,4750.0,1.0,9.0,14.0,225.0,3678.0,1402.0,1072.0,대흥동 대전성모병원 교수회관,중구,대흥동,36.32365,127.419397,9743,0.002,0.3812,0.7251,2.31,-5.0,6.0,252.8,혼합/생활형
ST0109,3120.0,3119.0,2985.0,1.0,23.0,27.0,158.0,2405.0,737.0,580.0,석봉동 봉주르카운티(A동),대덕구,석봉동,36.447729,127.421224,6239,0.002,0.3064,0.6,2.53,-4.0,5.0,158.9,혼합/생활형
ST0331,5061.0,5060.0,4929.0,1.0,16.0,18.0,159.0,3620.0,1311.0,1309.0,노은동 월드컵경기장역 3번출구,유성구,노은동,36.367194,127.317463,10122,0.002,0.3622,0.8996,1.57,-2.0,3.0,262.3,혼합/생활형
ST1216,8457.0,8456.0,8162.0,1.0,20.0,27.0,350.0,5117.0,1969.0,3045.0,용산동 대덕 현대 프리미엄 쇼핑몰,유성구,용산동,36.422425,127.400174,16913,0.002,0.3848,1.4804,2.07,-7.0,8.0,434.4,혼합/생활형
ST0969,506.0,505.0,493.0,1.0,0.0,1.0,41.0,340.0,101.0,153.0,송촌동 선비마을 5단지 상가,대덕구,송촌동,36.364161,127.446098,1011,0.002,0.2971,1.1195,4.06,-1.0,2.0,26.2,판정 불가
ST0852,1690.0,1689.0,1626.0,1.0,12.0,17.0,94.0,1291.0,542.0,335.0,법동 대전지방국세청 남측(법동네거리 방면),대덕구,법동,36.37112,127.428477,3379,0.002,0.4198,0.6456,2.78,-5.0,6.0,86.5,출퇴근형
ST0148,5155.0,5154.0,4960.0,1.0,38.0,48.0,170.0,3479.0,1525.0,1481.0,송강동 송강근린공원 청솔한양아파트 206동 건너편,유성구,송강동,36.435157,127.383983,10309,0.002,0.4383,1.0591,1.65,-10.0,11.0,264.0,혼합/생활형
ST0295,1967.0,1966.0,1896.0,1.0,6.0,8.0,93.0,1317.0,392.0,579.0,송촌동 송촌먹자골목 공영주차장,대덕구,송촌동,36.36558,127.437946,3933,0.002,0.2976,1.0937,2.36,-2.0,3.0,100.9,혼합/생활형
ST1198,674.0,674.0,660.0,0.0,8.0,8.0,31.0,529.0,157.0,131.0,구도동 남대전 물류센터,동구,구도동,36.273125,127.469103,1348,0.0,0.2968,0.6161,2.3,0.0,0.0,35.1,혼합/생활형
ST1157,402.0,402.0,394.0,0.0,1.0,1.0,16.0,254.0,61.0,140.0,둔곡동 서한이다음 후문(202동),유성구,둔곡동,36.452555,127.363293,804,0.0,0.2402,1.3712,1.99,0.0,0.0,21.0,판정 불가
ST0650,396.0,396.0,391.0,0.0,0.0,1.0,20.0,251.0,85.0,140.0,비래동 제1공영주차장,대덕구,비래동,36.354477,127.453147,792,0.0,0.3386,1.3876,2.53,-1.0,1.0,20.8,판정 불가
ST1472,1064.0,1064.0,1043.0,0.0,9.0,5.0,87.0,732.0,253.0,311.0,갈마2동 행정복지센터 옆 (김한돈),서구,갈마동,36.346435,127.374889,2128,0.0,0.3456,1.057,4.09,4.0,-4.0,55.5,혼합/생활형
ST0788,6651.0,6651.0,6371.0,0.0,52.0,64.0,245.0,4510.0,1717.0,1861.0,도안동 도안린풀하우스18단지아파트 1806동,서구,도안동,36.312225,127.349946,13302,0.0,0.3807,1.0266,1.84,-12.0,12.0,339.0,혼합/생활형
ST1294,1283.0,1283.0,1246.0,0.0,1.0,3.0,111.0,891.0,349.0,355.0,와동 대덕브라운스톤  101동,대덕구,와동,36.399453,127.423359,2566,0.0,0.3917,0.9912,4.33,-2.0,2.0,66.3,혼합/생활형
ST1493,392.0,392.0,389.0,0.0,0.0,0.0,40.0,271.0,102.0,118.0,오정동 한남대학교 소망관,대덕구,오정동,36.353326,127.426905,784,0.0,0.3764,1.0833,5.1,0.0,0.0,20.7,판정 불가
ST1169,998.0,998.0,985.0,0.0,1.0,0.0,34.0,742.0,237.0,243.0, 문화동 충남대학교병원 간호대학,중구,문화동,36.315591,127.413314,1996,0.0,0.3194,0.8147,1.7,1.0,-1.0,52.4,혼합/생활형
ST0543,10360.0,10360.0,9969.0,0.0,41.0,59.0,509.0,7645.0,2885.0,2324.0,대흥동 YWCA ,중구,대흥동,36.323623,127.426457,20720,0.0,0.3774,0.7563,2.46,-18.0,18.0,530.5,혼합/생활형
ST0642,4593.0,4593.0,4387.0,0.0,4.0,7.0,199.0,3315.0,1324.0,1072.0,정동 하나은행 건너편,동구,정동,36.334298,127.431441,9186,0.0,0.3994,0.8045,2.17,-3.0,3.0,233.5,혼합/생활형
ST1352,13672.0,13672.0,13198.0,0.0,13.0,55.0,801.0,8206.0,3194.0,4992.0,도룡동 성심당 DCC점,유성구,도룡동,36.375541,127.392427,27344,0.0,0.3892,1.5134,2.93,-42.0,42.0,702.4,혼합/생활형
ST1397,4382.0,4382.0,4215.0,0.0,12.0,26.0,239.0,3096.0,1121.0,1119.0,석봉동 신탄진시장 정류장 (금강액슬루타워 방면),대덕구,석봉동,36.450467,127.424537,8764,0.0,0.3621,0.8992,2.73,-14.0,14.0,224.3,혼합/생활형
ST1441,527.0,527.0,514.0,0.0,3.0,2.0,24.0,375.0,139.0,139.0,용계동 힐스테이트도안 103동,유성구,용계동,36.330904,127.332553,1054,0.0,0.3707,0.9221,2.28,1.0,-1.0,27.4,판정 불가
ST1374,3937.0,3937.0,3788.0,0.0,36.0,34.0,253.0,2787.0,1073.0,1001.0,목동 모아엘가그랑데 아파트,중구,목동,36.333644,127.409079,7874,0.0,0.385,0.8935,3.21,2.0,-2.0,201.6,혼합/생활형
ST0866,1228.0,1228.0,1187.0,0.0,2.0,1.0,80.0,860.0,305.0,327.0,비래동 SJ산림조합중앙회 건너편 정류장,대덕구,송촌동,36.356406,127.44476,2456,0.0,0.3547,0.9459,3.26,1.0,-1.0,63.2,혼합/생활형
ST1171,1338.0,1338.0,1268.0,0.0,4.0,3.0,77.0,955.0,331.0,313.0,가양동 국제라이온스협회 356-B(대전),동구,가양동,36.34528,127.445126,2676,0.0,0.3466,0.8154,2.88,1.0,-1.0,67.5,혼합/생활형
ST0075,3141.0,3141.0,3078.0,0.0,5.0,9.0,149.0,2091.0,667.0,987.0,용전동 홈플러스 용전점,동구,용전동,36.354062,127.437939,6283,0.0,0.319,1.1743,2.37,-4.0,4.0,163.8,혼합/생활형
ST1116,372.0,372.0,365.0,0.0,0.0,2.0,19.0,337.0,115.0,28.0,복용동 한밭대학교 유성덕명캠퍼스지역협력관,유성구,복용동,36.346365,127.311115,744,0.0,0.3412,0.2067,2.55,-2.0,2.0,19.4,판정 불가
ST0088,253.0,254.0,244.0,-1.0,4.0,4.0,9.0,180.0,66.0,64.0,계산동 오투그란데미학(212동),유성구,계산동,36.343094,127.303332,507,-0.002,0.3667,0.8846,1.78,0.0,-1.0,13.0,판정 불가
ST1368,7279.0,7280.0,6962.0,-1.0,83.0,108.0,340.0,4590.0,1911.0,2372.0,중촌동 중촌시민공원,중구,중촌동,36.339986,127.403841,14559,-0.002,0.4163,1.2856,2.34,-25.0,24.0,370.5,혼합/생활형
ST0477,886.0,887.0,870.0,-1.0,3.0,4.0,39.0,648.0,241.0,222.0,대화동 대전병원(GS25),대덕구,오정동,36.362747,127.417977,1773,-0.002,0.3719,0.8523,2.2,-1.0,0.0,46.3,혼합/생활형
ST1329,438.0,439.0,431.0,-1.0,1.0,1.0,32.0,286.0,69.0,145.0,판암동 엄마아빠요양원,동구,판암동,36.318395,127.456452,877,-0.002,0.2413,1.2613,3.65,0.0,-1.0,22.9,판정 불가
ST1495,144.0,145.0,138.0,-1.0,0.0,0.0,4.0,122.0,76.0,16.0,상서동 유창산업 정류장 (상서동 방면),대덕구,상서동,36.432099,127.42473,289,-0.002,0.623,0.3263,1.38,0.0,-1.0,7.3,판정 불가
ST0813,1355.0,1356.0,1282.0,-1.0,21.0,23.0,45.0,813.0,279.0,469.0,대정동 대정교 정류장(모다아울렛),유성구,대정동,36.311983,127.31829,2711,-0.002,0.3432,1.4352,1.66,-2.0,1.0,68.2,혼합/생활형
ST0468,986.0,987.0,961.0,-1.0,0.0,3.0,48.0,668.0,167.0,293.0,덕명동 S-OIL 건너편,유성구,덕명동,36.347763,127.299878,1973,-0.002,0.25,1.0912,2.43,-3.0,2.0,51.1,혼합/생활형
ST0668,1729.0,1730.0,1670.0,-1.0,1.0,3.0,99.0,1215.0,407.0,455.0,가양동 가양네거리 현대자동차 대전서비스센터,동구,가양동,36.34474,127.446127,3459,-0.002,0.335,0.9316,2.86,-2.0,1.0,88.9,혼합/생활형
ST0223,4361.0,4362.0,4226.0,-1.0,25.0,37.0,317.0,3098.0,1057.0,1128.0,원신흥동 도안 12단지 어울림하트(1204동),유성구,원신흥동,36.332424,127.344083,8723,-0.002,0.3412,0.9058,3.63,-12.0,11.0,224.9,혼합/생활형
ST1484,2337.0,2338.0,2281.0,-1.0,5.0,7.0,59.0,1600.0,458.0,681.0,관저동 관저네거리,서구,관저동,36.301823,127.33518,4675,-0.002,0.2862,1.0589,1.26,-2.0,1.0,121.4,혼합/생활형
ST0343,1348.0,1349.0,1289.0,-1.0,3.0,5.0,76.0,1100.0,400.0,189.0,소제동 우송중학교 입구,동구,소제동,36.335685,127.442644,2697,-0.002,0.3636,0.4275,2.82,-2.0,1.0,68.6,혼합/생활형
ST0253,4462.0,4463.0,4354.0,-1.0,16.0,26.0,165.0,3088.0,1054.0,1266.0,관저동 관저예미지명가의풍경아파트 114동,서구,관저동,36.296027,127.334556,8926,-0.002,0.3413,1.0199,1.85,-10.0,9.0,231.7,혼합/생활형
ST1463,1048.0,1049.0,1006.0,-1.0,9.0,9.0,55.0,836.0,375.0,170.0,가양동 동구국민체육센터,동구,가양동,36.339737,127.437631,2097,-0.002,0.4486,0.5059,2.62,0.0,-1.0,53.5,출퇴근형
ST1177,2095.0,2096.0,2034.0,-1.0,4.0,7.0,97.0,1422.0,415.0,612.0,가양동 트윈스아파트,동구,가양동,36.345427,127.451728,4191,-0.002,0.2918,1.0707,2.31,-3.0,2.0,108.2,혼합/생활형
ST1281,2780.0,2781.0,2722.0,-1.0,11.0,14.0,189.0,2380.0,928.0,342.0,복용동 디오토몰 앞,유성구,복용동,36.337626,127.320483,5561,-0.002,0.3899,0.3575,3.4,-3.0,2.0,144.9,혼합/생활형
ST1029,14793.0,14794.0,14300.0,-1.0,22.0,49.0,686.0,9738.0,3210.0,4562.0,월평동 누리아파트(후문 버스정류장),서구,월평동,36.359288,127.374225,29588,-0.002,0.3296,1.1655,2.32,-27.0,26.0,761.0,혼합/생활형
ST0559,927.0,928.0,888.0,-1.0,3.0,3.0,52.0,631.0,228.0,257.0,변동 시온성교회,서구,변동,36.328332,127.370318,1855,-0.002,0.3613,1.0133,2.8,0.0,-1.0,47.3,혼합/생활형
ST0577,3582.0,3583.0,3506.0,-1.0,14.0,18.0,292.0,2694.0,767.0,812.0,가오동 동구청,동구,가오동,36.311298,127.45538,7165,-0.002,0.2847,0.7499,4.08,-4.0,3.0,186.6,혼합/생활형
ST0965,759.0,760.0,744.0,-1.0,4.0,3.0,44.0,516.0,196.0,228.0,송촌동 선비마을 3단지(303동),대덕구,송촌동,36.367138,127.441635,1519,-0.002,0.3798,1.0993,2.9,1.0,-2.0,39.6,혼합/생활형
ST0851,2848.0,2849.0,2744.0,-1.0,13.0,19.0,181.0,2069.0,882.0,675.0,중리동 럭키스포츠프라자,대덕구,중리동,36.366148,127.42294,5697,-0.002,0.4263,0.8116,3.18,-6.0,5.0,146.0,혼합/생활형
ST1509,347.0,348.0,341.0,-1.0,1.0,1.0,11.0,243.0,98.0,98.0,중촌동 한마음정육식당 건너편,중구,중촌동,36.342777,127.408647,695,-0.002,0.4033,1.0033,1.58,0.0,-1.0,18.1,판정 불가
ST0229,6248.0,6249.0,6089.0,-1.0,37.0,27.0,190.0,4409.0,1694.0,1680.0,원신흥동 도안 11단지 천년나무 11단지(1104동),유성구,원신흥동,36.341765,127.34705,12497,-0.002,0.3842,0.948,1.52,10.0,-11.0,324.0,혼합/생활형
ST0968,514.0,515.0,505.0,-1.0,3.0,5.0,31.0,346.0,120.0,159.0,송촌동 선비마을 4단지(414동),대덕구,송촌동,36.366018,127.444377,1029,-0.002,0.3468,1.1432,3.01,-2.0,1.0,26.9,판정 불가
ST0548,2095.0,2096.0,2042.0,-1.0,10.0,11.0,87.0,1405.0,461.0,637.0,대흥동 대전중학교 건너편(보문오거리 방면),중구,대흥동,36.320298,127.424093,4191,-0.002,0.3281,1.1279,2.08,-1.0,0.0,108.7,혼합/생활형
ST1204,556.0,557.0,545.0,-1.0,0.0,2.0,33.0,391.0,112.0,154.0,가양동 우암사적공원,동구,가양동,36.346892,127.455789,1113,-0.002,0.2864,0.9799,2.96,-2.0,1.0,29.0,판정 불가
ST0979,739.0,740.0,724.0,-1.0,6.0,6.0,42.0,535.0,173.0,189.0,가양동 혜성빌,동구,가양동,36.350051,127.451832,1479,-0.002,0.3234,0.8789,2.84,0.0,-1.0,38.5,혼합/생활형
ST1042,1370.0,1371.0,1321.0,-1.0,2.0,3.0,48.0,869.0,274.0,452.0,관저동 관저더샵 2차(202동),서구,관저동,36.293938,127.326051,2741,-0.002,0.3153,1.294,1.75,-1.0,0.0,70.3,혼합/생활형
ST0140,10179.0,10180.0,9843.0,-1.0,23.0,27.0,294.0,7366.0,2782.0,2477.0,하기동 침신대네거리(롯데마트),유성구,하기동,36.384798,127.320819,20359,-0.002,0.3777,0.8366,1.44,-4.0,3.0,523.8,혼합/생활형
ST0232,4367.0,4368.0,4216.0,-1.0,14.0,17.0,148.0,3027.0,1245.0,1189.0,원신흥동 도안 11단지 천년나무(1106동),유성구,원신흥동,36.339661,127.348084,8735,-0.002,0.4113,0.9772,1.69,-3.0,2.0,224.4,혼합/생활형
ST0033,553.0,554.0,533.0,-1.0,2.0,5.0,18.0,377.0,167.0,156.0,사정동 송원칼국수,중구,사정동,36.295835,127.389396,1107,-0.002,0.443,1.0294,1.63,-3.0,2.0,28.4,판정 불가
ST0867,675.0,676.0,643.0,-1.0,5.0,5.0,18.0,511.0,197.0,132.0,상서동 상서삼거리(와동 방면) 정류장,대덕구,상서동,36.430125,127.421634,1351,-0.002,0.3855,0.6426,1.33,0.0,-1.0,34.2,혼합/생활형
ST1017,10003.0,10004.0,9772.0,-1.0,17.0,23.0,407.0,7081.0,2547.0,2691.0,죽동 충남대학교 서문네거리,유성구,죽동,36.37041,127.339933,20007,-0.002,0.3597,0.9454,2.03,-6.0,5.0,520.0,혼합/생활형
ST0017,14787.0,14788.0,14292.0,-1.0,24.0,37.0,605.0,10646.0,4358.0,3646.0,월평동 한아름아파트(108동),서구,월평동,36.363321,127.374482,29576,-0.002,0.4094,0.852,2.05,-13.0,12.0,760.6,혼합/생활형
ST0508,5457.0,5458.0,5264.0,-1.0,17.0,26.0,228.0,3784.0,1246.0,1480.0,문화동 삼익아파트 건너편(3동),중구,문화동,36.319427,127.406166,10915,-0.002,0.3293,0.973,2.09,-9.0,8.0,280.1,혼합/생활형
ST0584,4052.0,4054.0,3883.0,-2.0,57.0,52.0,286.0,2732.0,929.0,1151.0,가오동 은어송네거리 국민은행 건너편,동구,가오동,36.307283,127.456628,8106,-0.003,0.34,1.0481,3.53,5.0,-7.0,206.6,혼합/생활형
ST1229,6448.0,6450.0,6244.0,-2.0,36.0,50.0,250.0,5566.0,3402.0,678.0,탑립동 가나리더스텔2,유성구,탑립동,36.4164,127.407143,12898,-0.003,0.6112,0.303,1.94,-14.0,12.0,332.3,출퇴근형
ST0807,1858.0,1860.0,1788.0,-2.0,5.0,11.0,57.0,1250.0,448.0,538.0,관저동 선암초교네거리 정류장(느리울13단지 방면),서구,관저동,36.296109,127.336204,3718,-0.003,0.3584,1.0708,1.53,-6.0,4.0,95.2,혼합/생활형
ST1334,339.0,341.0,331.0,-2.0,2.0,3.0,17.0,227.0,57.0,104.0,용전동 구샤또호텔 정류장(동부네거리방면),동구,용전동,36.353089,127.439187,680,-0.003,0.2511,1.1398,2.5,-1.0,-1.0,17.6,판정 불가
ST0206,6761.0,6763.0,6516.0,-2.0,32.0,29.0,292.0,4832.0,1831.0,1684.0,봉명동 도안 6단지 센트럴시티 정류장(607동),유성구,봉명동,36.348225,127.342333,13524,-0.003,0.3789,0.867,2.16,3.0,-5.0,346.8,혼합/생활형
ST0781,7868.0,7870.0,7506.0,-2.0,38.0,47.0,295.0,5456.0,1999.0,2050.0,도안동 도안초등학교(도안수목토아파트 114동),서구,도안동,36.320591,127.344082,15738,-0.003,0.3664,0.9348,1.87,-9.0,7.0,399.4,혼합/생활형
ST0589,1219.0,1221.0,1201.0,-2.0,2.0,10.0,75.0,950.0,309.0,251.0,가오동 도원빌라,동구,가오동,36.309749,127.452955,2440,-0.003,0.3253,0.6573,3.07,-8.0,6.0,63.9,혼합/생활형
ST0265,5097.0,5099.0,4851.0,-2.0,25.0,31.0,145.0,3397.0,1027.0,1454.0,"관저동 신선마을 정류장(213동, 33450)",서구,관저동,36.300288,127.334645,10196,-0.003,0.3023,1.0648,1.42,-6.0,4.0,258.2,혼합/생활형
ST0248,2906.0,2908.0,2815.0,-2.0,22.0,37.0,95.0,2049.0,693.0,766.0,관저동 리슈빌(103동),서구,관저동,36.300129,127.343028,5814,-0.003,0.3382,0.93,1.63,-15.0,13.0,149.8,혼합/생활형
ST1434,5404.0,5406.0,5312.0,-2.0,2.0,15.0,202.0,4316.0,1347.0,996.0,구성동 카이스트 오리연못,유성구,구성동,36.367168,127.362497,10810,-0.003,0.3121,0.5741,1.87,-13.0,11.0,282.7,혼합/생활형
ST0569,284.0,286.0,276.0,-2.0,1.0,3.0,8.0,234.0,63.0,42.0,도마동 경남아파트 2단지(113동),서구,도마동,36.320684,127.370318,570,-0.003,0.2692,0.4465,1.4,-2.0,0.0,14.7,판정 불가
ST1077,9450.0,9452.0,9062.0,-2.0,53.0,79.0,438.0,7177.0,2926.0,1885.0,오룡역 7번출구,중구,용두동,36.32878,127.406049,18903,-0.003,0.4077,0.6534,2.32,-26.0,24.0,482.3,출퇴근형
ST1385,7836.0,7838.0,7540.0,-2.0,45.0,54.0,481.0,5175.0,1850.0,2365.0,부사동 충무로네거리(맥도날드),중구,부사동,36.319583,127.431771,15675,-0.003,0.3575,1.1369,3.07,-9.0,7.0,401.3,혼합/생활형
ST1387,346.0,348.0,336.0,-2.0,3.0,6.0,9.0,279.0,135.0,57.0,상서동 선바위 정류장(들말_신대차고지 방면),대덕구,상서동,36.424204,127.419497,694,-0.003,0.4839,0.5083,1.3,-3.0,1.0,17.9,판정 불가
ST0610,721.0,723.0,704.0,-2.0,1.0,5.0,26.0,513.0,205.0,191.0,용운동 선암어린이공원,동구,용운동,36.325917,127.460065,1444,-0.003,0.3996,0.9263,1.8,-4.0,2.0,37.5,혼합/생활형
ST0622,1345.0,1347.0,1317.0,-2.0,1.0,7.0,69.0,1022.0,410.0,295.0,용운동 모닝빌(A동),동구,용운동,36.331233,127.454531,2692,-0.003,0.4012,0.7181,2.56,-6.0,4.0,70.1,출퇴근형
ST1507,229.0,231.0,225.0,-2.0,1.0,0.0,16.0,152.0,68.0,73.0,중촌동 하늘아파트 307동 건너편,중구,중촌동,36.339602,127.40595,460,-0.003,0.4474,1.1948,3.48,1.0,-3.0,12.0,판정 불가
ST0352,2803.0,2805.0,2724.0,-2.0,3.0,11.0,121.0,2084.0,740.0,640.0,대흥동 성모초등학교 입구 정류장,중구,대흥동,36.323238,127.418227,5608,-0.003,0.3551,0.764,2.16,-8.0,6.0,145.0,혼합/생활형
ST0619,796.0,798.0,764.0,-2.0,0.0,3.0,42.0,483.0,140.0,281.0,용운동 용수골장작불가마 정류장,동구,용운동,36.333754,127.455555,1594,-0.003,0.2899,1.4474,2.63,-3.0,1.0,40.7,여가형
ST1450,3403.0,3405.0,3356.0,-2.0,6.0,18.0,151.0,2949.0,835.0,407.0,구성동 카이스트 나노종합기술원,유성구,구성동,36.367598,127.367211,6808,-0.003,0.2831,0.3433,2.22,-12.0,10.0,178.6,혼합/생활형
ST0803,472.0,474.0,457.0,-2.0,1.0,3.0,15.0,332.0,135.0,125.0,관저동 관저어반힐스아파트 503동,서구,관저동,36.293896,127.343269,946,-0.003,0.4066,0.9367,1.59,-2.0,0.0,24.3,판정 불가
ST1167,3261.0,3263.0,3176.0,-2.0,7.0,13.0,164.0,2339.0,922.0,837.0,가양동 드림팰리스5차,동구,가양동,36.350111,127.441486,6524,-0.003,0.3942,0.8902,2.51,-6.0,4.0,169.0,혼합/생활형
ST0999,1269.0,1271.0,1228.0,-2.0,7.0,10.0,94.0,897.0,333.0,331.0,가오동 은어송마을 3단지(311동),동구,가오동,36.312054,127.459413,2542,-0.003,0.3712,0.918,3.7,-3.0,1.0,65.4,혼합/생활형
ST0799,2257.0,2259.0,2162.0,-2.0,17.0,24.0,71.0,1586.0,571.0,576.0,관저동 느리울12단지(느리울13단지 방면) 정류장(33580) 뒤편,서구,관저동,36.298596,127.340368,4516,-0.003,0.36,0.9035,1.57,-7.0,5.0,115.1,혼합/생활형
ST1521,1000.0,1002.0,986.0,-2.0,2.0,5.0,60.0,733.0,318.0,253.0,탄방동 서구노인복지관,서구,탄방동,36.345649,127.396712,2002,-0.003,0.4338,0.8587,3.0,-3.0,1.0,52.5,혼합/생활형
ST1047,1813.0,1815.0,1762.0,-2.0,1.0,11.0,79.0,1214.0,475.0,548.0,관평동 신동아파밀리에 정류장(509동),유성구,관평동,36.419803,127.386058,3628,-0.003,0.3913,1.123,2.18,-10.0,8.0,93.8,혼합/생활형
ST1489,120.0,122.0,117.0,-2.0,0.0,1.0,9.0,97.0,54.0,20.0,평촌동 KT&G 대전공장,대덕구,평촌동,36.440821,127.428941,242,-0.003,0.5567,0.5129,3.72,-1.0,-1.0,6.2,판정 불가
ST1423,472.0,474.0,452.0,-2.0,0.0,1.0,27.0,312.0,89.0,140.0,송촌동 엘리프송촌 더파크아파트,대덕구,송촌동,36.361785,127.437718,946,-0.003,0.2853,1.1163,2.85,-1.0,-1.0,24.1,판정 불가
ST1182,1000.0,1002.0,965.0,-2.0,5.0,9.0,44.0,789.0,321.0,176.0,복용동 오토월드 버스정류장,유성구,복용동,36.342351,127.321093,2002,-0.003,0.4068,0.5549,2.2,-4.0,2.0,51.4,출퇴근형
ST1346,9433.0,9435.0,9125.0,-2.0,9.0,14.0,278.0,7187.0,2986.0,1938.0,어은동 카이스트 미르나래관,유성구,어은동,36.370845,127.355553,18868,-0.003,0.4155,0.6708,1.47,-5.0,3.0,485.6,출퇴근형
ST0894,288.0,290.0,283.0,-2.0,0.0,1.0,10.0,187.0,58.0,96.0,노은동 더노은로 캠핑장,유성구,노은동,36.36344,127.315829,578,-0.003,0.3102,1.2772,1.73,-1.0,-1.0,15.1,판정 불가
ST1505,271.0,273.0,268.0,-2.0,0.0,0.0,5.0,189.0,63.0,79.0,산성동 한밭가든아파트 107동,중구,산성동,36.304733,127.382657,544,-0.003,0.3333,1.0399,0.92,0.0,-2.0,14.3,판정 불가
ST0953,1065.0,1067.0,1037.0,-2.0,5.0,7.0,56.0,726.0,270.0,311.0,석봉동 이노센스뷰아파트,대덕구,석봉동,36.447445,127.424825,2132,-0.003,0.3719,1.0657,2.63,-2.0,0.0,55.2,혼합/생활형
ST0775,2971.0,2973.0,2847.0,-2.0,16.0,32.0,141.0,2011.0,607.0,836.0,도안동 하나은행,서구,도안동,36.331951,127.34003,5945,-0.003,0.3018,1.0342,2.37,-16.0,14.0,151.5,혼합/생활형
ST0016,3048.0,3051.0,2935.0,-3.0,9.0,16.0,205.0,2218.0,992.0,717.0,둔산동 문정어린이공원,서구,둔산동,36.349982,127.399127,6099,-0.005,0.4472,0.8042,3.36,-7.0,4.0,156.2,혼합/생활형
ST1499,234.0,237.0,227.0,-3.0,1.0,2.0,6.0,158.0,58.0,69.0,산성동 대전서남부터미널,중구,산성동,36.312557,127.387973,471,-0.005,0.3671,1.0864,1.27,-1.0,-2.0,12.1,판정 불가
ST0800,384.0,387.0,377.0,-3.0,0.0,1.0,12.0,282.0,111.0,95.0,관저동 느리울마을13단지주공아파트 1304동,서구,관저동,36.29731,127.343899,771,-0.005,0.3936,0.8381,1.56,-1.0,-2.0,20.1,판정 불가
ST0479,848.0,851.0,829.0,-3.0,4.0,8.0,53.0,651.0,291.0,178.0,대화동 만민어린이집,대덕구,대화동,36.367763,127.416405,1699,-0.005,0.447,0.6802,3.12,-4.0,1.0,44.1,출퇴근형
ST0655,1160.0,1163.0,1135.0,-3.0,1.0,4.0,54.0,776.0,246.0,359.0,비래동 금성백조 2차(103동),대덕구,비래동,36.357743,127.451331,2323,-0.005,0.317,1.1509,2.32,-3.0,0.0,60.4,혼합/생활형
ST0672,7247.0,7250.0,6995.0,-3.0,36.0,52.0,372.0,5520.0,2148.0,1475.0,가양동 아침마을(116동),동구,가양동,36.340707,127.441737,14497,-0.005,0.3891,0.6648,2.57,-16.0,13.0,372.3,혼합/생활형
ST1401,2162.0,2165.0,2091.0,-3.0,13.0,15.0,154.0,1355.0,402.0,736.0,신탄진동 현도교 아래,대덕구,신탄진동,36.455558,127.428442,4327,-0.005,0.2967,1.3513,3.56,-2.0,-1.0,111.3,여가형
ST1330,1124.0,1127.0,1101.0,-3.0,2.0,9.0,72.0,768.0,324.0,333.0,판암동 판암주공6단지아파트,동구,판암동,36.323548,127.45854,2251,-0.005,0.4219,1.0787,3.2,-7.0,4.0,58.6,혼합/생활형
ST1019,9112.0,9115.0,8920.0,-3.0,17.0,33.0,441.0,6671.0,2382.0,2249.0,장대동 장대네거리(하이마트),유성구,장대동,36.363979,127.338297,18227,-0.005,0.3571,0.8387,2.42,-16.0,13.0,474.7,혼합/생활형
ST1074,885.0,888.0,854.0,-3.0,2.0,6.0,44.0,506.0,136.0,348.0,신탄진동 에코공원(금강로하스타워1),대덕구,신탄진동,36.448866,127.444635,1773,-0.005,0.2688,1.711,2.48,-4.0,1.0,45.4,여가형
ST0832,2284.0,2287.0,2160.0,-3.0,51.0,75.0,147.0,1759.0,899.0,401.0,오정동 오정우체국 건너편,대덕구,오정동,36.352689,127.41554,4571,-0.005,0.5111,0.5671,3.22,-24.0,21.0,114.9,출퇴근형
ST0466,21596.0,21599.0,20894.0,-3.0,39.0,53.0,1230.0,15464.0,6035.0,5430.0,둔산동 SK브로드밴드,서구,둔산동,36.351133,127.380637,43196,-0.005,0.3903,0.8736,2.85,-14.0,11.0,1111.9,혼합/생활형
ST1269,4991.0,4994.0,4806.0,-3.0,36.0,40.0,288.0,3466.0,1417.0,1340.0,관평동 한화꿈에그린 1016동 앞,유성구,관평동,36.420833,127.393783,9985,-0.005,0.4088,0.9618,2.88,-4.0,1.0,255.8,혼합/생활형
ST0745,4170.0,4173.0,4030.0,-3.0,12.0,20.0,161.0,2824.0,1581.0,1206.0,봉산동 봉산LH3단지아파트 입구,유성구,봉산동,36.438787,127.387076,8345,-0.005,0.5598,1.0624,1.93,-8.0,5.0,214.5,혼합/생활형
ST0991,2273.0,2276.0,2235.0,-3.0,5.0,6.0,125.0,1725.0,595.0,510.0,신봉동 자운대 간부3동 아파트 정류장,유성구,신봉동,36.408706,127.337085,4549,-0.005,0.3449,0.7355,2.75,-1.0,-2.0,118.9,혼합/생활형
ST0434,12826.0,12829.0,12350.0,-3.0,26.0,43.0,693.0,9755.0,4194.0,2595.0,둔산동 호텔 그레이톤 둔산,서구,둔산동,36.352873,127.386924,25655,-0.005,0.4299,0.6618,2.7,-17.0,14.0,657.2,출퇴근형
ST1380,1818.0,1821.0,1766.0,-3.0,5.0,7.0,56.0,1060.0,328.0,706.0,안영동 한국효문화진흥원(뿌리공원방향),중구,안영동,36.285361,127.38092,3639,-0.005,0.3094,1.657,1.54,-2.0,-1.0,94.0,혼합/생활형
ST1012,2973.0,2976.0,2883.0,-3.0,5.0,8.0,136.0,2106.0,890.0,777.0,덕암동 베스트코 신탄진점 건너편,대덕구,덕암동,36.434134,127.421709,5949,-0.005,0.4226,0.9179,2.29,-3.0,0.0,153.4,혼합/생활형
ST0339,3510.0,3513.0,3386.0,-3.0,21.0,24.0,223.0,2451.0,769.0,935.0,원신흥동 새마을금고 원신흥지점,유성구,원신흥동,36.334575,127.337939,7023,-0.005,0.3137,0.949,3.18,-3.0,0.0,180.2,혼합/생활형
ST0087,544.0,547.0,533.0,-3.0,2.0,4.0,28.0,374.0,102.0,159.0,계산동 오투그란데리빙포레(301동),유성구,계산동,36.343282,127.303598,1091,-0.005,0.2727,1.0576,2.57,-2.0,-1.0,28.4,판정 불가
ST1479,306.0,309.0,298.0,-3.0,0.0,2.0,11.0,236.0,78.0,62.0,정림동 대청병원입구,서구,정림동,36.309294,127.369769,615,-0.005,0.3305,0.6536,1.79,-2.0,-1.0,15.9,판정 불가
ST1278,4826.0,4829.0,4649.0,-3.0,16.0,29.0,318.0,3653.0,1495.0,996.0,부사동 코사마트 건너편,중구,부사동,36.314549,127.428032,9655,-0.005,0.4093,0.6783,3.29,-13.0,10.0,247.4,출퇴근형
ST1168,4454.0,4457.0,4363.0,-3.0,7.0,14.0,123.0,3189.0,1035.0,1174.0,관저동 금동초등학교,서구,관저동,36.29716,127.326155,8911,-0.005,0.3246,0.9159,1.38,-7.0,4.0,232.2,혼합/생활형
ST0989,791.0,794.0,771.0,-3.0,0.0,2.0,24.0,532.0,140.0,239.0,덕명동 덕송초등학교,유성구,덕명동,36.360558,127.303068,1585,-0.005,0.2632,1.1176,1.51,-2.0,-1.0,41.0,여가형
ST0959,4584.0,4587.0,4454.0,-3.0,4.0,5.0,251.0,3290.0,1376.0,1164.0,선화동 라온힐,중구,선화동,36.328919,127.418494,9171,-0.005,0.4182,0.8802,2.74,-1.0,-2.0,237.0,혼합/생활형
ST0022,9614.0,9618.0,9320.0,-4.0,11.0,22.0,493.0,6947.0,3183.0,2373.0,봉명동 유성한가족 요양병원 소공원,유성구,봉명동,36.355079,127.350214,19233,-0.007,0.4582,0.8498,2.56,-11.0,7.0,496.0,혼합/생활형
ST0599,10216.0,10220.0,9920.0,-4.0,63.0,73.0,648.0,7276.0,2827.0,2644.0,석교동 용산부인과의원,중구,석교동,36.309824,127.441956,20436,-0.007,0.3885,0.904,3.17,-10.0,6.0,527.9,혼합/생활형
ST1054,3033.0,3037.0,2951.0,-4.0,21.0,19.0,113.0,2122.0,611.0,829.0,복수동 서부경찰서,서구,복수동,36.30844,127.373555,6071,-0.007,0.2879,0.9719,1.86,2.0,-6.0,157.0,혼합/생활형
ST0366,5650.0,5654.0,5506.0,-4.0,0.0,7.0,237.0,4804.0,914.0,702.0,궁동 충남대학교 약학대학,유성구,궁동,36.368553,127.343705,11304,-0.007,0.1903,0.3635,2.1,-7.0,3.0,293.0,혼합/생활형
ST0816,3790.0,3794.0,3642.0,-4.0,11.0,19.0,110.0,2658.0,1049.0,984.0,원내동 한아름아파트 상가동,유성구,원내동,36.296059,127.320214,7584,-0.007,0.3947,0.921,1.45,-8.0,4.0,193.8,혼합/생활형
ST0226,3326.0,3330.0,3202.0,-4.0,25.0,30.0,170.0,2442.0,854.0,760.0,원신흥동 목원대네거리(도로교통공단 방면) 정류장,유성구,원신흥동,36.332575,127.339389,6656,-0.007,0.3497,0.7743,2.55,-5.0,1.0,170.4,혼합/생활형
ST1337,1601.0,1605.0,1574.0,-4.0,0.0,5.0,92.0,1153.0,383.0,421.0,가양동 671,동구,가양동,36.347545,127.45001,3206,-0.007,0.3322,0.9084,2.87,-5.0,1.0,83.8,혼합/생활형
ST1332,5208.0,5212.0,5034.0,-4.0,14.0,22.0,297.0,3818.0,1552.0,1216.0,인동 한국전기안전공사,동구,인동,36.323367,127.435182,10422,-0.007,0.4065,0.7923,2.85,-8.0,4.0,267.9,출퇴근형
ST0294,1151.0,1155.0,1123.0,-4.0,6.0,11.0,58.0,853.0,282.0,270.0,법동 보람아파트,대덕구,법동,36.366409,127.4304,2306,-0.007,0.3306,0.7875,2.52,-5.0,1.0,59.8,혼합/생활형
ST0234,6134.0,6138.0,5903.0,-4.0,43.0,57.0,295.0,4331.0,1550.0,1572.0,원신흥동 도안 10단지 휴먼시아 건너편(1010동),유성구,원신흥동,36.338364,127.338494,12274,-0.007,0.3579,0.903,2.4,-14.0,10.0,314.1,혼합/생활형
ST0659,1660.0,1664.0,1617.0,-4.0,5.0,13.0,70.0,1226.0,488.0,391.0,용전동 한전대전세종충남지역본부 입구 정류장,동구,용전동,36.357675,127.434544,3324,-0.007,0.398,0.7934,2.11,-8.0,4.0,86.1,혼합/생활형
ST0718,4347.0,4351.0,4237.0,-4.0,17.0,26.0,161.0,3093.0,1283.0,1144.0,갈마동 서구보훈회관 공원,서구,갈마동,36.348589,127.368438,8698,-0.007,0.4148,0.9202,1.85,-9.0,5.0,225.5,혼합/생활형
ST1304,2124.0,2128.0,2041.0,-4.0,18.0,24.0,157.0,1469.0,532.0,572.0,판암동 판암역 3번출구,동구,판암동,36.317195,127.458172,4252,-0.007,0.3622,0.9687,3.69,-6.0,2.0,108.6,혼합/생활형
ST0753,3648.0,3652.0,3555.0,-4.0,7.0,15.0,140.0,2561.0,939.0,994.0,지족동 반석마을1단지호반리젠시빌 102동,유성구,지족동,36.387894,127.310805,7300,-0.007,0.3667,0.9656,1.92,-8.0,4.0,189.2,혼합/생활형
ST1325,1108.0,1112.0,1090.0,-4.0,1.0,5.0,64.0,870.0,335.0,220.0,대동 대전지식산업센터,동구,대동,36.32711,127.444093,2220,-0.007,0.3851,0.6291,2.88,-4.0,0.0,58.0,혼합/생활형
ST0787,3381.0,3385.0,3241.0,-4.0,22.0,31.0,98.0,2103.0,952.0,1138.0,도안동 나비어린이공원,서구,도안동,36.315173,127.350166,6766,-0.007,0.4527,1.3462,1.45,-9.0,5.0,172.5,혼합/생활형
ST0709,3575.0,3579.0,3492.0,-4.0,6.0,14.0,148.0,2675.0,1159.0,817.0,둔산동 파랑새아파트 서측입구,서구,둔산동,36.356397,127.37449,7154,-0.007,0.4333,0.7598,2.07,-8.0,4.0,185.8,출퇴근형
ST0556,628.0,632.0,620.0,-4.0,1.0,10.0,35.0,464.0,189.0,156.0,내동 장난감할인마트,서구,내동,36.334194,127.36925,1260,-0.007,0.4073,0.8364,2.78,-9.0,5.0,33.0,혼합/생활형
ST1501,2300.0,2304.0,2246.0,-4.0,20.0,17.0,157.0,1635.0,753.0,611.0,선화동 대전한신더휴리저브 1102동,중구,선화동,36.334846,127.421184,4604,-0.007,0.4606,0.9297,3.41,3.0,-7.0,119.5,혼합/생활형
ST1189,1533.0,1537.0,1490.0,-4.0,3.0,5.0,85.0,1065.0,378.0,425.0,가양동 대주파크빌 이마트24,동구,가양동,36.344007,127.448295,3070,-0.007,0.3549,0.9928,2.77,-2.0,-2.0,79.3,혼합/생활형
ST0273,1435.0,1439.0,1375.0,-4.0,0.0,6.0,35.0,1038.0,445.0,337.0,원내동 서일여고 입구 건너편,유성구,원내동,36.295188,127.321062,2875,-0.007,0.4287,0.8077,1.22,-6.0,2.0,73.2,혼합/생활형
ST0864,507.0,511.0,482.0,-4.0,0.0,4.0,24.0,395.0,199.0,87.0,상서동 쌍용자동차 대전서비스센터 정류장,대덕구,상서동,36.427679,127.422701,1018,-0.007,0.5038,0.5479,2.36,-4.0,0.0,25.7,판정 불가
ST0658,839.0,843.0,807.0,-4.0,2.0,6.0,44.0,607.0,197.0,200.0,용전동 LG전자 동대전서비스센터,동구,용전동,36.355014,127.437729,1682,-0.007,0.3245,0.8197,2.62,-4.0,0.0,42.9,혼합/생활형
ST0759,2722.0,2726.0,2636.0,-4.0,8.0,19.0,124.0,1932.0,909.0,704.0,신성동 KT&G중앙연구원,유성구,신성동,36.384161,127.347256,5448,-0.007,0.4705,0.9065,2.28,-11.0,7.0,140.3,혼합/생활형
ST1378,770.0,774.0,752.0,-4.0,7.0,8.0,44.0,566.0,235.0,186.0,선화동 양지 근린 공원,중구,선화동,36.324408,127.416411,1544,-0.007,0.4152,0.8175,2.85,-1.0,-3.0,40.0,혼합/생활형
ST0980,976.0,980.0,961.0,-4.0,0.0,4.0,55.0,656.0,226.0,305.0,가양동 두원빌라(A동),동구,가양동,36.349513,127.449036,1956,-0.007,0.3445,1.1567,2.81,-4.0,0.0,51.1,혼합/생활형
ST1435,1550.0,1554.0,1518.0,-4.0,3.0,6.0,133.0,1036.0,380.0,482.0,탄방동 둔산자이아이파크 104동,서구,탄방동,36.340978,127.377845,3104,-0.007,0.3668,1.1575,4.28,-3.0,-1.0,80.8,혼합/생활형
ST0656,1648.0,1652.0,1586.0,-4.0,1.0,5.0,80.0,1112.0,356.0,474.0,비래동 비래프라자,대덕구,비래동,36.354552,127.449529,3301,-0.007,0.3201,1.0604,2.42,-4.0,0.0,84.4,혼합/생활형
ST1309,3498.0,3502.0,3403.0,-4.0,18.0,24.0,199.0,2558.0,904.0,845.0,선화동 해모로아파트(105동),중구,선화동,36.329277,127.417225,7000,-0.007,0.3534,0.8218,2.84,-6.0,2.0,181.1,혼합/생활형
ST0481,579.0,584.0,570.0,-5.0,0.0,4.0,34.0,423.0,229.0,147.0,대화동 대화아파트 건너편,대덕구,대화동,36.367919,127.41413,1163,-0.009,0.5414,0.8646,2.92,-4.0,-1.0,30.3,혼합/생활형
ST0580,1210.0,1215.0,1178.0,-5.0,9.0,15.0,79.0,845.0,328.0,333.0,가오동 은어송마을 3단지 상가,동구,가오동,36.310467,127.459805,2425,-0.009,0.3882,0.9804,3.26,-6.0,1.0,62.7,혼합/생활형
ST0639,5104.0,5109.0,4959.0,-5.0,24.0,28.0,290.0,3950.0,1312.0,1009.0,원동네거리 요양병원,동구,인동,36.32646,127.435608,10213,-0.009,0.3322,0.6355,2.84,-4.0,-1.0,263.9,혼합/생활형
ST1231,2370.0,2375.0,2260.0,-5.0,13.0,14.0,78.0,1617.0,727.0,643.0,정림동 도솔순대국밥,서구,정림동,36.308896,127.367383,4746,-0.009,0.4496,0.9893,1.64,-1.0,-4.0,120.3,혼합/생활형
ST0976,1028.0,1033.0,1004.0,-5.0,0.0,5.0,63.0,770.0,296.0,234.0,송촌동 송촌서오아파트(104동),대덕구,송촌동,36.359496,127.445773,2061,-0.009,0.3844,0.756,3.06,-5.0,0.0,53.4,혼합/생활형
ST0961,5627.0,5632.0,5470.0,-5.0,9.0,14.0,293.0,4158.0,1390.0,1312.0,선화동 충청남도 대전학사관,중구,선화동,36.326144,127.419176,11259,-0.009,0.3343,0.785,2.6,-5.0,0.0,291.1,혼합/생활형
ST1009,3462.0,3467.0,3359.0,-5.0,19.0,31.0,200.0,2260.0,780.0,1099.0,가오동 신흥교회,동구,가오동,36.306,127.451932,6929,-0.009,0.3451,1.2098,2.89,-12.0,7.0,178.8,혼합/생활형
ST1483,500.0,505.0,486.0,-5.0,1.0,6.0,24.0,311.0,101.0,175.0,관저동 봉우재 근린공원,서구,관저동,36.30593,127.333991,1005,-0.009,0.3248,1.3999,2.39,-5.0,0.0,25.9,판정 불가
ST1422,4579.0,4584.0,4442.0,-5.0,46.0,42.0,331.0,3311.0,1565.0,1131.0,전민동 청구나래아파트(101동),유성구,전민동,36.401061,127.404744,9164,-0.009,0.4727,0.8498,3.61,4.0,-9.0,236.4,혼합/생활형
ST0648,1711.0,1716.0,1680.0,-5.0,4.0,7.0,86.0,1258.0,411.0,422.0,가양2동 행정복지센터 건너편,동구,가양동,36.349025,127.448029,3427,-0.009,0.3267,0.8345,2.51,-3.0,-2.0,89.4,혼합/생활형
ST0922,1629.0,1634.0,1576.0,-5.0,3.0,8.0,56.0,1121.0,359.0,455.0,산성동 주원교회 건너편,중구,사정동,36.295903,127.386592,3263,-0.009,0.3202,1.0098,1.72,-5.0,0.0,83.9,혼합/생활형
ST0624,463.0,468.0,452.0,-5.0,5.0,14.0,29.0,317.0,136.0,135.0,성남동 휴먼시아 스마트뷰 정류장(104동),동구,성남동,36.34369,127.433993,931,-0.009,0.429,1.0595,3.11,-9.0,4.0,24.1,판정 불가
ST1467,2347.0,2352.0,2289.0,-5.0,8.0,8.0,213.0,1668.0,705.0,621.0,갈마동 경성유치원,서구,갈마동,36.343341,127.378955,4699,-0.009,0.4227,0.9262,4.53,0.0,-5.0,121.8,혼합/생활형
ST1446,204.0,209.0,200.0,-5.0,1.0,1.0,15.0,136.0,44.0,64.0,대정동 대전종합유통단지,유성구,대정동,36.316988,127.319695,413,-0.009,0.3235,1.1707,3.63,0.0,-5.0,10.6,판정 불가
ST1100,7382.0,7387.0,7082.0,-5.0,15.0,26.0,368.0,5310.0,1940.0,1772.0,대동 이앤엠학원,동구,대동,36.331488,127.444099,14769,-0.009,0.3653,0.8302,2.49,-11.0,6.0,376.9,혼합/생활형
ST1299,1093.0,1098.0,1070.0,-5.0,3.0,11.0,48.0,905.0,309.0,165.0,화암동 만남의 광장(북대전IC),유성구,화암동,36.416664,127.377146,2191,-0.009,0.3414,0.4536,2.19,-8.0,3.0,56.9,혼합/생활형
ST1500,2335.0,2340.0,2279.0,-5.0,6.0,10.0,143.0,1494.0,799.0,785.0,유천동 서대전역 후문 출구,중구,유천동,36.322708,127.402674,4675,-0.009,0.5348,1.3072,3.06,-4.0,-1.0,121.3,혼합/생활형
ST0971,739.0,744.0,721.0,-5.0,1.0,0.0,30.0,472.0,187.0,249.0,비래동 유앤미아파트,대덕구,비래동,36.360221,127.450114,1483,-0.009,0.3962,1.3124,2.02,1.0,-6.0,38.4,혼합/생활형
ST0185,11286.0,11291.0,10901.0,-5.0,40.0,32.0,405.0,8048.0,4504.0,2853.0,신성동 연구단지운동장 건너편,유성구,신성동,36.385517,127.353701,22578,-0.009,0.5596,0.8819,1.79,8.0,-13.0,580.1,혼합/생활형
ST0561,1666.0,1671.0,1635.0,-5.0,5.0,13.0,85.0,1141.0,305.0,494.0,도마동 대아아파트(104동),서구,도마동,36.325565,127.370232,3337,-0.009,0.2673,1.0771,2.55,-8.0,3.0,87.0,혼합/생활형
ST1138,16813.0,16818.0,16173.0,-5.0,54.0,82.0,711.0,10600.0,3502.0,5573.0,도안동 갑천3블럭 트리풀시티(302동),서구,도안동,36.325177,127.348356,33632,-0.009,0.3304,1.308,2.11,-28.0,23.0,860.7,혼합/생활형
ST0596,3391.0,3396.0,3262.0,-5.0,18.0,20.0,187.0,2323.0,809.0,939.0,대성동삼거리 옥계교방면 정류장,동구,대성동,36.296462,127.459355,6787,-0.009,0.3483,1.0056,2.76,-2.0,-3.0,173.6,혼합/생활형
ST1381,3101.0,3106.0,3014.0,-5.0,9.0,10.0,176.0,2192.0,825.0,822.0,선화동 해모로더센트라아파트 107동,중구,선화동,36.328264,127.41568,6207,-0.009,0.3764,0.9329,2.84,-1.0,-4.0,160.4,혼합/생활형
ST1185,2961.0,2967.0,2873.0,-6.0,14.0,26.0,164.0,1954.0,775.0,919.0,중리동 양무리교회,대덕구,중리동,36.362762,127.425302,5928,-0.01,0.3966,1.1701,2.77,-12.0,6.0,152.9,혼합/생활형
ST1289,4466.0,4472.0,4317.0,-6.0,12.0,19.0,197.0,2968.0,1076.0,1349.0,원신흥동 569-1,유성구,원신흥동,36.334958,127.335917,8938,-0.01,0.3625,1.1307,2.2,-7.0,1.0,229.7,혼합/생활형
ST0995,1268.0,1274.0,1237.0,-6.0,2.0,5.0,60.0,873.0,283.0,364.0,용운동 한화꿈에그린 입구,동구,용운동,36.332435,127.457031,2542,-0.01,0.3242,1.0373,2.36,-3.0,-3.0,65.8,혼합/생활형
ST1452,661.0,667.0,647.0,-6.0,2.0,3.0,33.0,478.0,163.0,169.0,삼성동 대전역대라수 1차 101동 옆,동구,삼성동,36.338164,127.430175,1328,-0.01,0.341,0.8796,2.48,-1.0,-5.0,34.4,혼합/생활형
ST0004,6310.0,6316.0,6103.0,-6.0,40.0,54.0,310.0,4446.0,1575.0,1657.0,탄방동_한가람아파트(2동),서구,탄방동,36.348201,127.390409,12626,-0.01,0.3543,0.9272,2.46,-14.0,8.0,324.8,혼합/생활형
ST0270,6571.0,6577.0,6297.0,-6.0,7.0,19.0,171.0,4402.0,1225.0,1895.0,원내동 샘물타운(301동),유성구,원내동,36.299738,127.320331,13148,-0.01,0.2783,1.071,1.3,-12.0,6.0,335.1,혼합/생활형
ST0081,3608.0,3614.0,3461.0,-6.0,10.0,18.0,191.0,2471.0,643.0,990.0,오정동 한남대학교 사회과학대학,대덕구,오정동,36.351517,127.422724,7222,-0.01,0.2602,0.9967,2.64,-8.0,2.0,184.2,혼합/생활형
ST0812,949.0,955.0,910.0,-6.0,1.0,5.0,29.0,658.0,211.0,252.0,관저동 진잠네거리 관저더샵아파트 방면,서구,관저동,36.298122,127.324051,1904,-0.01,0.3207,0.9528,1.52,-4.0,-2.0,48.4,혼합/생활형
ST1404,2332.0,2338.0,2254.0,-6.0,26.0,28.0,129.0,1714.0,627.0,540.0,효동행정복지센터,동구,천동,36.316883,127.44283,4670,-0.01,0.3658,0.7838,2.76,-2.0,-4.0,120.0,혼합/생활형
ST0986,964.0,970.0,932.0,-6.0,1.0,6.0,59.0,749.0,290.0,183.0,가양동 녹십자약국,동구,가양동,36.346302,127.445393,1934,-0.01,0.3872,0.6078,3.05,-5.0,-1.0,49.6,혼합/생활형
ST0228,8120.0,8126.0,7862.0,-6.0,13.0,36.0,305.0,5636.0,2133.0,2226.0,원신흥동 도안 11단지 천년나무 건너편(1110동),유성구,원신흥동,36.339989,127.344277,16246,-0.01,0.3785,0.9826,1.88,-23.0,17.0,418.4,혼합/생활형
ST1124,3427.0,3433.0,3299.0,-6.0,14.0,22.0,247.0,2395.0,864.0,904.0,문창동 남대전등기소 건너편,중구,문창동,36.311635,127.438205,6860,-0.01,0.3608,0.939,3.6,-8.0,2.0,175.6,혼합/생활형
ST1291,8686.0,8692.0,8379.0,-6.0,28.0,51.0,341.0,6266.0,2693.0,2113.0,월평동 대전일보사 앞,서구,월평동,36.353918,127.363272,17378,-0.01,0.4298,0.8389,1.96,-23.0,17.0,445.9,혼합/생활형
ST1390,597.0,603.0,580.0,-6.0,1.0,6.0,40.0,419.0,152.0,161.0,상서동 GS LPG 충전소,대덕구,상서동,36.421924,127.419306,1200,-0.01,0.3628,0.9559,3.33,-5.0,-1.0,30.9,혼합/생활형
ST1456,1046.0,1052.0,1024.0,-6.0,4.0,7.0,68.0,751.0,317.0,273.0,천동 리더스시티 5단지아파트 511동,동구,천동,36.319097,127.446311,2098,-0.01,0.4221,0.9044,3.24,-3.0,-3.0,54.5,혼합/생활형
ST0222,3562.0,3568.0,3456.0,-6.0,16.0,26.0,203.0,2442.0,758.0,1014.0,원신흥동 도안 12단지 어울림하트(1201동),유성구,원신흥동,36.332429,127.341258,7130,-0.01,0.3104,1.033,2.85,-10.0,4.0,183.9,혼합/생활형
ST0069,12116.0,12122.0,11671.0,-6.0,13.0,26.0,499.0,8228.0,2792.0,3443.0,용전동 대전복합버스터미널,동구,용전동,36.348687,127.434839,24238,-0.01,0.3393,1.041,2.06,-13.0,7.0,621.1,혼합/생활형
ST0452,5629.0,5635.0,5428.0,-6.0,13.0,29.0,314.0,4013.0,1912.0,1415.0,만년동 빽다방,서구,만년동,36.368537,127.38252,11264,-0.01,0.4765,0.8772,2.79,-16.0,10.0,288.9,혼합/생활형
ST0601,8266.0,8272.0,7930.0,-6.0,53.0,63.0,489.0,6019.0,2317.0,1911.0,인동 대전동부경찰서,동구,인동,36.322447,127.441701,16538,-0.01,0.3849,0.7899,2.96,-10.0,4.0,422.0,혼합/생활형
ST1092,5651.0,5658.0,5452.0,-7.0,26.0,31.0,398.0,4060.0,1623.0,1392.0,괴정동 경성스포츠,서구,괴정동,36.336619,127.378365,11309,-0.012,0.3998,0.853,3.52,-5.0,-2.0,290.1,혼합/생활형
ST0682,12144.0,12151.0,11776.0,-7.0,50.0,51.0,538.0,8677.0,2789.0,3099.0,선화동 농협중앙회 대전본부,중구,선화동,36.32761,127.422466,24297,-0.012,0.3214,0.8885,2.21,-1.0,-6.0,626.7,혼합/생활형
ST0420,6833.0,6840.0,6583.0,-7.0,25.0,36.0,268.0,4713.0,1517.0,1870.0,봉명동 도안휴먼시아 6단지,유성구,봉명동,36.345581,127.340663,13673,-0.012,0.3219,0.9871,1.96,-11.0,4.0,350.3,혼합/생활형
ST0484,2654.0,2661.0,2508.0,-7.0,9.0,14.0,113.0,1686.0,706.0,822.0,장대동 장대노인회관,유성구,장대동,36.359474,127.333415,5315,-0.012,0.4187,1.2129,2.13,-5.0,-2.0,133.5,혼합/생활형
ST0240,4624.0,4631.0,4474.0,-7.0,26.0,36.0,169.0,3215.0,1143.0,1259.0,도안동 17단지 계룡리슈빌(1701동),서구,도안동,36.313916,127.345964,9255,-0.012,0.3555,0.9742,1.83,-10.0,3.0,238.1,혼합/생활형
ST0629,3592.0,3599.0,3507.0,-7.0,32.0,51.0,223.0,2658.0,1065.0,849.0,천동초등학교(천동휴먼시아 방면) 정류장,동구,천동,36.315852,127.444459,7191,-0.012,0.4007,0.7946,3.1,-19.0,12.0,186.6,출퇴근형
ST1406,1831.0,1838.0,1781.0,-7.0,4.0,10.0,129.0,1261.0,451.0,520.0,판암동 동신중학교,동구,판암동,36.321223,127.459016,3669,-0.012,0.3577,1.0259,3.52,-6.0,-1.0,94.8,혼합/생활형
ST1194,10744.0,10751.0,10376.0,-7.0,71.0,86.0,402.0,9064.0,4700.0,1312.0,관평동 대덕비즈센터 남문 맞은편,유성구,관평동,36.431629,127.393935,21495,-0.012,0.5185,0.3601,1.87,-15.0,8.0,552.2,출퇴근형
ST1470,928.0,935.0,896.0,-7.0,4.0,16.0,85.0,615.0,287.0,281.0,둔산동 수정타운아파트 7동,서구,둔산동,36.360716,127.396623,1863,-0.012,0.4667,1.1367,4.56,-12.0,5.0,47.7,혼합/생활형
ST0804,4321.0,4328.0,4235.0,-7.0,24.0,36.0,117.0,3001.0,1008.0,1234.0,관저동 다온숲3단지아파트 312동 건너편,서구,관저동,36.293727,127.340468,8649,-0.012,0.3359,1.023,1.35,-12.0,5.0,225.4,혼합/생활형
ST1268,1260.0,1267.0,1233.0,-7.0,1.0,8.0,88.0,919.0,328.0,314.0,갈마동 성원빌라 앞,서구,갈마동,36.341388,127.374238,2527,-0.012,0.3569,0.85,3.48,-7.0,0.0,65.6,혼합/생활형
ST0012,17906.0,17913.0,17285.0,-7.0,39.0,56.0,1004.0,13205.0,5243.0,4080.0,둔산동 시청역 8번출구,서구,둔산동,36.350583,127.386942,35819,-0.012,0.397,0.7687,2.8,-17.0,10.0,919.9,혼합/생활형
ST1211,8557.0,8564.0,8334.0,-7.0,21.0,33.0,505.0,5887.0,1890.0,2447.0,갈마동 갈마육교(동산맨션),서구,갈마동,36.350877,127.371824,17121,-0.012,0.321,1.0341,2.95,-12.0,5.0,443.5,혼합/생활형
ST0376,22306.0,22313.0,21454.0,-7.0,27.0,37.0,647.0,15929.0,6320.0,5525.0,구성동 카이스트 세종관,유성구,구성동,36.370768,127.366645,44623,-0.012,0.3968,0.8629,1.45,-10.0,3.0,1141.7,혼합/생활형
ST1308,2397.0,2404.0,2321.0,-7.0,11.0,14.0,116.0,1874.0,628.0,447.0,대흥동 구)중부경찰서,중구,대흥동,36.327155,127.42234,4801,-0.012,0.3351,0.5934,2.42,-3.0,-4.0,123.5,혼합/생활형
ST0564,1429.0,1436.0,1372.0,-7.0,2.0,10.0,59.0,941.0,247.0,431.0,도마동 정철어학원,서구,도마동,36.323368,127.370419,2865,-0.012,0.2625,1.1395,2.06,-8.0,1.0,73.0,여가형
ST0007,12336.0,12343.0,11971.0,-7.0,41.0,62.0,799.0,8730.0,3245.0,3241.0,둔산동 한마루아파트 5동,서구,둔산동,36.354587,127.390468,24680,-0.012,0.3717,0.9236,3.24,-21.0,14.0,637.1,혼합/생활형
ST0390,6973.0,6980.0,6771.0,-7.0,11.0,15.0,457.0,5400.0,2051.0,1371.0,탄방동 국민연금서대전지사 정류장(탄방역 방면),서구,탄방동,36.346224,127.382461,13953,-0.012,0.3798,0.6316,3.28,-4.0,-3.0,360.3,혼합/생활형
ST1331,2664.0,2671.0,2601.0,-7.0,8.0,16.0,159.0,1985.0,743.0,616.0,삼성동 선화교(대전역 방향),동구,삼성동,36.333143,127.425781,5335,-0.012,0.3743,0.772,2.98,-8.0,1.0,138.4,혼합/생활형
ST0454,6017.0,6024.0,5786.0,-7.0,6.0,16.0,331.0,4306.0,1684.0,1480.0,만년동 수정빌딩 주차타워,서구,만년동,36.366118,127.382011,12041,-0.012,0.3911,0.8551,2.75,-10.0,3.0,307.9,혼합/생활형
ST0791,4722.0,4729.0,4557.0,-7.0,23.0,36.0,160.0,3032.0,1132.0,1525.0,가수원동 용소수변공원,서구,가수원동,36.31164,127.352399,9451,-0.012,0.3734,1.2513,1.69,-13.0,6.0,242.5,혼합/생활형
ST1377,1718.0,1725.0,1682.0,-7.0,1.0,5.0,108.0,1313.0,440.0,369.0,대흥동 성모오거리 정류장(대전고등학교 방변),중구,대흥동,36.323551,127.420808,3443,-0.012,0.3351,0.6992,3.14,-4.0,-3.0,89.5,혼합/생활형
ST1485,2055.0,2062.0,1980.0,-7.0,5.0,12.0,78.0,1581.0,296.0,399.0,관저동 건양대학교 청림학사,서구,관저동,36.305223,127.344718,4117,-0.012,0.1872,0.6279,1.89,-7.0,0.0,105.4,혼합/생활형
ST0904,5326.0,5333.0,5162.0,-7.0,8.0,16.0,152.0,3649.0,1317.0,1513.0,지족동 열매마을 7단지(708동),유성구,지족동,36.373125,127.322829,10659,-0.012,0.3609,1.0315,1.43,-8.0,1.0,274.7,혼합/생활형
ST0533,2961.0,2969.0,2822.0,-8.0,27.0,31.0,114.0,2121.0,898.0,701.0,산성동 한소망교회,중구,산성동,36.310262,127.39029,5930,-0.014,0.4234,0.8222,1.92,-4.0,-4.0,150.2,혼합/생활형
ST0008,31934.0,31942.0,30842.0,-8.0,114.0,137.0,1729.0,23360.0,9482.0,7482.0,둔산동 농협 둔산중앙지점,서구,둔산동,36.358919,127.390044,63876,-0.014,0.4059,0.7968,2.71,-23.0,15.0,1641.3,출퇴근형
ST0255,2888.0,2896.0,2793.0,-8.0,7.0,19.0,109.0,1804.0,591.0,989.0,관저동 마치광장 서측,서구,관저동,36.297879,127.33699,5784,-0.014,0.3276,1.3639,1.88,-12.0,4.0,148.6,혼합/생활형
ST0082,2472.0,2480.0,2395.0,-8.0,1.0,6.0,124.0,1618.0,498.0,777.0,소제동 대전역 동광장 휠타이어,동구,소제동,36.333743,127.439426,4952,-0.014,0.3078,1.1947,2.5,-5.0,-3.0,127.5,혼합/생활형
ST0731,8571.0,8579.0,8240.0,-8.0,32.0,45.0,448.0,5961.0,2773.0,2279.0,용문동 도산서원(남선공원네거리 방면) 정류장,서구,용문동,36.343026,127.3996,17150,-0.014,0.4652,0.9511,2.61,-13.0,5.0,438.5,혼합/생활형
ST0912,4407.0,4415.0,4217.0,-8.0,33.0,36.0,175.0,3080.0,1352.0,1137.0,송강동 송강청솔아파트 상가,유성구,송강동,36.436395,127.383657,8822,-0.014,0.439,0.9184,1.98,-3.0,-5.0,224.4,혼합/생활형
ST0662,4182.0,4190.0,4068.0,-8.0,3.0,11.0,147.0,3014.0,930.0,1054.0,용전동 용전노인정,동구,용전동,36.351448,127.433624,8372,-0.014,0.3086,0.87,1.76,-8.0,0.0,216.5,혼합/생활형
ST0488,4003.0,4011.0,3885.0,-8.0,2.0,16.0,137.0,2510.0,840.0,1375.0,장대동 장대경로당,유성구,장대동,36.358896,127.335469,8014,-0.014,0.3347,1.3628,1.71,-14.0,6.0,206.7,혼합/생활형
ST1288,2811.0,2819.0,2733.0,-8.0,16.0,24.0,118.0,2133.0,948.0,600.0,자운동 국군대전병원,유성구,자운동,36.401502,127.34822,5630,-0.014,0.4444,0.6998,2.1,-8.0,0.0,145.4,출퇴근형
ST0498,1404.0,1412.0,1356.0,-8.0,3.0,9.0,37.0,863.0,328.0,493.0,산성동 으뜸마을,중구,산성동,36.301882,127.388819,2816,-0.014,0.3801,1.4212,1.31,-6.0,-2.0,72.2,혼합/생활형
ST1510,944.0,952.0,912.0,-8.0,7.0,11.0,52.0,637.0,249.0,275.0,태평동 버드내마을1단지 119동 앞,중구,태평동,36.317428,127.386364,1896,-0.014,0.3909,1.074,2.74,-4.0,-4.0,48.5,혼합/생활형
ST1187,3470.0,3478.0,3362.0,-8.0,4.0,16.0,103.0,1863.0,512.0,1499.0,안영동 한국효문화진흥원,중구,안영동,36.285163,127.383285,6948,-0.014,0.2748,2.0017,1.48,-12.0,4.0,178.9,여가형
ST0674,5130.0,5138.0,4943.0,-8.0,7.0,26.0,281.0,3942.0,1751.0,1001.0,가양동 동구국민체육센터 건너편,동구,가양동,36.339091,127.438947,10268,-0.014,0.4442,0.6317,2.74,-19.0,11.0,263.1,출퇴근형
ST1006,881.0,889.0,853.0,-8.0,3.0,6.0,34.0,582.0,271.0,271.0,옥계동 하남아파트 A동,중구,옥계동,36.300593,127.454851,1770,-0.014,0.4656,1.1584,1.92,-3.0,-5.0,45.4,혼합/생활형
ST0440,7088.0,7096.0,6839.0,-8.0,38.0,52.0,474.0,5296.0,2009.0,1543.0,둔산동 시청역 4번출구,서구,둔산동,36.35152,127.386521,14184,-0.014,0.3793,0.7248,3.34,-14.0,6.0,363.9,혼합/생활형
ST1318,2779.0,2787.0,2687.0,-8.0,11.0,23.0,138.0,1978.0,684.0,709.0,대동 대동역 5번출구,동구,대동,36.330245,127.44229,5566,-0.014,0.3458,0.8917,2.48,-12.0,4.0,143.0,혼합/생활형
ST0271,1972.0,1980.0,1929.0,-8.0,3.0,9.0,54.0,1429.0,431.0,500.0,원내동 샘물타운(305동),유성구,원내동,36.299599,127.322607,3952,-0.014,0.3016,0.8705,1.37,-6.0,-2.0,102.7,혼합/생활형
ST0239,6149.0,6157.0,5933.0,-8.0,37.0,51.0,229.0,4295.0,1575.0,1638.0,도안동 도안 17단지 베르디움(104동),서구,도안동,36.312868,127.349708,12306,-0.014,0.3667,0.9488,1.86,-14.0,6.0,315.7,혼합/생활형
ST1020,20337.0,20345.0,19804.0,-8.0,20.0,43.0,827.0,15066.0,5998.0,4738.0,궁동 충대정문오거리1(정문),유성구,궁동,36.362495,127.344141,40683,-0.014,0.3981,0.7824,2.03,-23.0,15.0,1053.9,혼합/생활형
ST1008,2410.0,2419.0,2322.0,-9.0,3.0,11.0,162.0,1742.0,642.0,580.0,천동 주공아파트 버스정류장(12동),동구,가오동,36.308115,127.449764,4829,-0.016,0.3685,0.8283,3.35,-8.0,-1.0,123.6,혼합/생활형
ST1147,2947.0,2956.0,2848.0,-9.0,9.0,20.0,132.0,2100.0,669.0,748.0,석봉동 평안정형외과 건너편,대덕구,석봉동,36.444681,127.424951,5903,-0.016,0.3186,0.8861,2.24,-11.0,2.0,151.6,혼합/생활형
ST0842,1532.0,1541.0,1490.0,-9.0,4.0,15.0,96.0,1031.0,375.0,459.0,중리동 계족로(송애당 입구) 방면,대덕구,중리동,36.364568,127.431422,3073,-0.016,0.3637,1.1076,3.12,-11.0,2.0,79.3,혼합/생활형
ST1117,4061.0,4070.0,3896.0,-9.0,24.0,29.0,155.0,2777.0,993.0,1119.0,관저동 대자연마을 101동,서구,관저동,36.304785,127.338944,8131,-0.016,0.3576,1.0025,1.91,-5.0,-4.0,207.3,혼합/생활형
ST0516,6214.0,6223.0,6028.0,-9.0,5.0,17.0,234.0,4314.0,1569.0,1714.0,문화동 하우스토리 1차,중구,대사동,36.320166,127.415835,12437,-0.016,0.3637,0.9884,1.88,-12.0,3.0,320.8,혼합/생활형
ST1402,642.0,651.0,634.0,-9.0,0.0,4.0,35.0,541.0,212.0,93.0,연축동 성우동산 정류장(대한통운종점 방면),대덕구,연축동,36.388757,127.421399,1293,-0.016,0.3919,0.4277,2.71,-4.0,-5.0,33.7,혼합/생활형
ST1511,651.0,660.0,637.0,-9.0,2.0,7.0,27.0,544.0,169.0,93.0,부사동 255-1,중구,부사동,36.313788,127.429328,1311,-0.016,0.3107,0.4253,2.06,-5.0,-4.0,33.9,혼합/생활형
ST1424,5605.0,5614.0,5439.0,-9.0,7.0,22.0,279.0,3562.0,1362.0,1877.0,중동 중앙시장 제3공영주차장,동구,중동,36.330163,127.431398,11219,-0.016,0.3824,1.311,2.49,-15.0,6.0,289.4,혼합/생활형
ST1455,1569.0,1578.0,1542.0,-9.0,0.0,7.0,94.0,1057.0,458.0,485.0,중동 대전역 3번출구,동구,중동,36.331643,127.432653,3147,-0.016,0.4333,1.1415,2.99,-7.0,-2.0,82.1,혼합/생활형
ST0202,7421.0,7430.0,7110.0,-9.0,16.0,38.0,246.0,5069.0,2037.0,2041.0,봉명동 도안 2단지 호반베르디움(201동),유성구,봉명동,36.348885,127.347667,14851,-0.016,0.4019,1.0017,1.66,-22.0,13.0,378.4,혼합/생활형
ST0260,1571.0,1580.0,1489.0,-9.0,10.0,23.0,70.0,1074.0,364.0,415.0,관저동 건양대병원네거리(리슈빌110동),서구,관저동,36.302124,127.340835,3151,-0.016,0.3389,0.9613,2.22,-13.0,4.0,79.2,혼합/생활형
ST0754,5834.0,5843.0,5683.0,-9.0,20.0,24.0,164.0,4157.0,1557.0,1526.0,하기동 송림네거리(한국침례신학대학교 방면),유성구,하기동,36.387409,127.322346,11677,-0.016,0.3745,0.9133,1.4,-4.0,-5.0,302.4,혼합/생활형
ST0451,5597.0,5606.0,5401.0,-9.0,4.0,17.0,287.0,4370.0,1848.0,1031.0,만년동 크리스탈웨딩홀,서구,만년동,36.369263,127.381303,11203,-0.016,0.4229,0.5869,2.56,-13.0,4.0,287.4,출퇴근형
ST0713,4561.0,4570.0,4323.0,-9.0,19.0,28.0,215.0,3101.0,1239.0,1222.0,갈마동 갈마지구대,서구,갈마동,36.352519,127.368467,9131,-0.016,0.3995,0.9804,2.35,-9.0,0.0,230.1,혼합/생활형
ST1005,715.0,724.0,692.0,-9.0,3.0,12.0,44.0,467.0,227.0,225.0,옥계동 다조은 노인복지센터,중구,옥계동,36.301953,127.453619,1439,-0.016,0.4861,1.1986,3.06,-9.0,0.0,36.8,혼합/생활형
ST0957,2175.0,2184.0,2056.0,-9.0,4.0,11.0,106.0,1439.0,594.0,617.0,덕암동 신탄진농협 본점,대덕구,덕암동,36.436965,127.422654,4359,-0.016,0.4128,1.0667,2.43,-7.0,-2.0,109.4,혼합/생활형
ST1315,5334.0,5344.0,5118.0,-10.0,30.0,56.0,244.0,3994.0,1410.0,1124.0,삼성동 한밭중네거리(북부교 방면)  ,동구,삼성동,36.337021,127.426846,10678,-0.017,0.353,0.7001,2.29,-26.0,16.0,272.4,혼합/생활형
ST0615,5451.0,5461.0,5277.0,-10.0,7.0,20.0,233.0,3866.0,1397.0,1411.0,용운동 용운종합사회복지관 맞은편,동구,용운동,36.32791,127.454363,10912,-0.017,0.3614,0.908,2.14,-13.0,3.0,280.8,혼합/생활형
ST1386,1947.0,1957.0,1900.0,-10.0,5.0,10.0,97.0,1373.0,504.0,527.0,신탄진동 대덕구육아복합마더센터 건너편,대덕구,신탄진동,36.453091,127.434329,3904,-0.017,0.3671,0.9549,2.48,-5.0,-5.0,101.1,혼합/생활형
ST1480,830.0,840.0,812.0,-10.0,0.0,6.0,33.0,553.0,265.0,259.0,월평동 갑천대교(갑천역 방향),서구,월평동,36.357312,127.358127,1670,-0.017,0.4792,1.1652,1.98,-6.0,-4.0,43.2,혼합/생활형
ST0019,11925.0,11935.0,11585.0,-10.0,18.0,39.0,360.0,8262.0,3363.0,3323.0,월평동 은평공원 테니스장 입구,서구,월평동,36.35867,127.363647,23860,-0.017,0.407,1.0006,1.51,-21.0,11.0,616.5,혼합/생활형
ST1085,35398.0,35408.0,34212.0,-10.0,42.0,84.0,1544.0,24877.0,9086.0,9335.0,봉명동 유성온천역 6번출구,유성구,봉명동,36.354255,127.341439,70806,-0.017,0.3652,0.9335,2.18,-42.0,32.0,1820.7,혼합/생활형
ST1154,5331.0,5341.0,5121.0,-10.0,24.0,37.0,338.0,3539.0,1293.0,1582.0,신탄진동 동일스위트 1단지(101동),대덕구,신탄진동,36.45258,127.43295,10672,-0.017,0.3654,1.1121,3.17,-13.0,3.0,272.5,혼합/생활형
ST0497,1871.0,1881.0,1780.0,-10.0,8.0,22.0,56.0,1175.0,408.0,605.0,산성동 멋티어린이공원,중구,산성동,36.303802,127.384062,3752,-0.017,0.3472,1.281,1.49,-14.0,4.0,94.7,혼합/생활형
ST0259,7867.0,7877.0,7573.0,-10.0,42.0,62.0,261.0,5420.0,1828.0,2153.0,관저동 리슈빌(101동),서구,관저동,36.300166,127.340954,15745,-0.017,0.3373,0.9882,1.66,-20.0,10.0,403.0,혼합/생활형
ST1104,3804.0,3814.0,3717.0,-10.0,16.0,33.0,223.0,2613.0,888.0,1104.0,"선화동 대전중부경찰서,대전세무서 앞",중구,선화동,36.328187,127.420701,7619,-0.017,0.3398,1.0511,2.93,-17.0,7.0,197.8,혼합/생활형
ST0590,1833.0,1843.0,1804.0,-10.0,9.0,21.0,108.0,1290.0,421.0,514.0,낭월동 석천들아파트(101동),동구,낭월동,36.276395,127.468364,3676,-0.017,0.3264,0.9913,2.94,-12.0,2.0,96.0,혼합/생활형
ST0500,2089.0,2099.0,2002.0,-10.0,2.0,16.0,75.0,1522.0,626.0,480.0,안영동 제3노외 주차장 공원,중구,안영동,36.290177,127.379514,4188,-0.017,0.4113,0.7846,1.79,-14.0,4.0,106.5,출퇴근형
ST0806,2272.0,2283.0,2195.0,-11.0,2.0,14.0,61.0,1626.0,643.0,569.0,관저동 관저중흥S클래스프라디움아파트(선유초 방면),서구,관저동,36.294986,127.33775,4555,-0.019,0.3954,0.8706,1.34,-12.0,1.0,116.8,혼합/생활형
ST0582,5013.0,5024.0,4764.0,-11.0,46.0,53.0,406.0,3576.0,1331.0,1188.0,가오동 신한은행,동구,가오동,36.306366,127.457102,10037,-0.019,0.3722,0.8265,4.05,-7.0,-4.0,253.5,혼합/생활형
ST1021,36958.0,36969.0,35862.0,-11.0,17.0,63.0,1655.0,24747.0,7668.0,11115.0,궁동 버스정류장(유성구청 방향),유성구,궁동,36.360527,127.349743,73931,-0.019,0.3099,1.1174,2.24,-46.0,35.0,1908.5,혼합/생활형
ST0274,9179.0,9190.0,8817.0,-11.0,28.0,48.0,241.0,6140.0,1993.0,2677.0,원내동 솔마루어린이공원 입구,유성구,원내동,36.303985,127.320409,18370,-0.019,0.3246,1.0847,1.31,-20.0,9.0,469.2,혼합/생활형
ST1010,3268.0,3279.0,3138.0,-11.0,27.0,44.0,148.0,2430.0,1092.0,708.0,천동 홍익아파트(101동),동구,천동,36.311173,127.447078,6547,-0.019,0.4494,0.7248,2.26,-17.0,6.0,167.0,출퇴근형
ST1107,3086.0,3097.0,2971.0,-11.0,11.0,23.0,125.0,2143.0,733.0,828.0,산성동 에스오일 오월드주유소 맞은편,중구,사정동,36.301471,127.386095,6183,-0.019,0.342,0.9612,2.02,-12.0,1.0,158.1,혼합/생활형
ST0403,8864.0,8875.0,8659.0,-11.0,6.0,32.0,337.0,6743.0,3039.0,1916.0,장대동 온천2동 행정복지센터,유성구,장대동,36.364921,127.333596,17739,-0.019,0.4507,0.7069,1.9,-26.0,15.0,460.8,출퇴근형
ST1101,3641.0,3652.0,3503.0,-11.0,9.0,15.0,196.0,2604.0,963.0,899.0,가양동 아침마을아파트 111동(가양초등학교),동구,가양동,36.34254,127.43938,7293,-0.019,0.3698,0.8589,2.69,-6.0,-5.0,186.4,혼합/생활형
ST0503,4326.0,4337.0,4157.0,-11.0,15.0,32.0,131.0,3203.0,1255.0,954.0,산성동 산성주민복지관,중구,산성동,36.304326,127.383535,8663,-0.019,0.3918,0.741,1.51,-17.0,6.0,221.2,혼합/생활형
ST0013,18766.0,18777.0,18027.0,-11.0,51.0,76.0,1026.0,13019.0,5574.0,5008.0,둔산동 세이브존,서구,둔산동,36.351954,127.395413,37544,-0.019,0.4281,0.957,2.73,-25.0,14.0,959.3,혼합/생활형
ST1109,8658.0,8669.0,8278.0,-11.0,47.0,68.0,464.0,6004.0,2364.0,2274.0,석봉동 엑슬루타워 버스정류장,대덕구,석봉동,36.44952,127.420628,17327,-0.019,0.3937,0.9422,2.68,-21.0,10.0,440.5,혼합/생활형
ST0935,1574.0,1585.0,1526.0,-11.0,11.0,21.0,104.0,1049.0,342.0,477.0,낭월동 우체국,동구,낭월동,36.281293,127.467431,3159,-0.019,0.326,1.1313,3.29,-10.0,-1.0,81.2,혼합/생활형
ST1292,2656.0,2667.0,2567.0,-11.0,7.0,17.0,78.0,1912.0,863.0,655.0,가수원동 은아아파트 2단지,서구,가수원동,36.301008,127.354599,5323,-0.019,0.4514,0.8523,1.47,-10.0,-1.0,136.6,혼합/생활형
ST1112,3609.0,3620.0,3440.0,-11.0,17.0,35.0,246.0,2432.0,681.0,1008.0,부사동 동서가구 부사전시장,중구,부사동,36.313817,127.436338,7229,-0.019,0.28,1.0311,3.4,-18.0,7.0,183.1,혼합/생활형
ST0983,2996.0,3007.0,2896.0,-11.0,3.0,12.0,152.0,2129.0,775.0,767.0,비래동 백마강참숯민물장어,대덕구,비래동,36.352242,127.443058,6003,-0.019,0.364,0.8963,2.53,-9.0,-2.0,154.1,혼합/생활형
ST1130,1956.0,1967.0,1903.0,-11.0,9.0,16.0,138.0,1376.0,536.0,527.0,법동 동부여성가족원,대덕구,법동,36.374272,127.428192,3923,-0.019,0.3895,0.9528,3.52,-7.0,-4.0,101.3,혼합/생활형
ST0901,1818.0,1829.0,1752.0,-11.0,5.0,14.0,67.0,1248.0,419.0,504.0,지족동 열매마을 7단지 입구,유성구,지족동,36.372287,127.321406,3647,-0.019,0.3357,1.0047,1.84,-9.0,-2.0,93.2,혼합/생활형
ST0093,9678.0,9689.0,9376.0,-11.0,9.0,28.0,321.0,6807.0,3837.0,2569.0,월평동 갈마역 4번출구,서구,월평동,36.357967,127.372948,19367,-0.019,0.5637,0.9389,1.66,-19.0,8.0,499.0,혼합/생활형
ST0956,5216.0,5227.0,5000.0,-11.0,15.0,39.0,245.0,3551.0,1444.0,1449.0,평촌동 행복한마을 신일유토빌(102동),대덕구,평촌동,36.438497,127.423392,10443,-0.019,0.4066,1.0152,2.35,-24.0,13.0,266.1,혼합/생활형
ST1190,3699.0,3710.0,3609.0,-11.0,17.0,26.0,197.0,2524.0,878.0,1085.0,용산동 호반써밋정문,유성구,용산동,36.415799,127.392115,7410,-0.019,0.3479,1.0694,2.66,-9.0,-2.0,192.1,혼합/생활형
ST1146,3441.0,3452.0,3337.0,-11.0,4.0,15.0,139.0,2458.0,796.0,879.0,용운동 족발시대 인근,동구,용운동,36.328075,127.457006,6893,-0.019,0.3238,0.8897,2.02,-11.0,0.0,177.6,혼합/생활형
ST1320,5982.0,5993.0,5778.0,-11.0,9.0,17.0,284.0,4284.0,2018.0,1494.0,소제동 대전역 동광장 짜글이 ,동구,소제동,36.332774,127.43795,11975,-0.019,0.4711,0.8676,2.37,-8.0,-3.0,307.5,혼합/생활형
ST0562,5723.0,5734.0,5533.0,-11.0,2.0,19.0,325.0,3998.0,1228.0,1535.0,도마동 서대전여고 목운주택입구 방면 정류장,서구,도마동,36.32669,127.370918,11460,-0.019,0.3072,0.9552,2.84,-17.0,6.0,294.4,혼합/생활형
ST0945,3524.0,3535.0,3400.0,-11.0,5.0,19.0,148.0,2478.0,1038.0,922.0,구즉동 행정복지센터 입구 정류장,유성구,봉산동,36.441154,127.385611,7059,-0.019,0.4189,0.9256,2.1,-14.0,3.0,180.9,혼합/생활형
ST0738,5499.0,5511.0,5294.0,-12.0,17.0,31.0,248.0,4021.0,1615.0,1273.0,갈마동 서부농협하나로마트,서구,갈마동,36.354004,127.367723,11010,-0.021,0.4016,0.7876,2.25,-14.0,2.0,281.7,출퇴근형
ST0948,2151.0,2163.0,2061.0,-12.0,19.0,50.0,101.0,1779.0,1104.0,282.0,문평동 롯데칠성음료 대전공장,대덕구,문평동,36.445467,127.395833,4314,-0.021,0.6206,0.3944,2.34,-31.0,19.0,109.7,출퇴근형
ST0208,7301.0,7313.0,7086.0,-12.0,8.0,22.0,323.0,5110.0,1940.0,1976.0,봉명동 도안 7단지 예미지(701동),유성구,봉명동,36.348237,127.344469,14616,-0.021,0.3796,0.962,2.21,-14.0,2.0,377.1,혼합/생활형
ST0175,1221.0,1233.0,1176.0,-12.0,5.0,17.0,53.0,842.0,341.0,334.0,지족동 인앤인아파트(103동),유성구,지족동,36.384873,127.319635,2454,-0.021,0.405,0.9868,2.16,-12.0,0.0,62.6,혼합/생활형
ST0591,3444.0,3456.0,3323.0,-12.0,18.0,30.0,175.0,2420.0,600.0,903.0,낭월동 석천들아파트 건너편(112동),동구,낭월동,36.276448,127.46708,6900,-0.021,0.2479,0.9283,2.54,-12.0,0.0,176.8,혼합/생활형
ST0048,2971.0,2983.0,2872.0,-12.0,27.0,40.0,216.0,2247.0,762.0,625.0,대성동 대전남부여성가족원,동구,대성동,36.30228,127.459788,5955,-0.021,0.3391,0.692,3.63,-13.0,1.0,152.8,혼합/생활형
ST1115,1787.0,1799.0,1723.0,-12.0,2.0,10.0,94.0,1248.0,486.0,475.0,"옥계동 현대셀프명성주유소, 옥계모터스",중구,옥계동,36.301854,127.452155,3586,-0.021,0.3894,0.9469,2.62,-8.0,-4.0,91.7,혼합/생활형
ST0445,30286.0,30298.0,29132.0,-12.0,49.0,82.0,1288.0,21274.0,7655.0,7858.0,월평동 황실타운 상가,서구,월평동,36.359912,127.37186,60584,-0.021,0.3598,0.9189,2.13,-33.0,21.0,1550.3,혼합/생활형
ST0535,2790.0,2802.0,2726.0,-12.0,6.0,18.0,110.0,2059.0,821.0,667.0,산성동 당디숯불갈비,중구,산성동,36.310054,127.388576,5592,-0.021,0.3987,0.8059,1.97,-12.0,0.0,145.1,혼합/생활형
ST0507,8339.0,8351.0,8090.0,-12.0,28.0,49.0,338.0,5816.0,2133.0,2274.0,문화동 훼미리맨션(A동),중구,문화동,36.317554,127.406964,16690,-0.021,0.3667,0.9727,2.03,-21.0,9.0,430.5,혼합/생활형
ST0776,4158.0,4170.0,4027.0,-12.0,21.0,33.0,170.0,2876.0,865.0,1151.0,도안동 어울림하트아파트 1209동,서구,도안동,36.334378,127.340329,8329,-0.021,0.3008,0.9956,2.04,-12.0,0.0,214.3,혼합/생활형
ST0164,3641.0,3653.0,3506.0,-12.0,23.0,34.0,158.0,2464.0,828.0,1042.0,반석동 반석마을 5단지(504동),유성구,반석동,36.389731,127.309864,7294,-0.021,0.336,1.0521,2.17,-11.0,-1.0,186.6,혼합/생활형
ST0663,3879.0,3891.0,3700.0,-12.0,30.0,55.0,186.0,2818.0,1256.0,882.0,홍도동 시영아파트 2동 정류장,동구,홍도동,36.345421,127.421516,7770,-0.021,0.4457,0.7787,2.39,-25.0,13.0,196.9,출퇴근형
ST0899,7689.0,7701.0,7364.0,-12.0,24.0,49.0,204.0,5272.0,1844.0,2092.0,노은동 CGV,유성구,지족동,36.372578,127.318114,15391,-0.021,0.3498,0.9872,1.33,-25.0,13.0,391.9,혼합/생활형
ST0734,7051.0,7063.0,6858.0,-12.0,7.0,28.0,321.0,5115.0,2167.0,1743.0,오류동 LG유플러스 대전오류사옥 정류장,중구,오류동,36.330056,127.402976,14115,-0.021,0.4237,0.8478,2.27,-21.0,9.0,365.0,혼합/생활형
ST0018,5652.0,5664.0,5458.0,-12.0,2.0,14.0,174.0,3949.0,1821.0,1509.0,월평동 다모아아파트 육교밑(111동),서구,월평동,36.363085,127.366753,11316,-0.021,0.4611,0.9506,1.54,-12.0,0.0,290.5,혼합/생활형
ST1266,2787.0,2799.0,2638.0,-12.0,13.0,21.0,143.0,2062.0,903.0,576.0,법동 법1동행정복지센터,대덕구,법동,36.370816,127.426917,5586,-0.021,0.4379,0.6949,2.56,-8.0,-4.0,140.4,출퇴근형
ST0444,13789.0,13801.0,13322.0,-12.0,22.0,50.0,516.0,9610.0,4263.0,3712.0,월평동 둔산테크노(월평주공3단지 뒤편),서구,월평동,36.364732,127.374154,27591,-0.021,0.4436,0.961,1.87,-28.0,16.0,709.0,혼합/생활형
ST0492,2078.0,2090.0,2005.0,-12.0,11.0,24.0,77.0,1419.0,594.0,586.0,산성동 원대어린이공원,중구,산성동,36.30551,127.385061,4168,-0.021,0.4186,1.0274,1.85,-13.0,1.0,106.7,혼합/생활형
ST0910,5512.0,5524.0,5399.0,-12.0,14.0,21.0,174.0,3842.0,1507.0,1557.0,지족동 열매마을 2단지(201동),유성구,지족동,36.380472,127.319311,11037,-0.021,0.3922,1.0082,1.58,-7.0,-5.0,287.3,혼합/생활형
ST0836,1562.0,1574.0,1514.0,-12.0,5.0,19.0,107.0,1024.0,489.0,490.0,중리동 미래어린이공원,대덕구,중리동,36.364024,127.423344,3136,-0.021,0.4775,1.1905,3.41,-14.0,2.0,80.6,혼합/생활형
ST1003,2127.0,2140.0,2035.0,-13.0,6.0,24.0,125.0,1451.0,628.0,584.0,호동 장보고가게,중구,호동,36.30186,127.447833,4267,-0.023,0.4328,1.0013,2.93,-18.0,5.0,108.3,혼합/생활형
ST1372,4626.0,4639.0,4405.0,-13.0,12.0,27.0,206.0,3546.0,1190.0,859.0,문화동 계룡문화아파트,중구,문화동,36.313633,127.40475,9265,-0.023,0.3356,0.6027,2.22,-15.0,2.0,234.4,혼합/생활형
ST0896,8187.0,8200.0,7967.0,-13.0,19.0,34.0,234.0,5897.0,2204.0,2070.0,노은동 월드컵경기장역 2번출구,유성구,노은동,36.366538,127.317477,16387,-0.023,0.3737,0.8733,1.43,-15.0,2.0,424.0,혼합/생활형
ST1070,11988.0,12001.0,11542.0,-13.0,13.0,30.0,521.0,8393.0,2819.0,3149.0,상대동 도안 5단지 트리풀시티(509동),유성구,상대동,36.345442,127.338867,23989,-0.023,0.3359,0.9334,2.17,-17.0,4.0,614.2,혼합/생활형
ST0338,8958.0,8971.0,8715.0,-13.0,25.0,34.0,477.0,6309.0,2109.0,2406.0,상대동 아이파크시티 1단지 107동,유성구,상대동,36.338115,127.332058,17929,-0.023,0.3343,0.9487,2.66,-9.0,-4.0,463.8,혼합/생활형
ST0340,3456.0,3469.0,3359.0,-13.0,13.0,26.0,190.0,2474.0,923.0,885.0,대동 대전지식산업센터 건너편,동구,대동,36.32859,127.443672,6925,-0.023,0.3731,0.8899,2.74,-13.0,0.0,178.8,혼합/생활형
ST0777,8793.0,8806.0,8474.0,-13.0,12.0,31.0,402.0,6211.0,2304.0,2263.0,원신흥동 도안휴먼시아10단지아파트 상가동,유성구,원신흥동,36.338962,127.341983,17599,-0.023,0.371,0.9064,2.28,-19.0,6.0,451.0,혼합/생활형
ST0704,8679.0,8692.0,8362.0,-13.0,17.0,42.0,314.0,6284.0,2985.0,2078.0,월평역 4번출구,서구,월평동,36.358385,127.364689,17372,-0.023,0.475,0.8227,1.81,-25.0,12.0,445.0,혼합/생활형
ST1052,21328.0,21341.0,20603.0,-13.0,24.0,48.0,856.0,15506.0,5054.0,5097.0,궁동 충남대학교 입구 버스정류장(황금상회),유성구,궁동,36.361238,127.346071,42669,-0.023,0.3259,0.8178,2.01,-24.0,11.0,1096.4,혼합/생활형
ST1013,4499.0,4512.0,4315.0,-13.0,19.0,34.0,252.0,3190.0,1320.0,1125.0,법동 영진로얄아파트 입구,대덕구,법동,36.37412,127.426557,9011,-0.023,0.4138,0.8774,2.8,-15.0,2.0,229.6,혼합/생활형
ST0491,9011.0,9024.0,8666.0,-13.0,22.0,46.0,342.0,6329.0,2286.0,2337.0,산성동 행정복지센터 건너편,중구,산성동,36.305333,127.386631,18035,-0.023,0.3612,0.9186,1.9,-24.0,11.0,461.2,혼합/생활형
ST1313,4144.0,4157.0,4017.0,-13.0,18.0,29.0,272.0,2984.0,1196.0,1033.0,신흥동 어진마을아파트 정류장,동구,신흥동,36.320886,127.443819,8301,-0.023,0.4008,0.8612,3.28,-11.0,-2.0,213.8,혼합/생활형
ST0467,6415.0,6428.0,6242.0,-13.0,7.0,25.0,362.0,4534.0,1753.0,1708.0,둔산동 녹원아파트(106동),서구,둔산동,36.348739,127.380121,12845,-0.023,0.3866,0.9372,2.82,-18.0,5.0,332.2,혼합/생활형
ST0509,9548.0,9561.0,9230.0,-13.0,9.0,40.0,432.0,6590.0,2068.0,2640.0,문화동 세이백화점,중구,문화동,36.321189,127.408707,19109,-0.023,0.3138,0.9966,2.26,-31.0,18.0,491.2,혼합/생활형
ST0796,8313.0,8326.0,8020.0,-13.0,28.0,44.0,349.0,5989.0,2000.0,2031.0,가수원동 가수원연립주택 정류장,서구,가수원동,36.303681,127.347238,16639,-0.023,0.3339,0.8437,2.1,-16.0,3.0,426.8,혼합/생활형
ST0486,4063.0,4076.0,3918.0,-13.0,8.0,18.0,136.0,2794.0,1327.0,1124.0,장대동 공영주차장,유성구,장대동,36.359612,127.331944,8139,-0.023,0.4749,1.0008,1.67,-10.0,-3.0,208.5,혼합/생활형
ST1319,1492.0,1505.0,1456.0,-13.0,12.0,17.0,78.0,1093.0,417.0,363.0,대동 파파존스 대전동구점 ,동구,대동,36.325782,127.44527,2997,-0.023,0.3815,0.8262,2.6,-5.0,-8.0,77.5,혼합/생활형
ST1004,2847.0,2860.0,2767.0,-13.0,8.0,18.0,160.0,1956.0,779.0,811.0,호동 쟈스민 아울렛매장,중구,호동,36.303516,127.450743,5707,-0.023,0.3983,1.0315,2.8,-10.0,-3.0,147.3,혼합/생활형
ST0213,5943.0,5957.0,5748.0,-14.0,12.0,35.0,333.0,4123.0,1323.0,1625.0,상대동 도안 9단지 트리풀시티(913동),유성구,상대동,36.339453,127.336273,11900,-0.024,0.3209,0.9805,2.8,-23.0,9.0,305.9,혼합/생활형
ST1001,3101.0,3115.0,3026.0,-14.0,11.0,15.0,133.0,2104.0,723.0,922.0,옥계동 울엄마양평해장국,중구,옥계동,36.300018,127.453359,6216,-0.024,0.3436,1.0902,2.14,-4.0,-10.0,161.0,혼합/생활형
ST1287,4658.0,4672.0,4550.0,-14.0,11.0,23.0,373.0,3336.0,1092.0,1214.0,갈마2동 행정복지센터 맞은편,서구,갈마동,36.346559,127.375404,9330,-0.024,0.3273,0.9053,4.0,-12.0,-2.0,242.1,혼합/생활형
ST0710,9801.0,9815.0,9523.0,-14.0,7.0,38.0,417.0,7251.0,3013.0,2272.0,둔산동 향촌아파트 116동 정류장,서구,둔산동,36.354981,127.374504,19616,-0.024,0.4155,0.7795,2.13,-31.0,17.0,506.8,출퇴근형
ST0496,6062.0,6076.0,5708.0,-14.0,18.0,37.0,196.0,3839.0,1279.0,1869.0,산성동 산성네거리 김밥친구,중구,산성동,36.30307,127.386083,12138,-0.024,0.3332,1.2112,1.61,-19.0,5.0,303.8,혼합/생활형
ST0493,4648.0,4662.0,4478.0,-14.0,18.0,35.0,178.0,3138.0,1049.0,1340.0,산성동 한밭가든아파트 입구,중구,산성동,36.304591,127.384397,9310,-0.024,0.3343,1.0624,1.91,-17.0,3.0,238.3,혼합/생활형
ST0908,4226.0,4240.0,4085.0,-14.0,2.0,17.0,148.0,2908.0,914.0,1177.0,지족동 열매마을 6단지 입구,유성구,지족동,36.376108,127.321417,8466,-0.024,0.3143,1.0069,1.75,-15.0,1.0,217.4,혼합/생활형
ST0891,5529.0,5543.0,5415.0,-14.0,5.0,18.0,251.0,4320.0,2001.0,1095.0,죽동천년나무아파트 505동,유성구,죽동,36.371253,127.335218,11072,-0.024,0.4632,0.6306,2.27,-13.0,-1.0,288.2,출퇴근형
ST0554,4434.0,4448.0,4215.0,-14.0,7.0,28.0,232.0,3009.0,1057.0,1206.0,문창동 행정복지센터 건너편(경로당 쪽),중구,문창동,36.316141,127.43769,8882,-0.024,0.3513,0.9971,2.61,-21.0,7.0,224.3,혼합/생활형
ST0040,4304.0,4318.0,4126.0,-14.0,18.0,29.0,141.0,2978.0,1231.0,1148.0,산성동 머티네거리,중구,산성동,36.309219,127.388027,8624,-0.024,0.4134,0.959,1.64,-11.0,-3.0,219.6,혼합/생활형
ST1106,2293.0,2307.0,2237.0,-14.0,5.0,20.0,109.0,1701.0,667.0,536.0,선화동 보문교회 앞(버스정류장),중구,선화동,36.330723,127.419337,4600,-0.024,0.3921,0.7839,2.37,-15.0,1.0,119.0,혼합/생활형
ST1473,1767.0,1782.0,1718.0,-15.0,1.0,10.0,104.0,1209.0,463.0,509.0,둔산동 보라삼거리 정류장(남선공원네거리 방면),서구,둔산동,36.35012,127.401505,3549,-0.026,0.383,1.0474,2.93,-9.0,-6.0,91.4,혼합/생활형
ST0942,2748.0,2763.0,2655.0,-15.0,16.0,31.0,89.0,1897.0,706.0,758.0,봉산동 휴먼시아(102동),유성구,봉산동,36.438063,127.383602,5511,-0.026,0.3722,0.9941,1.61,-15.0,0.0,141.3,혼합/생활형
ST0681,5257.0,5272.0,5050.0,-15.0,18.0,38.0,213.0,3636.0,1272.0,1414.0,선화동 대전상호저축은행,중구,선화동,36.330542,127.423302,10529,-0.026,0.3498,0.9675,2.02,-20.0,5.0,268.7,혼합/생활형
ST1093,7479.0,7494.0,7274.0,-15.0,11.0,17.0,411.0,5323.0,1781.0,1951.0,자양동 우송대 정문,동구,자양동,36.337848,127.447995,14974,-0.026,0.3346,0.9118,2.74,-6.0,-9.0,387.1,혼합/생활형
ST0529,4393.0,4408.0,4193.0,-15.0,25.0,51.0,159.0,3119.0,1548.0,1074.0,태평동 어린이공원,중구,태평동,36.328695,127.393671,8801,-0.026,0.4963,0.8567,1.81,-26.0,11.0,223.1,혼합/생활형
ST0789,2948.0,2963.0,2856.0,-15.0,3.0,22.0,94.0,1989.0,743.0,867.0,도안동 윗용소어린이공원 입구,서구,가수원동,36.308151,127.349886,5911,-0.026,0.3736,1.0844,1.59,-19.0,4.0,152.0,혼합/생활형
ST0512,4491.0,4506.0,4334.0,-15.0,29.0,46.0,220.0,3300.0,1321.0,1034.0,용두동 서대전네거리역 5번출구,중구,용두동,36.322967,127.41213,8997,-0.026,0.4003,0.7795,2.45,-17.0,2.0,230.6,출퇴근형
ST1267,2967.0,2982.0,2910.0,-15.0,14.0,29.0,140.0,1933.0,703.0,977.0,관평동 중앙하이츠빌 301동 앞,유성구,관평동,36.422217,127.385491,5949,-0.026,0.3637,1.2574,2.35,-15.0,0.0,154.9,혼합/생활형
ST1502,596.0,611.0,586.0,-15.0,1.0,12.0,28.0,382.0,118.0,204.0,유천동 278-30,중구,유천동,36.311789,127.395117,1207,-0.026,0.3089,1.3286,2.32,-11.0,-4.0,31.2,혼합/생활형
ST0448,12638.0,12653.0,12217.0,-15.0,18.0,36.0,657.0,9127.0,4751.0,3090.0,서구 만년동 10(만년고 뒤편),서구,만년동,36.367263,127.372333,25291,-0.026,0.5205,0.8423,2.6,-18.0,3.0,650.1,혼합/생활형
ST0779,1844.0,1859.0,1804.0,-15.0,0.0,16.0,64.0,1297.0,465.0,507.0,도안동 도안아이파크(대전에너지사업단 방면) 정류장,서구,도안동,36.324228,127.345374,3703,-0.026,0.3585,0.9725,1.73,-16.0,1.0,96.0,혼합/생활형
ST0882,8594.0,8609.0,8237.0,-15.0,32.0,48.0,357.0,6274.0,2102.0,1963.0,도마동 도마네거리 리더스내과,서구,도마동,36.312797,127.380374,17203,-0.026,0.335,0.7784,2.08,-16.0,1.0,438.3,혼합/생활형
ST0936,2012.0,2028.0,1932.0,-16.0,23.0,36.0,138.0,1363.0,443.0,569.0,낭월동 오투그란데(107동),동구,낭월동,36.285641,127.465161,4040,-0.028,0.325,1.0386,3.42,-13.0,-3.0,102.8,혼합/생활형
ST1364,5650.0,5666.0,5440.0,-16.0,8.0,22.0,438.0,3956.0,1572.0,1484.0,둔산동 국화한신아파트 건너편(파리바게트),서구,둔산동,36.351128,127.397257,11316,-0.028,0.3974,0.9332,3.87,-14.0,-2.0,289.5,혼합/생활형
ST1438,876.0,892.0,862.0,-16.0,1.0,1.0,58.0,632.0,306.0,230.0,장대동 행복주택 104동 건너편,유성구,장대동,36.361252,127.324807,1768,-0.028,0.4842,0.9054,3.28,0.0,-16.0,45.9,혼합/생활형
ST0378,5430.0,5446.0,5325.0,-16.0,13.0,19.0,150.0,3925.0,1761.0,1400.0,지족동 열매마을 4단지 408동 정문 앞,유성구,지족동,36.378368,127.316853,10877,-0.028,0.4487,0.8874,1.38,-6.0,-10.0,283.4,혼합/생활형
ST0900,7086.0,7102.0,6882.0,-16.0,14.0,33.0,234.0,4937.0,1828.0,1945.0,노은동 열매마을 8단지 입구,유성구,노은동,36.372054,127.319636,14188,-0.028,0.3703,0.9801,1.65,-19.0,3.0,366.2,혼합/생활형
ST0231,4427.0,4443.0,4248.0,-16.0,15.0,30.0,140.0,3010.0,1466.0,1238.0,원신흥동 도안 11단지 천년나무 입구(남측),유성구,원신흥동,36.338936,127.345808,8870,-0.028,0.487,1.0232,1.58,-15.0,-1.0,226.1,혼합/생활형
ST0603,5699.0,5715.0,5471.0,-16.0,22.0,39.0,441.0,3884.0,1252.0,1587.0,판암동 미리내아파트,동구,판암동,36.316857,127.454767,11414,-0.028,0.3223,1.0165,3.86,-17.0,1.0,291.1,혼합/생활형
ST0923,4601.0,4617.0,4472.0,-16.0,28.0,48.0,249.0,3333.0,1616.0,1139.0,목동 목양마을 버스정류장(117동),중구,목동,36.335659,127.403532,9218,-0.028,0.4848,0.8502,2.7,-20.0,4.0,238.0,혼합/생활형
ST0326,13226.0,13242.0,12674.0,-16.0,60.0,99.0,819.0,9847.0,5140.0,2827.0,전민동 엑스포아파트 4단지 건너편,유성구,전민동,36.396622,127.404678,26468,-0.028,0.522,0.7142,3.09,-39.0,23.0,674.5,출퇴근형
ST1477,1775.0,1791.0,1736.0,-16.0,0.0,9.0,79.0,1270.0,593.0,466.0,월평1동 행정복지센터 옆,서구,월평동,36.354946,127.35746,3568,-0.028,0.4669,0.9128,2.22,-9.0,-7.0,92.4,혼합/생활형
ST0670,19503.0,19520.0,18841.0,-17.0,18.0,41.0,853.0,12943.0,4416.0,5898.0,가양동 동부터미널건너편 선샤인호텔 웨딩홀,동구,가양동,36.349191,127.437827,39026,-0.03,0.3412,1.1337,2.19,-23.0,6.0,1002.7,혼합/생활형
ST0786,4721.0,4738.0,4602.0,-17.0,13.0,35.0,193.0,3373.0,1068.0,1229.0,도안동 호반베르디움 101동,서구,도안동,36.311851,127.346831,9459,-0.03,0.3166,0.9065,2.04,-22.0,5.0,244.9,혼합/생활형
ST1087,7468.0,7485.0,7278.0,-17.0,15.0,39.0,274.0,5471.0,2143.0,1807.0,원신흥동 도안 8블럭 신안인스빌리베라(803동),유성구,원신흥동,36.341916,127.344968,14953,-0.03,0.3917,0.8217,1.83,-24.0,7.0,387.3,혼합/생활형
ST0212,6019.0,6036.0,5851.0,-17.0,14.0,37.0,292.0,4293.0,1644.0,1558.0,상대동 도안 9단지 트리풀시티(920동)버스정류장 ,유성구,상대동,36.341505,127.338001,12055,-0.03,0.3829,0.9029,2.42,-23.0,6.0,311.4,혼합/생활형
ST1228,3439.0,3456.0,3218.0,-17.0,20.0,55.0,175.0,1905.0,607.0,1313.0,원촌동 법무부 대전솔로몬로파크,유성구,원촌동,36.37716,127.403055,6895,-0.03,0.3186,1.7147,2.54,-35.0,18.0,171.3,혼합/생활형
ST0408,37679.0,37696.0,36411.0,-17.0,80.0,133.0,1622.0,25579.0,11668.0,10832.0,오류동 서대전역,중구,오류동,36.322134,127.404813,75375,-0.03,0.4562,1.0535,2.15,-53.0,36.0,1937.7,혼합/생활형
ST1089,3555.0,3572.0,3370.0,-17.0,6.0,24.0,188.0,2623.0,843.0,747.0,원동 원동네거리 국민은행,동구,원동,36.327038,127.434776,7127,-0.03,0.3214,0.7085,2.64,-18.0,1.0,179.3,혼합/생활형
ST0341,9076.0,9093.0,8754.0,-17.0,11.0,41.0,396.0,6675.0,2505.0,2079.0,대동 새들뫼 1단지 입구(104동),동구,대동,36.3285,127.441287,18169,-0.03,0.3753,0.7749,2.18,-30.0,13.0,465.9,혼합/생활형
ST1131,1669.0,1686.0,1590.0,-17.0,7.0,15.0,123.0,1169.0,467.0,421.0,낭월동 오투그란데 101동,동구,낭월동,36.287379,127.46371,3355,-0.03,0.3995,0.896,3.67,-8.0,-9.0,84.6,혼합/생활형
ST1108,4259.0,4277.0,4049.0,-18.0,47.0,60.0,318.0,2856.0,950.0,1193.0,가오동 홈플러스,동구,가오동,36.307057,127.457308,8536,-0.031,0.3326,1.0392,3.73,-13.0,-5.0,215.5,혼합/생활형
ST1451,1278.0,1296.0,1248.0,-18.0,4.0,8.0,65.0,880.0,361.0,368.0,대성동 은어송초등학교 정류장(은어송하늘채리버뷰 방면),동구,대성동,36.301049,127.456986,2574,-0.031,0.4102,1.0404,2.53,-4.0,-14.0,66.4,혼합/생활형
ST0433,18162.0,18180.0,17588.0,-18.0,61.0,94.0,880.0,13181.0,4805.0,4407.0,둔산동 하이투자증권,서구,둔산동,36.352483,127.390068,36342,-0.031,0.3645,0.8318,2.42,-33.0,15.0,936.0,혼합/생활형
ST1436,1274.0,1292.0,1246.0,-18.0,3.0,11.0,50.0,877.0,499.0,369.0,구암동 구암다가온행복주택 103동,유성구,구암동,36.353994,127.327309,2566,-0.031,0.569,1.0468,1.95,-8.0,-10.0,66.3,혼합/생활형
ST0058,1306.0,1324.0,1242.0,-18.0,6.0,24.0,67.0,901.0,355.0,341.0,천동 위드힐아파트 상가,동구,천동,36.316432,127.443883,2630,-0.031,0.394,0.9416,2.55,-18.0,0.0,66.1,혼합/생활형
ST1339,3408.0,3426.0,3340.0,-18.0,18.0,28.0,233.0,2402.0,793.0,938.0,신흥동 이스트시티 2단지,동구,신흥동,36.324636,127.44077,6834,-0.031,0.3301,0.9715,3.41,-10.0,-8.0,177.7,혼합/생활형
ST1285,17156.0,17174.0,16446.0,-18.0,26.0,60.0,574.0,11759.0,4399.0,4687.0,월평1동 공영주차장 입구,서구,월평동,36.356261,127.362776,34332,-0.031,0.3741,0.9916,1.67,-34.0,16.0,875.2,혼합/생활형
ST0176,2960.0,2978.0,2853.0,-18.0,29.0,40.0,93.0,2040.0,747.0,813.0,하기동 송림마을 2단지(202동),유성구,하기동,36.387756,127.319703,5938,-0.031,0.3662,0.9915,1.57,-11.0,-7.0,151.8,혼합/생활형
ST1457,1470.0,1488.0,1431.0,-18.0,2.0,12.0,74.0,967.0,369.0,464.0,신흥동 신흥SK뷰아파트(101동),동구,신흥동,36.323395,127.443733,2959,-0.031,0.3816,1.1937,2.5,-10.0,-8.0,76.2,혼합/생활형
ST0112,2393.0,2411.0,2268.0,-18.0,2.0,23.0,177.0,1691.0,596.0,577.0,덕암동 신탄주택,대덕구,덕암동,36.442998,127.427668,4804,-0.031,0.3525,0.8489,3.68,-21.0,3.0,120.7,혼합/생활형
ST1396,3961.0,3979.0,3821.0,-18.0,6.0,23.0,226.0,2627.0,977.0,1194.0,신탄진동 다가온 청년주택 앞,대덕구,신탄진동,36.451714,127.428891,7940,-0.031,0.3719,1.1307,2.85,-17.0,-1.0,203.3,혼합/생활형
ST0937,6470.0,6489.0,6204.0,-19.0,43.0,71.0,236.0,4426.0,1903.0,1778.0,송강동 한마을아파트(107동),유성구,송강동,36.430575,127.38344,12959,-0.033,0.43,0.9994,1.82,-28.0,9.0,330.2,혼합/생활형
ST0578,3254.0,3273.0,3086.0,-19.0,33.0,51.0,229.0,2246.0,746.0,840.0,가오동 은어송마을 6단지(602동),동구,가오동,36.310186,127.456731,6527,-0.033,0.3321,0.9304,3.51,-18.0,-1.0,164.2,혼합/생활형
ST1383,4460.0,4479.0,4354.0,-19.0,18.0,36.0,209.0,3368.0,1262.0,986.0,용두동 미르마을아파트 115동,중구,용두동,36.324832,127.412955,8939,-0.033,0.3747,0.7283,2.34,-18.0,-1.0,231.7,혼합/생활형
ST0521,2629.0,2648.0,2532.0,-19.0,2.0,22.0,90.0,1895.0,624.0,637.0,문화동 BMK컨벤션,중구,문화동,36.32004,127.404512,5277,-0.033,0.3293,0.8363,1.71,-20.0,1.0,134.7,혼합/생활형
ST0209,9267.0,9286.0,9003.0,-19.0,17.0,36.0,389.0,6364.0,2663.0,2639.0,봉명동 도안 7단지 작은내수변공원,유성구,봉명동,36.345559,127.34448,18553,-0.033,0.4184,1.0316,2.1,-19.0,0.0,479.1,혼합/생활형
ST0388,6369.0,6388.0,6144.0,-19.0,10.0,29.0,376.0,4354.0,1590.0,1790.0,탄방동 한국농어촌공사,서구,탄방동,36.347203,127.390015,12757,-0.033,0.3652,1.0228,2.95,-19.0,0.0,327.0,혼합/생활형
ST0539,7370.0,7390.0,7108.0,-20.0,18.0,44.0,338.0,5190.0,1611.0,1918.0,용두동 정담치과,중구,용두동,36.322994,127.415387,14763,-0.035,0.3104,0.9194,2.29,-26.0,6.0,378.3,혼합/생활형
ST1375,4492.0,4512.0,4255.0,-20.0,13.0,21.0,159.0,3113.0,1170.0,1142.0,산성동 781,중구,산성동,36.305622,127.389846,9004,-0.035,0.3758,0.9126,1.77,-8.0,-12.0,226.4,혼합/생활형
ST1002,2137.0,2157.0,2051.0,-20.0,5.0,25.0,95.0,1491.0,641.0,560.0,호동 그린세탁소,중구,호동,36.302862,127.448513,4294,-0.035,0.4299,0.9344,2.21,-20.0,0.0,109.1,혼합/생활형
ST1328,3495.0,3515.0,3348.0,-20.0,1.0,19.0,192.0,2491.0,954.0,857.0,자양동  카이스트빌,동구,자양동,36.33514,127.45035,7010,-0.035,0.383,0.8559,2.74,-18.0,-2.0,178.2,혼합/생활형
ST0862,819.0,839.0,731.0,-20.0,0.0,19.0,37.0,505.0,201.0,226.0,와동 회덕우체국 입구,대덕구,와동,36.402848,127.422835,1658,-0.035,0.398,1.1134,2.23,-19.0,-1.0,38.9,혼합/생활형
ST1468,2792.0,2812.0,2723.0,-20.0,0.0,9.0,139.0,1944.0,959.0,779.0,월평동 은뜰마을아파트 201동 앞,서구,월평동,36.362368,127.370528,5604,-0.035,0.4933,0.9969,2.48,-9.0,-11.0,144.9,혼합/생활형
ST0880,8709.0,8729.0,8444.0,-20.0,28.0,54.0,415.0,5990.0,2330.0,2454.0,도마동 대일의류도매백화점,서구,도마동,36.314305,127.382374,17438,-0.035,0.389,1.0192,2.38,-26.0,6.0,449.4,혼합/생활형
ST0771,28274.0,28294.0,27301.0,-20.0,31.0,76.0,1084.0,20440.0,8096.0,6861.0,봉명동 유성온천역 4번출구,유성구,봉명동,36.353637,127.341173,56569,-0.035,0.3961,0.8351,1.92,-45.0,25.0,1452.9,혼합/생활형
ST0574,3852.0,3872.0,3697.0,-20.0,9.0,31.0,310.0,2608.0,835.0,1089.0,가오동 오토카센타,동구,가오동,36.303655,127.454675,7724,-0.035,0.3202,1.0388,4.01,-22.0,2.0,196.7,혼합/생활형
ST1188,8241.0,8262.0,7917.0,-21.0,44.0,55.0,510.0,5671.0,2336.0,2246.0,둔산동 국화아파트(305동),서구,둔산동,36.354339,127.395421,16503,-0.037,0.4119,0.9853,3.09,-11.0,-10.0,421.3,혼합/생활형
ST0288,11503.0,11524.0,10993.0,-21.0,50.0,82.0,344.0,7459.0,2737.0,3534.0,정림동 서구국민체육센터,서구,정림동,36.303639,127.363102,23027,-0.037,0.3669,1.1787,1.49,-32.0,11.0,585.0,혼합/생활형
ST0903,7015.0,7036.0,6810.0,-21.0,13.0,30.0,227.0,4807.0,1765.0,2003.0,노은동 열매마을 9단지(910동),유성구,노은동,36.37103,127.323283,14051,-0.037,0.3672,1.0366,1.62,-17.0,-4.0,362.4,혼합/생활형
ST0572,1387.0,1408.0,1317.0,-21.0,5.0,23.0,94.0,990.0,277.0,327.0,대성동 대별교 SK남대전IC충전소,동구,대성동,36.290124,127.463408,2795,-0.037,0.2798,0.8217,3.36,-18.0,-3.0,70.1,혼합/생활형
ST0133,6278.0,6299.0,6014.0,-21.0,15.0,39.0,358.0,4461.0,1857.0,1553.0,월평동 계룡로 대전일보 건너편(갈마동방향),서구,월평동,36.35452,127.365583,12578,-0.037,0.4163,0.8661,2.85,-24.0,3.0,320.0,혼합/생활형
ST0102,9094.0,9115.0,8533.0,-21.0,14.0,49.0,440.0,6192.0,2485.0,2341.0,갈마동 갈마네거리,서구,갈마동,36.353087,127.368377,18209,-0.037,0.4013,0.9406,2.42,-35.0,14.0,454.1,혼합/생활형
ST0436,3870.0,3891.0,3773.0,-21.0,53.0,85.0,292.0,3161.0,1345.0,612.0,둔산동 한국생산성본부,서구,둔산동,36.358859,127.386586,7761,-0.037,0.4255,0.4817,3.76,-32.0,11.0,200.8,출퇴근형
ST0312,463.0,484.0,440.0,-21.0,14.0,35.0,23.0,360.0,199.0,80.0,신일동 국방신뢰성연구센터 건너편 정류장,대덕구,신일동,36.429973,127.412416,947,-0.037,0.5528,0.5528,2.43,-21.0,0.0,23.4,판정 불가
ST0205,3260.0,3282.0,3170.0,-22.0,10.0,26.0,126.0,2341.0,955.0,829.0,봉명동 도안 1단지 휴먼시아 정류장(109동),유성구,봉명동,36.348803,127.342177,6542,-0.038,0.4079,0.881,1.93,-16.0,-6.0,168.7,혼합/생활형
ST0511,16718.0,16740.0,16131.0,-22.0,57.0,93.0,712.0,11997.0,4939.0,4134.0,오류동 서대전네거리역 4번출구,중구,오류동,36.322718,127.411924,33458,-0.038,0.4117,0.8573,2.13,-36.0,14.0,858.4,혼합/생활형
ST1103,12520.0,12542.0,11973.0,-22.0,16.0,36.0,704.0,9224.0,2955.0,2749.0,"자양동 우송대,솔펫동물병원,우송애견센터",동구,자양동,36.334552,127.445966,25063,-0.038,0.3204,0.7414,2.81,-20.0,-2.0,637.2,혼합/생활형
ST0122,14473.0,14495.0,13963.0,-22.0,60.0,94.0,642.0,9568.0,3404.0,4395.0,용문동 리베라아이누리 1단지(101동),서구,용문동,36.335689,127.39612,28970,-0.038,0.3558,1.1428,2.22,-34.0,12.0,743.1,혼합/생활형
ST1246,13028.0,13050.0,12657.0,-22.0,2.0,31.0,512.0,9309.0,4107.0,3348.0,월평동 하나로아파트 101동 앞,서구,월평동,36.359942,127.36628,26079,-0.038,0.4412,0.8947,1.96,-29.0,7.0,673.6,혼합/생활형
ST0478,2239.0,2261.0,2148.0,-22.0,20.0,57.0,131.0,1630.0,825.0,518.0,대화동 두리웨딩홀,대덕구,대화동,36.367275,127.419301,4500,-0.038,0.5061,0.7906,2.91,-37.0,15.0,114.3,출퇴근형
ST1163,5143.0,5166.0,4991.0,-23.0,12.0,31.0,280.0,3519.0,1145.0,1472.0,가오동 주공아파트(105동),동구,가오동,36.306631,127.453356,10309,-0.04,0.3254,1.0407,2.72,-19.0,-4.0,265.6,혼합/생활형
ST1126,4473.0,4496.0,4235.0,-23.0,16.0,41.0,167.0,3135.0,1262.0,1100.0,사정동 우남스타원아파트 버스정류장,중구,사정동,36.293805,127.383187,8969,-0.04,0.4026,0.8729,1.86,-25.0,2.0,225.4,혼합/생활형
ST0684,7825.0,7848.0,7597.0,-23.0,15.0,38.0,391.0,5475.0,1985.0,2122.0,대흥동 우체국,중구,대흥동,36.325408,127.431979,15674,-0.04,0.3626,0.9642,2.49,-23.0,0.0,404.3,혼합/생활형
ST0987,7210.0,7233.0,6939.0,-23.0,14.0,31.0,416.0,4991.0,1645.0,1948.0,가양동 다솜요양병원,동구,가양동,36.343639,127.442344,14444,-0.04,0.3296,0.971,2.88,-17.0,-6.0,369.3,혼합/생활형
ST1262,5422.0,5445.0,5132.0,-23.0,15.0,30.0,257.0,3776.0,1540.0,1356.0,대동 펜타뷰 상가동 앞,동구,대동,36.326349,127.446369,10867,-0.04,0.4078,0.8934,2.36,-15.0,-8.0,273.1,혼합/생활형
ST0527,4622.0,4645.0,4373.0,-23.0,42.0,74.0,200.0,3350.0,1231.0,1023.0,태평중학교 버스정류장,중구,태평동,36.329639,127.396745,9267,-0.04,0.3675,0.7597,2.16,-32.0,9.0,232.7,혼합/생활형
ST0446,41850.0,41873.0,40375.0,-23.0,29.0,79.0,1809.0,30262.0,12059.0,10113.0,월평동 미래빌딩,서구,월평동,36.360274,127.376789,83723,-0.04,0.3985,0.8314,2.16,-50.0,27.0,2148.6,혼합/생활형
ST0532,3567.0,3590.0,3450.0,-23.0,3.0,17.0,124.0,2540.0,1001.0,910.0,산성동 원마트,중구,산성동,36.310933,127.391875,7157,-0.04,0.3941,0.8913,1.73,-14.0,-9.0,183.6,혼합/생활형
ST1350,5132.0,5155.0,4919.0,-23.0,11.0,39.0,173.0,3748.0,1914.0,1171.0,관평동 한신에스메카 정류장(관평중학교방면),유성구,관평동,36.428531,127.391369,10287,-0.04,0.5107,0.7773,1.68,-28.0,5.0,261.8,출퇴근형
ST0555,3370.0,3393.0,3256.0,-23.0,7.0,30.0,222.0,2349.0,840.0,907.0,내동 안골네거리 다이소,서구,내동,36.334292,127.371311,6763,-0.04,0.3576,0.9606,3.28,-23.0,0.0,173.3,혼합/생활형
ST0701,3958.0,3982.0,3805.0,-24.0,7.0,20.0,130.0,2714.0,893.0,1091.0,구암동 왕가교,유성구,구암동,36.358792,127.307842,7940,-0.042,0.329,1.0001,1.64,-13.0,-11.0,202.5,혼합/생활형
ST0941,11183.0,11207.0,10664.0,-24.0,72.0,88.0,387.0,7623.0,3741.0,3041.0,송강동 송강초등학교,유성구,송강동,36.433056,127.384058,22390,-0.042,0.4908,0.9924,1.73,-16.0,-8.0,567.5,혼합/생활형
ST0385,26259.0,26283.0,25527.0,-24.0,29.0,70.0,1678.0,18526.0,7404.0,7001.0,둔산동 현대아이텔(시청역 6번출구),서구,둔산동,36.351441,127.388311,52544,-0.042,0.3997,0.9401,3.19,-41.0,17.0,1358.5,혼합/생활형
ST0276,9544.0,9568.0,9057.0,-24.0,18.0,44.0,275.0,6208.0,2181.0,2849.0,대정동 모다아울렛,유성구,대정동,36.313023,127.319778,19112,-0.042,0.3513,1.1417,1.44,-26.0,2.0,482.0,혼합/생활형
ST1064,10670.0,10694.0,10336.0,-24.0,5.0,36.0,380.0,7573.0,2747.0,2763.0,죽동 금성백조 건너편 맘스터치,유성구,죽동,36.369139,127.336709,21364,-0.042,0.3627,0.9077,1.78,-31.0,7.0,550.0,혼합/생활형
ST0686,24243.0,24267.0,23293.0,-24.0,92.0,128.0,1079.0,18197.0,7744.0,5096.0,오룡역 1번출구,중구,오류동,36.328108,127.405279,48510,-0.042,0.4256,0.6967,2.22,-36.0,12.0,1239.6,출퇴근형
ST0485,8645.0,8670.0,8372.0,-25.0,6.0,28.0,384.0,6113.0,2911.0,2259.0,장대동 동자산어린이공원,유성구,장대동,36.360427,127.333694,17315,-0.044,0.4762,0.9193,2.22,-22.0,-3.0,445.5,혼합/생활형
ST0729,5497.0,5522.0,5259.0,-25.0,19.0,40.0,359.0,3632.0,1472.0,1627.0,석봉동 금강로하스엘크루아파트 104동,대덕구,석봉동,36.452986,127.423797,11019,-0.044,0.4053,1.1144,3.26,-21.0,-4.0,279.9,혼합/생활형
ST0003,14627.0,14652.0,14093.0,-25.0,47.0,72.0,818.0,10091.0,3928.0,4002.0,탄방동 한사랑병원,서구,탄방동,36.348446,127.390052,29282,-0.044,0.3893,0.9866,2.79,-25.0,0.0,750.0,혼합/생활형
ST1011,2797.0,2822.0,2657.0,-25.0,11.0,30.0,162.0,1929.0,808.0,728.0,효동 대전국악방송 건너편,동구,효동,36.313705,127.44112,5619,-0.044,0.4189,0.9389,2.88,-19.0,-6.0,141.4,혼합/생활형
ST0325,7770.0,7795.0,7441.0,-25.0,30.0,54.0,360.0,5527.0,1802.0,1914.0,도마네거리 하나은행,서구,도마동,36.3133,127.379728,15565,-0.044,0.326,0.8615,2.31,-24.0,-1.0,396.0,혼합/생활형
ST1310,7503.0,7528.0,7285.0,-25.0,20.0,44.0,488.0,5224.0,2071.0,2061.0,둔산동  시애틀 공원,서구,둔산동,36.355633,127.393949,15031,-0.044,0.3964,0.9815,3.25,-24.0,-1.0,387.7,혼합/생활형
ST0874,11397.0,11422.0,10981.0,-25.0,30.0,67.0,466.0,8245.0,2975.0,2736.0,유천동 새서울종합시장,중구,유천동,36.321899,127.396347,22819,-0.044,0.3608,0.8255,2.04,-37.0,12.0,584.4,혼합/생활형
ST1391,2803.0,2828.0,2646.0,-25.0,17.0,33.0,195.0,2012.0,1075.0,634.0,읍내동 502-5,대덕구,읍내동,36.375972,127.414846,5632,-0.044,0.5343,0.7839,3.46,-16.0,-9.0,140.8,출퇴근형
ST1072,5232.0,5258.0,5008.0,-26.0,14.0,41.0,255.0,3768.0,1546.0,1240.0,성남동 성남네거리,동구,성남동,36.340978,127.435583,10490,-0.045,0.4103,0.8187,2.43,-27.0,1.0,266.5,혼합/생활형
ST0721,3992.0,4018.0,3837.0,-26.0,21.0,57.0,221.0,2954.0,1252.0,883.0,덕암동 대청새마을금고 새뜸지점,대덕구,덕암동,36.448075,127.419894,8010,-0.045,0.4238,0.7436,2.76,-36.0,10.0,204.2,출퇴근형
ST0795,3432.0,3458.0,3266.0,-26.0,6.0,29.0,100.0,2496.0,1024.0,770.0,가수원동 480-1,서구,가수원동,36.304026,127.353863,6891,-0.045,0.4103,0.7675,1.45,-23.0,-3.0,173.8,출퇴근형
ST0094,28816.0,28842.0,27780.0,-26.0,61.0,125.0,1454.0,19501.0,7672.0,8279.0,갈마동 갈마역 2번출구,서구,갈마동,36.357393,127.37206,57658,-0.045,0.3934,1.0562,2.52,-64.0,38.0,1478.4,혼합/생활형
ST0708,10082.0,10108.0,9767.0,-26.0,13.0,45.0,473.0,6995.0,2865.0,2772.0,갈마동 갈마네거리(갈마초방면) 정류장,서구,갈마동,36.353789,127.369215,20191,-0.045,0.4096,0.9859,2.34,-32.0,6.0,519.8,혼합/생활형
ST0950,3241.0,3267.0,3094.0,-26.0,4.0,24.0,164.0,2521.0,1241.0,573.0,목상동 한일제관 대전공장 입구 건너편,대덕구,목상동,36.445717,127.410161,6508,-0.045,0.4923,0.5655,2.52,-20.0,-6.0,164.7,출퇴근형
ST0714,5085.0,5111.0,4907.0,-26.0,17.0,29.0,249.0,3537.0,1431.0,1370.0,갈마동 갈마중학교입구(상수도사업본부 방면)정류장,서구,갈마동,36.349516,127.36808,10196,-0.045,0.4046,0.9636,2.44,-12.0,-14.0,261.1,혼합/생활형
ST1148,10044.0,10070.0,9660.0,-26.0,30.0,58.0,454.0,7146.0,2460.0,2514.0,성남동 석촌마을(105동),동구,성남동,36.341464,127.43768,20115,-0.045,0.3442,0.8752,2.26,-28.0,2.0,514.1,혼합/생활형
ST1102,12716.0,12742.0,12257.0,-26.0,12.0,38.0,589.0,8864.0,3144.0,3393.0,자양동 우송대건너편,동구,자양동,36.339651,127.449006,25458,-0.045,0.3547,0.9523,2.31,-26.0,0.0,652.3,혼합/생활형
ST0113,3004.0,3030.0,2890.0,-26.0,2.0,25.0,132.0,1949.0,694.0,941.0,신탄진동 이엘치과병원,대덕구,신탄진동,36.447218,127.429807,6034,-0.045,0.3561,1.2011,2.19,-23.0,-3.0,153.8,혼합/생활형
ST0359,8668.0,8695.0,8336.0,-27.0,39.0,60.0,407.0,6336.0,2504.0,2000.0,선화동 김영근성형외과,중구,선화동,36.335728,127.41689,17364,-0.047,0.3952,0.7853,2.34,-21.0,-6.0,443.6,혼합/생활형
ST0047,7386.0,7413.0,7194.0,-27.0,24.0,44.0,467.0,5595.0,2017.0,1599.0,부사동 청란여고 방면 부사오거리 정류장,중구,부사동,36.313354,127.434076,14799,-0.047,0.3605,0.711,3.16,-20.0,-7.0,382.8,혼합/생활형
ST0465,13481.0,13508.0,12943.0,-27.0,35.0,67.0,428.0,9030.0,2815.0,3913.0,도안동 엠케이빌딩,서구,가수원동,36.304612,127.349871,26989,-0.047,0.3117,1.078,1.59,-32.0,5.0,688.8,혼합/생활형
ST0096,12251.0,12278.0,11775.0,-27.0,26.0,66.0,469.0,8556.0,3516.0,3219.0,월평동 월평역 1번출구,서구,월평동,36.357998,127.364775,24529,-0.047,0.4109,0.936,1.91,-40.0,13.0,626.6,혼합/생활형
ST1043,8705.0,8732.0,8324.0,-27.0,39.0,72.0,368.0,6165.0,2566.0,2159.0,중촌역 푸르지오(정문),중구,중촌동,36.345574,127.410817,17437,-0.047,0.4162,0.8712,2.11,-33.0,6.0,443.0,혼합/생활형
ST0583,4420.0,4448.0,4284.0,-28.0,28.0,56.0,320.0,3069.0,1026.0,1215.0,가오동 KB국민은행 가오동지점,동구,가오동,36.30713,127.456281,8868,-0.049,0.3343,0.9849,3.61,-28.0,0.0,228.0,혼합/생활형
ST1088,4496.0,4524.0,4298.0,-28.0,13.0,50.0,145.0,3317.0,1260.0,981.0,오정동 한남오거리 새마을금고,대덕구,오정동,36.348024,127.416453,9020,-0.049,0.3799,0.7358,1.61,-37.0,9.0,228.7,혼합/생활형
ST0857,2137.0,2165.0,2064.0,-28.0,30.0,65.0,153.0,1488.0,657.0,576.0,읍내동 회덕유래비 정류장,대덕구,읍내동,36.376694,127.421145,4302,-0.049,0.4415,0.963,3.56,-35.0,7.0,109.8,혼합/생활형
ST0885,4495.0,4523.0,4308.0,-28.0,13.0,48.0,310.0,4018.0,2436.0,290.0,문지동 GS칼텍스 기술연구소,유성구,문지동,36.389051,127.404877,9018,-0.049,0.6063,0.1796,3.44,-35.0,7.0,229.3,출퇴근형
ST0049,3640.0,3668.0,3534.0,-28.0,8.0,39.0,235.0,2509.0,835.0,1025.0,가오동 가오31호어린이공원,동구,가오동,36.307578,127.454993,7308,-0.049,0.3328,1.0163,3.22,-31.0,3.0,188.1,혼합/생활형
ST1007,2285.0,2314.0,2213.0,-29.0,10.0,30.0,106.0,1494.0,526.0,719.0,옥계동 신도빌아파트,중구,옥계동,36.298491,127.45608,4599,-0.051,0.3521,1.1973,2.3,-20.0,-9.0,117.8,혼합/생활형
ST0314,8878.0,8907.0,8565.0,-29.0,19.0,42.0,351.0,6389.0,2351.0,2176.0,유천동 창제한의원,중구,유천동,36.318112,127.396968,17785,-0.051,0.368,0.8473,1.97,-23.0,-6.0,455.8,혼합/생활형
ST0822,8982.0,9011.0,8637.0,-29.0,59.0,98.0,228.0,6082.0,2383.0,2555.0,정림동 삼정하이츠아파트 105동,서구,정림동,36.297456,127.362231,17993,-0.051,0.3918,1.0451,1.27,-39.0,10.0,459.6,혼합/생활형
ST0453,17008.0,17037.0,16370.0,-29.0,21.0,55.0,823.0,11899.0,4000.0,4471.0,만년동 엑스포오피스텔,서구,만년동,36.367285,127.382452,34045,-0.051,0.3362,0.9348,2.42,-34.0,5.0,871.2,혼합/생활형
ST0006,7873.0,7902.0,7622.0,-29.0,37.0,68.0,496.0,5390.0,1800.0,2232.0,둔산동 크로바아파트(103동),서구,둔산동,36.35248,127.390385,15776,-0.051,0.334,1.0302,3.14,-31.0,2.0,405.6,혼합/생활형
ST1128,9628.0,9657.0,9281.0,-29.0,64.0,92.0,377.0,6382.0,2429.0,2899.0,도안동 갑천3블럭 트리풀시티 313동,서구,도안동,36.321125,127.348283,19285,-0.051,0.3806,1.1301,1.95,-28.0,-1.0,493.9,혼합/생활형
ST0573,6301.0,6331.0,6103.0,-30.0,27.0,46.0,403.0,4495.0,1559.0,1608.0,대성동 은어송코오롱하늘채2차아파트 103동,동구,대성동,36.298472,127.458816,12633,-0.052,0.3468,0.89,3.19,-19.0,-11.0,324.8,혼합/생활형
ST0351,6587.0,6617.0,6423.0,-30.0,21.0,41.0,408.0,4825.0,1840.0,1598.0,석교동 스마일약국,중구,석교동,36.306301,127.447838,13206,-0.052,0.3813,0.8239,3.09,-20.0,-10.0,341.8,혼합/생활형
ST0501,5301.0,5331.0,5116.0,-30.0,15.0,41.0,156.0,3594.0,1080.0,1522.0,사정동 성산마을110동(김밥친구),중구,사정동,36.295702,127.383293,10632,-0.052,0.3005,1.0535,1.47,-26.0,-4.0,272.3,혼합/생활형
ST0078,4104.0,4134.0,3973.0,-30.0,32.0,52.0,174.0,3015.0,1208.0,958.0,삼성동 솔랑마을 아파트 상가,동구,삼성동,36.342778,127.42359,8238,-0.052,0.4007,0.7905,2.11,-20.0,-10.0,211.4,출퇴근형
ST0262,7178.0,7208.0,6878.0,-30.0,8.0,40.0,210.0,4954.0,1025.0,1924.0,관저동 공영주차장,서구,관저동,36.300021,127.3379,14386,-0.052,0.2069,0.9662,1.46,-32.0,2.0,366.0,혼합/생활형
ST1209,5764.0,5794.0,5602.0,-30.0,34.0,58.0,250.0,4200.0,1405.0,1402.0,도마동 대청애견수족관,서구,도마동,36.319379,127.373848,11559,-0.052,0.3345,0.8305,2.16,-24.0,-6.0,298.1,혼합/생활형
ST0838,10202.0,10233.0,9797.0,-31.0,23.0,60.0,528.0,7081.0,2461.0,2716.0,중리동 장안외과의원,대덕구,중리동,36.361563,127.431328,20436,-0.054,0.3475,0.9542,2.58,-37.0,6.0,521.4,혼합/생활형
ST1127,4494.0,4525.0,4364.0,-31.0,5.0,34.0,260.0,3209.0,1192.0,1155.0,내동 괴정네거리(봉주르돈까스),서구,내동,36.335078,127.379831,9020,-0.054,0.3715,0.8954,2.88,-29.0,-2.0,232.2,혼합/생활형
ST0602,5172.0,5203.0,4953.0,-31.0,25.0,61.0,266.0,3702.0,1356.0,1251.0,신인동 대전동부경찰서 건너편,동구,신인동,36.322629,127.441471,10375,-0.054,0.3663,0.8407,2.56,-36.0,5.0,263.6,혼합/생활형
ST0872,11815.0,11846.0,11305.0,-31.0,43.0,87.0,580.0,8362.0,3373.0,2943.0,태평동 하나동물병원,중구,태평동,36.32615,127.393077,23662,-0.054,0.4034,0.8756,2.45,-44.0,13.0,601.6,혼합/생활형
ST0105,5539.0,5570.0,5333.0,-31.0,29.0,54.0,286.0,3818.0,1499.0,1515.0,갈마동 메가커피,서구,갈마동,36.351279,127.368322,11109,-0.054,0.3926,0.9872,2.57,-25.0,-6.0,283.8,혼합/생활형
ST0940,8155.0,8186.0,7776.0,-31.0,16.0,44.0,305.0,5644.0,2707.0,2132.0,송강동 계룡한솔아파트(201동),유성구,송강동,36.432319,127.386334,16341,-0.054,0.4796,0.9398,1.87,-28.0,-3.0,413.8,혼합/생활형
ST0934,4354.0,4386.0,4220.0,-32.0,10.0,35.0,260.0,3154.0,1090.0,1066.0,대동 이스트시티(102동),동구,대동,36.327454,127.440227,8740,-0.056,0.3456,0.8408,2.97,-25.0,-7.0,224.6,혼합/생활형
ST0879,14665.0,14697.0,14080.0,-32.0,62.0,93.0,676.0,10206.0,3703.0,3874.0,도마동 호반써밋(1104동),서구,도마동,36.31512,127.378981,29363,-0.056,0.3628,0.9443,2.3,-31.0,-1.0,749.3,혼합/생활형
ST0083,11894.0,11926.0,11402.0,-32.0,23.0,48.0,609.0,8698.0,3428.0,2704.0,대동 대동역 1번출구,동구,대동,36.32915,127.442927,23821,-0.056,0.3941,0.7734,2.56,-25.0,-7.0,606.8,혼합/생활형
ST0744,5311.0,5343.0,5100.0,-32.0,12.0,42.0,238.0,3787.0,1921.0,1313.0,봉산동 봉산휴먼시아2단지아파트 입구 건너편,유성구,봉산동,36.438054,127.386075,10654,-0.056,0.5073,0.8626,2.23,-30.0,-2.0,271.4,혼합/생활형
ST0236,6311.0,6343.0,6085.0,-32.0,24.0,51.0,236.0,4347.0,1693.0,1738.0,도안동 도안 15단지 아이파크(1502동),서구,도안동,36.321033,127.347601,12654,-0.056,0.3895,0.9947,1.87,-27.0,-5.0,323.8,혼합/생활형
ST1039,48902.0,48934.0,46952.0,-32.0,56.0,124.0,2952.0,32484.0,11997.0,14468.0,둔산동 타임월드,서구,둔산동,36.352923,127.379151,97837,-0.056,0.3693,1.108,3.02,-68.0,36.0,2498.6,혼합/생활형
ST1349,8056.0,8089.0,7734.0,-33.0,28.0,53.0,339.0,5755.0,2417.0,1979.0,원신흥동 갑천1블럭 트리플시티 힐스테이트,유성구,원신흥동,36.342321,127.347595,16145,-0.058,0.42,0.8555,2.1,-25.0,-8.0,411.6,혼합/생활형
ST0470,5442.0,5475.0,5169.0,-33.0,30.0,66.0,323.0,3733.0,1377.0,1436.0,석봉동 신탄진초등학교 뒤편,대덕구,석봉동,36.449555,127.421339,10917,-0.058,0.3689,0.957,2.96,-36.0,3.0,275.1,혼합/생활형
ST1274,3621.0,3654.0,3499.0,-33.0,14.0,39.0,219.0,2506.0,857.0,993.0,목동 목양마을아파트 101동 앞,중구,목동,36.33372,127.407745,7275,-0.058,0.342,0.9858,3.01,-25.0,-8.0,186.2,혼합/생활형
ST1067,24650.0,24683.0,23910.0,-33.0,54.0,121.0,1449.0,16436.0,5593.0,7474.0,중앙로역 3번출구,중구,대흥동,36.327822,127.426215,49333,-0.058,0.3403,1.1313,2.94,-67.0,34.0,1272.4,혼합/생활형
ST0287,10034.0,10067.0,9479.0,-33.0,37.0,85.0,320.0,6857.0,2368.0,2622.0,정림동 우성아파트 1차 건너편(117동),서구,정림동,36.30394,127.365945,20103,-0.058,0.3453,0.9513,1.59,-48.0,15.0,504.4,혼합/생활형
ST0792,3713.0,3746.0,3609.0,-33.0,4.0,28.0,130.0,2552.0,1139.0,1057.0,가수원동 미나리어린이공원 뒤편,서구,가수원동,36.308348,127.354316,7459,-0.058,0.4463,1.0304,1.74,-24.0,-9.0,192.1,혼합/생활형
ST1247,4849.0,4882.0,4666.0,-33.0,10.0,43.0,297.0,3226.0,1234.0,1440.0,관평동 대덕테크노밸리6단지 네오미아아파트 608동앞,유성구,관평동,36.420443,127.39095,9731,-0.058,0.3825,1.1105,3.05,-33.0,0.0,248.3,혼합/생활형
ST0939,8366.0,8400.0,8091.0,-34.0,20.0,65.0,273.0,5988.0,2477.0,2103.0,송강동 한마을아파트(114동),유성구,송강동,36.429031,127.384643,16766,-0.059,0.4137,0.8737,1.63,-45.0,11.0,430.6,혼합/생활형
ST1076,10381.0,10415.0,9982.0,-34.0,41.0,78.0,436.0,7526.0,2836.0,2456.0,중촌동 행정복지센터 정류장,중구,중촌동,36.338785,127.413075,20796,-0.059,0.3768,0.8119,2.1,-37.0,3.0,531.2,혼합/생활형
ST1366,3988.0,4022.0,3858.0,-34.0,11.0,46.0,223.0,2722.0,1205.0,1136.0,태평동 삼부아파트 2단지 27동,중구,태평동,36.32496,127.389698,8011,-0.059,0.4427,1.0383,2.78,-35.0,1.0,205.3,혼합/생활형
ST1162,907.0,942.0,861.0,-35.0,12.0,54.0,39.0,702.0,378.0,159.0,오정동 374-2,대덕구,오정동,36.352644,127.414367,1849,-0.061,0.5385,0.5635,2.11,-42.0,7.0,45.8,출퇴근형
ST0353,4908.0,4943.0,4770.0,-35.0,13.0,53.0,227.0,3539.0,1205.0,1231.0,대흥동 중구청 정문,중구,대흥동,36.325455,127.422024,9851,-0.061,0.3405,0.8654,2.3,-40.0,5.0,253.8,혼합/생활형
ST0107,10939.0,10974.0,10522.0,-35.0,30.0,70.0,485.0,7960.0,2524.0,2562.0,원동 중앙시장 공영주차장,동구,원동,36.327387,127.433162,21913,-0.061,0.3171,0.8007,2.21,-40.0,5.0,559.9,혼합/생활형
ST0531,17626.0,17661.0,16893.0,-35.0,70.0,112.0,692.0,12064.0,4965.0,4829.0,태평동 새마을금고 태평본점 옆,중구,태평동,36.326326,127.397704,35288,-0.061,0.4116,0.9958,1.96,-42.0,7.0,899.0,혼합/생활형
ST1295,9387.0,9422.0,8948.0,-35.0,20.0,40.0,435.0,6388.0,2587.0,2560.0,도마동이편한세상(807동 앞),서구,도마동,36.314667,127.383994,18809,-0.061,0.405,0.997,2.31,-20.0,-15.0,476.2,혼합/생활형
ST0627,13816.0,13851.0,13448.0,-35.0,21.0,60.0,729.0,9920.0,4525.0,3528.0,소제동 대전역 동광장 버스정류장,동구,소제동,36.333797,127.437407,27667,-0.061,0.4561,0.8848,2.63,-39.0,4.0,715.7,혼합/생활형
ST0080,8929.0,8965.0,8612.0,-36.0,11.0,48.0,366.0,6756.0,1577.0,1856.0,오정동 한남대학교 정문,대덕구,오정동,36.351508,127.421384,17896,-0.063,0.2334,0.6834,2.05,-37.0,1.0,458.3,혼합/생활형
ST0960,5485.0,5521.0,5276.0,-36.0,20.0,58.0,279.0,4087.0,1445.0,1189.0,선화동 대전측기사,중구,선화동,36.325599,127.420049,11006,-0.063,0.3536,0.7238,2.53,-38.0,2.0,280.8,혼합/생활형
ST0242,6211.0,6247.0,5868.0,-36.0,15.0,55.0,211.0,4165.0,1353.0,1703.0,가수원동 가수원파출소 건너편,서구,가수원동,36.308726,127.351583,12458,-0.063,0.3248,1.0172,1.69,-40.0,4.0,312.3,혼합/생활형
ST1367,12449.0,12485.0,12021.0,-36.0,22.0,53.0,687.0,8788.0,4288.0,3233.0,태평동 시영아파트 4동,중구,태평동,36.323741,127.40114,24935,-0.063,0.4879,0.9152,2.76,-31.0,-5.0,639.7,혼합/생활형
ST0604,8626.0,8662.0,8268.0,-36.0,31.0,69.0,602.0,6037.0,2410.0,2231.0,판암동 판암역 2번출구,동구,판암동,36.316709,127.458225,17288,-0.063,0.3992,0.9194,3.48,-38.0,2.0,440.0,혼합/생활형
ST0914,2461.0,2497.0,2406.0,-36.0,4.0,46.0,79.0,2173.0,1337.0,233.0,신일동 트루윈 입구,대덕구,신일동,36.436712,127.405937,4958,-0.063,0.6153,0.2668,1.59,-42.0,6.0,128.0,출퇴근형
ST0949,4154.0,4190.0,4027.0,-36.0,26.0,57.0,125.0,3418.0,2495.0,609.0,문평동 옥봉 신탄진물류센터,대덕구,문평동,36.448073,127.4006,8344,-0.063,0.73,0.4433,1.5,-31.0,-5.0,214.3,출퇴근형
ST0766,23127.0,23163.0,22247.0,-36.0,98.0,142.0,975.0,15890.0,4721.0,6357.0,봉명동 스카이뷰로드오피스텔 건너편,유성구,봉명동,36.357527,127.343184,46291,-0.063,0.2971,0.9953,2.11,-44.0,8.0,1183.9,혼합/생활형
ST0733,11229.0,11266.0,10865.0,-37.0,19.0,63.0,634.0,7208.0,2724.0,3657.0,용문역 6번출구(둔산전자타운),서구,탄방동,36.339592,127.394666,22495,-0.065,0.3779,1.2622,2.82,-44.0,7.0,578.2,혼합/생활형
ST1395,1761.0,1798.0,1690.0,-37.0,8.0,35.0,147.0,1170.0,580.0,520.0,읍내동 원촌교네거리 정류장(당아래 방면),대덕구,읍내동,36.376816,127.411712,3559,-0.065,0.4957,1.1057,4.13,-27.0,-10.0,89.9,혼합/생활형
ST0715,6120.0,6157.0,5890.0,-37.0,8.0,37.0,288.0,4293.0,1520.0,1597.0,갈마동 상수도사업본부(갈마중학교입구 방면)정류장,서구,갈마동,36.346465,127.36854,12277,-0.065,0.3541,0.9255,2.35,-29.0,-8.0,313.4,혼합/생활형
ST0634,6531.0,6568.0,6322.0,-37.0,19.0,58.0,318.0,4612.0,1743.0,1710.0,인동 현대아파트(104동),동구,인동,36.319277,127.439102,13100,-0.065,0.3779,0.9224,2.43,-39.0,2.0,336.4,혼합/생활형
ST0447,27530.0,27567.0,26716.0,-37.0,19.0,87.0,1209.0,19752.0,9354.0,6964.0,만년동 갑천네거리,서구,만년동,36.365411,127.370159,55098,-0.065,0.4736,0.8771,2.19,-68.0,31.0,1421.7,혼합/생활형
ST0457,2816.0,2853.0,2716.0,-37.0,11.0,46.0,128.0,2071.0,703.0,645.0,중촌동 115-5번지(대전천서로),중구,중촌동,36.339488,127.414118,5670,-0.065,0.3394,0.7748,2.26,-35.0,-2.0,144.5,혼합/생활형
ST0456,20263.0,20300.0,19772.0,-37.0,24.0,70.0,1395.0,16856.0,8442.0,2916.0,둔산동 둔산경찰서(대덕대로),서구,둔산동,36.358615,127.37973,40563,-0.065,0.5008,0.4304,3.44,-46.0,9.0,1052.2,출퇴근형
ST0469,1519.0,1556.0,1483.0,-37.0,5.0,41.0,67.0,1064.0,422.0,419.0,신탄진동 성하타운,대덕구,신탄진동,36.441003,127.430795,3075,-0.065,0.3966,0.9797,2.18,-36.0,-1.0,78.9,혼합/생활형
ST0235,9794.0,9831.0,9461.0,-37.0,23.0,72.0,483.0,6545.0,2170.0,2916.0,도안동(수목토아파트 방면) 정류장(34890),서구,도안동,36.326001,127.347719,19628,-0.065,0.3316,1.1084,2.46,-49.0,12.0,503.5,혼합/생활형
ST0913,1962.0,2000.0,1870.0,-38.0,6.0,41.0,99.0,1540.0,862.0,330.0,신일동 한솔제지 입구,대덕구,신일동,36.431715,127.407364,3962,-0.066,0.5597,0.5331,2.5,-35.0,-3.0,99.5,출퇴근형
ST0736,4524.0,4562.0,4417.0,-38.0,7.0,41.0,281.0,3243.0,1179.0,1174.0,괴정동 KT인재개발원(갈마동 방면) 정류장,서구,괴정동,36.338834,127.375721,9086,-0.066,0.3636,0.9006,3.09,-34.0,-4.0,235.1,혼합/생활형
ST0201,12898.0,12936.0,12523.0,-38.0,14.0,71.0,545.0,9001.0,3406.0,3522.0,봉명동 호텔인터시티,유성구,봉명동,36.354465,127.347672,25835,-0.066,0.3784,0.9735,2.11,-57.0,19.0,666.4,혼합/생활형
ST0100,8947.0,8985.0,8634.0,-38.0,54.0,125.0,356.0,6910.0,3335.0,1724.0,월평동 대전교통공사,서구,월평동,36.348928,127.353338,17932,-0.066,0.4826,0.6207,1.99,-71.0,33.0,459.5,출퇴근형
ST0732,10685.0,10723.0,10383.0,-38.0,7.0,53.0,565.0,7500.0,2566.0,2883.0,탄방동 하마모터스,서구,탄방동,36.343215,127.391343,21408,-0.066,0.3421,0.9563,2.64,-46.0,8.0,552.5,혼합/생활형
ST0683,8708.0,8746.0,8497.0,-38.0,25.0,64.0,429.0,6244.0,2122.0,2253.0,대흥동 중구청 건너편 정류장,중구,대흥동,36.325096,127.422422,17454,-0.066,0.3398,0.8977,2.46,-39.0,1.0,452.2,혼합/생활형
ST0528,3172.0,3210.0,3010.0,-38.0,26.0,60.0,119.0,2209.0,964.0,801.0,태평동 호암컨벤션,중구,태평동,36.329596,127.3964,6382,-0.066,0.4364,0.9021,1.86,-34.0,-4.0,160.2,혼합/생활형
ST0111,3061.0,3100.0,2943.0,-39.0,8.0,45.0,143.0,2145.0,651.0,798.0,덕암동 새뜸어린이공원,대덕구,덕암동,36.443673,127.421251,6161,-0.068,0.3035,0.9255,2.32,-37.0,-2.0,156.6,혼합/생활형
ST0428,8751.0,8790.0,8477.0,-39.0,17.0,50.0,423.0,6031.0,2802.0,2446.0,탄방동 1333 ,서구,탄방동,36.347382,127.400373,17541,-0.068,0.4646,1.009,2.41,-33.0,-6.0,451.1,혼합/생활형
ST0723,6069.0,6108.0,5791.0,-39.0,9.0,54.0,296.0,4064.0,1245.0,1727.0,덕암동 자연애마트 신탄진점,대덕구,덕암동,36.444127,127.425365,12177,-0.068,0.3063,1.0572,2.43,-45.0,6.0,308.2,혼합/생활형
ST0768,20284.0,20323.0,19594.0,-39.0,36.0,96.0,961.0,14030.0,5294.0,5564.0,봉명동 유성온천역 7번출구,유성구,봉명동,36.353919,127.341934,40607,-0.068,0.3773,0.9866,2.37,-60.0,21.0,1042.7,혼합/생활형
ST0395,13559.0,13598.0,12901.0,-39.0,50.0,100.0,785.0,9528.0,3790.0,3373.0,둔산동 국화아파트(501동),서구,둔산동,36.353971,127.395465,27158,-0.068,0.3978,0.8807,2.89,-50.0,11.0,686.5,혼합/생활형
ST1114,3826.0,3866.0,3718.0,-40.0,9.0,49.0,148.0,2538.0,895.0,1180.0,사정동 산성초등학교 건너편,중구,사정동,36.298122,127.384729,7693,-0.07,0.3526,1.1567,1.92,-40.0,0.0,197.9,혼합/생활형
ST0224,6928.0,6968.0,6688.0,-40.0,23.0,62.0,336.0,4602.0,1564.0,2086.0,도안동 예미지(107동),서구,도안동,36.331872,127.343798,13896,-0.07,0.3399,1.1277,2.42,-39.0,-1.0,355.9,혼합/생활형
ST0401,7686.0,7726.0,7442.0,-40.0,12.0,30.0,317.0,5537.0,2196.0,1905.0,죽동 대원칸타빌,유성구,죽동,36.369165,127.333954,15414,-0.07,0.3966,0.8559,2.06,-18.0,-22.0,396.0,혼합/생활형
ST0419,9957.0,9997.0,9497.0,-40.0,10.0,49.0,373.0,6783.0,2773.0,2714.0,원신흥동 양우내안애,유성구,원신흥동,36.343808,127.347395,19954,-0.07,0.4088,0.9954,1.87,-39.0,-1.0,505.4,혼합/생활형
ST0328,17775.0,17816.0,17021.0,-41.0,112.0,226.0,902.0,13169.0,6471.0,3852.0,문지동 민마루근린공원 ,유성구,문지동,36.392284,127.407027,35591,-0.072,0.4914,0.7277,2.53,-114.0,73.0,905.8,출퇴근형
ST0097,32884.0,32925.0,31474.0,-41.0,41.0,110.0,1143.0,22725.0,9232.0,8749.0,월평동 월평역 2번출구,서구,월평동,36.358149,127.363708,65809,-0.072,0.4062,0.9578,1.74,-69.0,28.0,1674.9,혼합/생활형
ST1321,5038.0,5079.0,4816.0,-41.0,19.0,44.0,334.0,3571.0,1290.0,1245.0,천동 리더스시티 4BL,동구,천동,36.317095,127.444631,10117,-0.072,0.3612,0.8674,3.3,-25.0,-16.0,256.3,혼합/생활형
ST1433,5273.0,5314.0,5114.0,-41.0,10.0,31.0,240.0,3806.0,1277.0,1308.0,문화동 중구보건소,중구,문화동,36.307811,127.395201,10589,-0.072,0.3355,0.855,2.27,-21.0,-20.0,272.2,혼합/생활형
ST0616,8336.0,8377.0,8043.0,-41.0,16.0,62.0,349.0,5973.0,2441.0,2070.0,용운동 용방마을(315동),동구,용운동,36.326776,127.450476,16714,-0.072,0.4087,0.8622,2.09,-46.0,5.0,428.0,혼합/생활형
ST0407,41211.0,41252.0,39756.0,-41.0,29.0,91.0,2431.0,29168.0,10323.0,10588.0,둔산동 하이마트,서구,둔산동,36.35547,127.379202,82464,-0.072,0.3539,0.9031,2.95,-62.0,21.0,2115.7,혼합/생활형
ST0062,17056.0,17097.0,16130.0,-41.0,51.0,103.0,675.0,12198.0,4639.0,3932.0,홍도동 새마을금고 본점 건너편,동구,홍도동,36.346767,127.425019,34154,-0.072,0.3803,0.8019,1.98,-52.0,11.0,858.4,혼합/생활형
ST0190,7990.0,8031.0,7724.0,-41.0,24.0,100.0,322.0,6614.0,3337.0,1110.0,가정동 화폐박물관,유성구,가정동,36.376836,127.371026,16021,-0.072,0.5045,0.4175,2.01,-76.0,35.0,411.0,출퇴근형
ST1416,8982.0,9023.0,8655.0,-41.0,27.0,53.0,507.0,6454.0,2544.0,2201.0,변동 향우네거리,서구,변동,36.322527,127.378218,18008,-0.072,0.3942,0.8484,2.82,-26.0,-15.0,460.6,혼합/생활형
ST0291,7517.0,7559.0,7200.0,-42.0,22.0,75.0,383.0,5562.0,2379.0,1638.0,오정동 오정네거리(대화중 방면),대덕구,오정동,36.358904,127.415425,15076,-0.073,0.4277,0.7327,2.54,-53.0,11.0,383.2,출퇴근형
ST0750,5982.0,6024.0,5833.0,-42.0,13.0,44.0,320.0,4338.0,1424.0,1495.0,반석동 반석마을5단지아파트 503동 정류장,유성구,반석동,36.390918,127.311813,12007,-0.073,0.3283,0.8574,2.67,-31.0,-11.0,310.4,혼합/생활형
ST0134,13421.0,13463.0,12953.0,-42.0,8.0,56.0,564.0,9487.0,3838.0,3466.0,월평동 한국마사회 빌딩,서구,월평동,36.356452,127.363784,26884,-0.073,0.4046,0.9089,2.1,-48.0,6.0,689.3,혼합/생활형
ST1303,3686.0,3729.0,3570.0,-43.0,14.0,69.0,181.0,2365.0,874.0,1205.0,구암동 현충원역 1번출구,유성구,구암동,36.359028,127.321841,7415,-0.075,0.3696,1.2676,2.44,-55.0,12.0,190.0,혼합/생활형
ST0238,13082.0,13125.0,12561.0,-43.0,49.0,91.0,491.0,8820.0,3430.0,3741.0,도안동 도안 17단지 계룡리슈빌(1710동),서구,도안동,36.317298,127.347777,26208,-0.075,0.3889,1.0552,1.87,-42.0,-1.0,668.5,혼합/생활형
ST0396,10835.0,10878.0,10488.0,-43.0,21.0,58.0,614.0,7813.0,2900.0,2675.0,목동더샵리슈빌 정문,중구,목동,36.333444,127.41473,21713,-0.075,0.3712,0.8518,2.83,-37.0,-6.0,558.1,혼합/생활형
ST1356,2010.0,2053.0,1962.0,-43.0,7.0,50.0,152.0,1052.0,352.0,910.0,만년동 천연기념물센터(한밭수목원 방면),서구,만년동,36.367699,127.393149,4063,-0.075,0.3346,2.152,3.74,-43.0,0.0,104.4,혼합/생활형
ST0439,10134.0,10177.0,9767.0,-43.0,24.0,68.0,617.0,7212.0,2676.0,2555.0,둔산동 시청역 6번출구,서구,둔산동,36.351423,127.387039,20311,-0.075,0.371,0.8814,3.04,-44.0,1.0,519.8,혼합/생활형
ST0193,35110.0,35153.0,33808.0,-43.0,44.0,121.0,1766.0,24377.0,8457.0,9431.0,궁동 온천교(충남대학교 방면),유성구,궁동,36.360726,127.344422,70264,-0.075,0.3469,0.9625,2.51,-77.0,34.0,1799.2,혼합/생활형
ST0780,10472.0,10515.0,10037.0,-43.0,23.0,56.0,458.0,7397.0,2746.0,2640.0,도안동 대전도안아이파크아파트 1505동,서구,도안동,36.323425,127.347489,20987,-0.075,0.3712,0.8879,2.18,-33.0,-10.0,534.1,혼합/생활형
ST0303,5053.0,5097.0,4848.0,-44.0,27.0,76.0,322.0,3685.0,1766.0,1163.0,법동 대전지방국세청 서측,대덕구,법동,36.372022,127.426834,10150,-0.077,0.4792,0.7852,3.17,-49.0,5.0,258.0,출퇴근형
ST1225,22315.0,22359.0,21428.0,-44.0,25.0,82.0,857.0,15700.0,7243.0,5728.0,월평동 진달래아파트 상가 앞,서구,월평동,36.358639,127.368304,44676,-0.077,0.4613,0.9077,1.92,-57.0,13.0,1140.3,혼합/생활형
ST0184,14837.0,14881.0,14269.0,-44.0,35.0,77.0,508.0,10557.0,5067.0,3712.0,신성동 대림두레(101동),유성구,신성동,36.385114,127.350911,29722,-0.077,0.48,0.8747,1.71,-42.0,-2.0,759.4,혼합/생활형
ST0524,11535.0,11579.0,11080.0,-44.0,20.0,69.0,502.0,8263.0,3343.0,2817.0,태평동 한국정형외과 ,중구,태평동,36.327252,127.399672,23115,-0.077,0.4046,0.8481,2.17,-49.0,5.0,589.6,혼합/생활형
ST0641,8925.0,8970.0,8688.0,-45.0,12.0,56.0,448.0,6273.0,2154.0,2415.0,원동 중앙프라자 정류장,동구,원동,36.328334,127.434065,17895,-0.079,0.3434,0.9578,2.5,-44.0,-1.0,462.3,혼합/생활형
ST1276,10414.0,10459.0,10097.0,-45.0,26.0,65.0,632.0,7611.0,2732.0,2486.0,상대동 아이파크시티 1단지 102동 앞,유성구,상대동,36.336209,127.330158,20876,-0.079,0.359,0.8126,3.03,-39.0,-6.0,537.3,혼합/생활형
ST0059,8185.0,8230.0,7815.0,-45.0,29.0,63.0,619.0,6091.0,2503.0,1724.0,천동 휴먼시아 입구(201동),동구,천동,36.316444,127.447992,16416,-0.079,0.4109,0.7041,3.77,-34.0,-11.0,415.9,출퇴근형
ST0740,8965.0,9010.0,8708.0,-45.0,41.0,81.0,304.0,5953.0,1908.0,2755.0,복수동 초록마을5단지중흥S클래스아파트 정류장,서구,복수동,36.298323,127.3767,17975,-0.079,0.3205,1.1513,1.69,-40.0,-5.0,463.4,혼합/생활형
ST0462,11783.0,11829.0,11306.0,-46.0,10.0,66.0,417.0,7369.0,3198.0,3937.0,봉명동 투유아파트 1차,유성구,봉명동,36.355621,127.351854,23612,-0.08,0.434,1.3291,1.77,-56.0,10.0,601.7,혼합/생활형
ST1046,13116.0,13162.0,12482.0,-46.0,58.0,99.0,573.0,8676.0,3465.0,3806.0,관평동 북대전농협 관평지점,유성구,관평동,36.423887,127.388695,26278,-0.08,0.3994,1.0914,2.18,-41.0,-5.0,664.3,혼합/생활형
ST0464,20910.0,20956.0,20085.0,-46.0,51.0,115.0,677.0,14032.0,4570.0,6053.0,가수원동 올리브영 대전가수원점,서구,가수원동,36.304983,127.351179,41866,-0.08,0.3257,1.0732,1.62,-64.0,18.0,1068.9,혼합/생활형
ST0455,15104.0,15150.0,14654.0,-46.0,3.0,51.0,914.0,11032.0,4953.0,3622.0,만년동 왕가한정식,서구,만년동,36.365834,127.381235,30254,-0.08,0.449,0.8168,3.02,-48.0,2.0,779.8,혼합/생활형
ST0553,13378.0,13425.0,12879.0,-47.0,27.0,76.0,764.0,8988.0,2840.0,3891.0,부사동 우체국,중구,부사동,36.318619,127.431848,26803,-0.082,0.316,1.077,2.85,-49.0,2.0,685.4,혼합/생활형
ST0797,9263.0,9310.0,8884.0,-47.0,23.0,69.0,361.0,6269.0,2218.0,2615.0,도안동 용소1교 좌안,서구,도안동,36.3062,127.348531,18573,-0.082,0.3538,1.0377,1.94,-46.0,-1.0,472.8,혼합/생활형
ST0198,27998.0,28045.0,27057.0,-47.0,23.0,74.0,1077.0,19224.0,7216.0,7833.0,봉명동 노블레스3,유성구,봉명동,36.358541,127.349748,56048,-0.082,0.3754,1.0137,1.92,-51.0,4.0,1439.9,혼합/생활형
ST1257,31659.0,31706.0,30627.0,-47.0,18.0,81.0,1252.0,21887.0,6945.0,8740.0,궁동 유성문화원,유성구,궁동,36.359936,127.341183,63368,-0.082,0.3173,0.9934,1.98,-63.0,16.0,1629.9,혼합/생활형
ST0459,7129.0,7177.0,6865.0,-48.0,45.0,85.0,337.0,4920.0,2147.0,1945.0,목동 올리브힐 정문,중구,목동,36.336824,127.406181,14306,-0.084,0.4364,0.9835,2.36,-40.0,-8.0,365.3,혼합/생활형
ST0020,18838.0,18886.0,17944.0,-48.0,47.0,122.0,1122.0,13477.0,6241.0,4467.0,만년동 기업은행,서구,만년동,36.368581,127.379974,37725,-0.084,0.4631,0.8246,2.97,-75.0,27.0,954.9,혼합/생활형
ST1024,29946.0,29994.0,28758.0,-48.0,34.0,102.0,1440.0,21117.0,9606.0,7641.0,만년동 행정복지센터,서구,만년동,36.367645,127.375195,59940,-0.084,0.4549,0.9002,2.4,-68.0,20.0,1530.4,혼합/생활형
ST0306,1872.0,1920.0,1756.0,-48.0,4.0,50.0,141.0,1330.0,658.0,426.0,신대동 신대노인복지관,대덕구,신대동,36.398428,127.420516,3792,-0.084,0.4947,0.7968,3.72,-46.0,-2.0,93.4,출퇴근형
ST0585,10371.0,10419.0,9949.0,-48.0,58.0,96.0,644.0,6894.0,1997.0,3055.0,가오동 은어송마을입구,동구,가오동,36.305539,127.454574,20791,-0.084,0.2897,1.1024,3.1,-38.0,-10.0,529.5,여가형
ST1264,10018.0,10067.0,9738.0,-49.0,17.0,58.0,566.0,6917.0,2855.0,2821.0,탄방동 대전 도산서원입구,서구,탄방동,36.343572,127.395235,20085,-0.086,0.4128,1.0146,2.82,-41.0,-8.0,518.2,혼합/생활형
ST0644,5428.0,5477.0,5256.0,-49.0,25.0,63.0,231.0,3839.0,1531.0,1417.0,삼성동 한밭자이아파트 정문 건너편,동구,삼성동,36.341018,127.425788,10905,-0.086,0.3988,0.9183,2.12,-38.0,-11.0,279.7,혼합/생활형
ST0865,14239.0,14288.0,13746.0,-49.0,45.0,90.0,575.0,10464.0,3680.0,3282.0,도마동 효성타운아파트 입구 정류장,서구,도마동,36.311649,127.383162,28527,-0.086,0.3517,0.7803,2.02,-45.0,-4.0,731.5,혼합/생활형
ST0200,15898.0,15948.0,15374.0,-50.0,25.0,80.0,645.0,10698.0,3666.0,4676.0,봉명동 사이언스타운,유성구,봉명동,36.354888,127.34463,31850,-0.087,0.3427,1.0874,2.03,-55.0,5.0,818.2,혼합/생활형
ST0321,13329.0,13379.0,12744.0,-50.0,59.0,119.0,515.0,9189.0,2863.0,3555.0,유천동 태평초등학교,중구,유천동,36.321413,127.393986,26708,-0.087,0.3116,0.9625,1.93,-60.0,10.0,678.2,혼합/생활형
ST1263,5666.0,5717.0,5471.0,-51.0,1.0,46.0,311.0,4085.0,1472.0,1386.0,효동 새마을금고 효동지점,동구,효동,36.317162,127.441463,11384,-0.089,0.3603,0.8441,2.73,-45.0,-6.0,291.1,혼합/생활형
ST0415,38790.0,38841.0,37415.0,-51.0,63.0,144.0,1906.0,26971.0,10730.0,10444.0,월평동 선사유적지공용주차장,서구,월평동,36.361898,127.379217,77632,-0.089,0.3978,0.9634,2.46,-81.0,30.0,1991.1,혼합/생활형
ST0025,29076.0,29127.0,28082.0,-51.0,44.0,96.0,1923.0,21005.0,7838.0,7077.0,둔산동 큰마을네거리,서구,둔산동,36.348711,127.377134,58205,-0.089,0.3731,0.8382,3.3,-52.0,1.0,1494.4,혼합/생활형
ST0494,9140.0,9191.0,8727.0,-51.0,34.0,95.0,264.0,6428.0,2749.0,2299.0,산성동 한밭가든아파트(103동),중구,산성동,36.306554,127.38408,18332,-0.089,0.4277,0.8898,1.44,-61.0,10.0,464.4,혼합/생활형
ST0316,12040.0,12091.0,11454.0,-51.0,27.0,75.0,448.0,8121.0,2711.0,3333.0,유천동 롯데하이마트 (유천점),중구,유천동,36.316586,127.391298,24131,-0.089,0.3338,1.021,1.86,-48.0,-3.0,609.5,혼합/생활형
ST0409,12457.0,12509.0,12037.0,-52.0,22.0,77.0,576.0,8710.0,2854.0,3327.0,오류동 서대전역 삼성스토어 앞,중구,오류동,36.320736,127.405943,24966,-0.091,0.3277,0.9503,2.31,-55.0,3.0,640.6,혼합/생활형
ST1223,920.0,972.0,875.0,-52.0,3.0,53.0,34.0,582.0,219.0,293.0,정림동 성균관숲유치원,서구,정림동,36.290037,127.361188,1892,-0.091,0.3763,1.2525,1.8,-50.0,-2.0,46.6,혼합/생활형
ST0463,13396.0,13450.0,12746.0,-54.0,16.0,72.0,441.0,9170.0,2953.0,3576.0,가수원동 도미노피자 대전도안점,서구,가수원동,36.307266,127.352055,26846,-0.094,0.322,0.9702,1.64,-56.0,2.0,678.3,혼합/생활형
ST1155,24371.0,24425.0,23407.0,-54.0,66.0,139.0,1019.0,17107.0,6733.0,6300.0,태평동 쌍용예가,중구,태평동,36.322685,127.398107,48797,-0.094,0.3936,0.9162,2.09,-73.0,19.0,1245.6,혼합/생활형
ST0199,28196.0,28250.0,27257.0,-54.0,10.0,68.0,1082.0,19399.0,6349.0,7858.0,봉명동 하이랜드 1차,유성구,봉명동,36.358877,127.347443,56447,-0.094,0.3273,1.0077,1.92,-58.0,4.0,1450.5,혼합/생활형
ST0084,3251.0,3306.0,3156.0,-55.0,24.0,81.0,243.0,2349.0,983.0,807.0,판암동 신흥역 3번출구,동구,판암동,36.32011,127.448328,6557,-0.096,0.4185,0.8547,3.71,-57.0,2.0,168.0,혼합/생활형
ST0951,6634.0,6689.0,6274.0,-55.0,14.0,76.0,374.0,4944.0,2429.0,1330.0,신일동 을미기체육공원,대덕구,신일동,36.443878,127.41057,13323,-0.096,0.4913,0.6693,2.81,-62.0,7.0,333.9,출퇴근형
ST0241,6089.0,6144.0,5880.0,-55.0,15.0,63.0,216.0,3777.0,1566.0,2103.0,도안동 축산농협 하나로마트,서구,도안동,36.312898,127.350277,12233,-0.096,0.4146,1.3852,1.77,-48.0,-7.0,312.9,혼합/생활형
ST1421,9798.0,9853.0,9517.0,-55.0,24.0,56.0,562.0,6921.0,2326.0,2596.0,선화동 대전하늘채스카이앤2차,중구,선화동,36.335926,127.419902,19652,-0.096,0.3361,0.9332,2.86,-32.0,-23.0,506.5,혼합/생활형
ST1050,10559.0,10614.0,10165.0,-55.0,37.0,76.0,732.0,7210.0,2601.0,2955.0,상대동 아이파크시티 2단지(205동),유성구,상대동,36.335927,127.333196,21176,-0.096,0.3607,1.0196,3.46,-39.0,-16.0,540.9,혼합/생활형
ST0834,2323.0,2378.0,2210.0,-55.0,2.0,60.0,86.0,1682.0,672.0,528.0,오정동 성진주택 ,대덕구,오정동,36.354897,127.415849,4701,-0.096,0.3995,0.781,1.83,-58.0,3.0,117.6,혼합/생활형
ST0313,12079.0,12135.0,11531.0,-56.0,25.0,73.0,479.0,8356.0,2834.0,3175.0,유천동 서대전농협 본점 주차장,중구,유천동,36.318013,127.395195,24215,-0.098,0.3392,0.9453,1.98,-48.0,-8.0,613.6,혼합/생활형
ST0393,18249.0,18305.0,17660.0,-56.0,30.0,84.0,905.0,12892.0,4732.0,4768.0,탄방동 한가람아파트,서구,탄방동,36.346847,127.393365,36554,-0.098,0.367,0.9201,2.48,-54.0,-2.0,939.8,혼합/생활형
ST1373,6182.0,6240.0,5989.0,-58.0,17.0,72.0,306.0,4490.0,1931.0,1499.0,유천동 큰솔아파트,중구,유천동,36.314518,127.390012,12422,-0.101,0.4301,0.8306,2.46,-55.0,-3.0,318.7,혼합/생활형
ST0770,23620.0,23678.0,22855.0,-58.0,42.0,130.0,776.0,17278.0,8213.0,5577.0,봉명동 유성온천역 2번출구,유성구,봉명동,36.352878,127.341558,47299,-0.101,0.4753,0.803,1.64,-88.0,30.0,1216.3,혼합/생활형
ST0739,7246.0,7304.0,7057.0,-58.0,18.0,62.0,268.0,5020.0,2008.0,2037.0,복수동 초록마을1단지예미지아파트 101동,서구,복수동,36.303792,127.379024,14550,-0.101,0.4,1.0095,1.84,-44.0,-14.0,375.6,혼합/생활형
ST0117,6314.0,6372.0,6140.0,-58.0,19.0,65.0,345.0,4384.0,2049.0,1756.0,탄방동 e편한세상 정류장(용문네거리 방면),서구,탄방동,36.341426,127.397086,12686,-0.101,0.4674,0.9965,2.72,-46.0,-12.0,326.8,혼합/생활형
ST0318,9336.0,9395.0,8879.0,-59.0,25.0,80.0,567.0,6323.0,2471.0,2556.0,가장동 가장교(성은사),서구,가장동,36.328455,127.388089,18731,-0.103,0.3908,1.0057,3.03,-55.0,-4.0,472.5,혼합/생활형
ST0461,9526.0,9587.0,9143.0,-61.0,11.0,67.0,443.0,6646.0,3104.0,2497.0,탄방동 공영주차장,서구,탄방동,36.345683,127.399695,19113,-0.107,0.467,0.9347,2.32,-56.0,-5.0,486.6,혼합/생활형
ST0632,8859.0,8920.0,8471.0,-61.0,26.0,78.0,549.0,6027.0,2100.0,2444.0,효동 현대아파트 상가,동구,효동,36.318432,127.442276,17779,-0.107,0.3484,1.0088,3.09,-52.0,-9.0,450.8,혼합/생활형
ST0392,18455.0,18517.0,17744.0,-62.0,33.0,102.0,994.0,13072.0,4942.0,4672.0,탄방동 한가람네거리 삼성디지털프라자,서구,탄방동,36.346524,127.389871,36972,-0.108,0.3781,0.8892,2.69,-69.0,7.0,944.3,혼합/생활형
ST0103,13702.0,13764.0,13167.0,-62.0,12.0,67.0,491.0,9265.0,3649.0,3902.0,월평동 월평타운,서구,월평동,36.352915,127.356225,27466,-0.108,0.3938,1.0478,1.79,-55.0,-7.0,700.7,혼합/생활형
ST0192,41993.0,42055.0,40537.0,-62.0,17.0,98.0,1888.0,29116.0,8633.0,11421.0,궁동 다솔아파트 입구,유성구,궁동,36.361324,127.34789,84048,-0.108,0.2965,0.9759,2.25,-81.0,19.0,2157.2,혼합/생활형
ST1044,6813.0,6876.0,6613.0,-63.0,22.0,75.0,299.0,4784.0,2274.0,1829.0,중촌동 푸르지오(102동),중구,중촌동,36.346737,127.40938,13689,-0.11,0.4753,0.9511,2.18,-53.0,-10.0,351.9,혼합/생활형
ST0749,12016.0,12079.0,11560.0,-63.0,61.0,108.0,680.0,8325.0,2802.0,3235.0,중촌동 제일프라자,중구,중촌동,36.33772,127.409341,24096,-0.11,0.3366,0.9667,2.82,-47.0,-16.0,615.2,혼합/생활형
ST1023,39392.0,39455.0,37733.0,-63.0,31.0,116.0,1842.0,25810.0,8193.0,11923.0,봉명동 매드블럭,유성구,봉명동,36.358699,127.343662,78849,-0.11,0.3174,1.1492,2.34,-85.0,22.0,2008.0,혼합/생활형
ST0482,32141.0,32205.0,30981.0,-64.0,38.0,132.0,1477.0,21709.0,9092.0,9272.0,구암동 구암역 3번출구,유성구,구암동,36.356438,127.331084,64346,-0.112,0.4188,1.0626,2.3,-94.0,30.0,1648.7,혼합/생활형
ST0821,4802.0,4867.0,4598.0,-65.0,15.0,69.0,180.0,3340.0,990.0,1258.0,정림동 늘푸른아파트 102동,서구,정림동,36.301889,127.366203,9669,-0.114,0.2964,0.937,1.86,-54.0,-11.0,244.7,혼합/생활형
ST0426,48514.0,48579.0,47003.0,-65.0,96.0,206.0,3027.0,33600.0,12888.0,13403.0,둔산동 샘머리아파트(209동),서구,둔산동,36.36104,127.390447,97094,-0.114,0.3836,0.9924,3.12,-110.0,45.0,2501.3,혼합/생활형
ST0875,17930.0,17996.0,17226.0,-66.0,74.0,130.0,784.0,12592.0,5085.0,4634.0,태평동 버드내1단지아파트 입구,중구,태평동,36.316311,127.388576,35926,-0.115,0.4038,0.9155,2.18,-56.0,-10.0,916.7,혼합/생활형
ST0432,21653.0,21719.0,20916.0,-66.0,20.0,93.0,1275.0,14930.0,6370.0,5986.0,둔산동 샘머리아파트(107동),서구,둔산동,36.364294,127.390451,43373,-0.115,0.4267,0.9975,2.94,-73.0,7.0,1113.1,혼합/생활형
ST1351,6990.0,7056.0,6784.0,-66.0,12.0,85.0,407.0,5268.0,2283.0,1516.0,도룡동 기초과학연구원,유성구,도룡동,36.376251,127.386111,14046,-0.115,0.4334,0.7159,2.9,-73.0,7.0,361.0,출퇴근형
ST0357,12572.0,12638.0,12115.0,-66.0,48.0,107.0,502.0,8967.0,3658.0,3148.0,삼성동 대전축산농협,동구,삼성동,36.340669,127.421506,25210,-0.115,0.4079,0.8734,1.99,-59.0,-7.0,644.7,혼합/생활형
ST0411,9341.0,9408.0,9033.0,-67.0,11.0,73.0,375.0,6710.0,2724.0,2323.0,중촌동 중촌초등학교 건너편,중구,촌동,36.340623,127.410669,18750,-0.117,0.406,0.8613,2.0,-62.0,-5.0,480.7,혼합/생활형
ST0925,7832.0,7899.0,7569.0,-67.0,43.0,108.0,324.0,6841.0,3793.0,728.0,용산동 대전테크노파크용산동 에스피에스,유성구,용산동,36.420966,127.405413,15731,-0.117,0.5545,0.2647,2.06,-65.0,-2.0,402.8,출퇴근형
ST0064,9768.0,9835.0,9423.0,-67.0,45.0,88.0,410.0,7055.0,2759.0,2368.0,삼성동 한밭자이 정류장(104동),동구,삼성동,36.341048,127.425233,19605,-0.117,0.3911,0.835,2.09,-43.0,-24.0,501.5,혼합/생활형
ST1418,350.0,418.0,344.0,-68.0,23.0,107.0,71.0,270.0,150.0,74.0,타슈 시험용 대여소,유성구,외삼동,36.40348,127.308759,768,-0.119,0.5556,0.6818,9.24,-84.0,16.0,18.3,판정 불가
ST0014,25055.0,25125.0,23828.0,-70.0,89.0,177.0,1315.0,17227.0,7251.0,6601.0,둔산동 가람아파트 상가,서구,둔산동,36.355878,127.398305,50180,-0.122,0.4209,0.9533,2.62,-88.0,18.0,1268.0,혼합/생활형
ST1297,7876.0,7946.0,7628.0,-70.0,22.0,111.0,445.0,4922.0,1788.0,2706.0,중동 목척교 유래비,동구,중동,36.331069,127.428466,15823,-0.122,0.3633,1.3677,2.81,-89.0,19.0,405.9,혼합/생활형
ST1239,29036.0,29107.0,28056.0,-71.0,10.0,98.0,1076.0,20271.0,7054.0,7785.0,봉명동 자이아파트 GS25 앞,유성구,봉명동,36.355064,127.337373,58146,-0.124,0.348,0.9554,1.85,-88.0,17.0,1493.1,혼합/생활형
ST1045,8712.0,8784.0,8369.0,-72.0,29.0,89.0,350.0,6333.0,3034.0,2036.0,중촌동 신수빌딩,중구,중촌동,36.342852,127.409797,17496,-0.126,0.4791,0.7998,2.0,-60.0,-12.0,445.4,출퇴근형
ST1242,9868.0,9942.0,9343.0,-74.0,20.0,90.0,452.0,6954.0,3360.0,2389.0,전민동 청구 나래아파트 103동 앞,유성구,전민동,36.402256,127.404758,19810,-0.129,0.4832,0.8547,2.28,-70.0,-4.0,497.2,혼합/생활형
ST1302,6046.0,6120.0,5824.0,-74.0,16.0,91.0,275.0,4223.0,1454.0,1601.0,용산동 테크노밸리12단지 정류장(우림필유),유성구,용산동,36.417358,127.392722,12166,-0.129,0.3443,0.9432,2.26,-75.0,1.0,309.9,혼합/생활형
ST0425,16979.0,17054.0,16426.0,-75.0,56.0,133.0,1109.0,12084.0,4826.0,4342.0,둔산동 둥지아파트(107동),서구,둔산동,36.3588,127.390439,34034,-0.131,0.3994,0.8939,3.26,-77.0,2.0,874.1,혼합/생활형
ST0329,16194.0,16269.0,15615.0,-75.0,34.0,129.0,1024.0,11798.0,5344.0,3817.0,전민동 행정복지센터 건너편,유성구,전민동,36.399515,127.401644,32464,-0.131,0.453,0.8049,3.15,-95.0,20.0,831.0,혼합/생활형
ST0246,9351.0,9427.0,8609.0,-76.0,18.0,97.0,336.0,6393.0,2329.0,2216.0,관저동 느리울마을 11단지 정류장(1114동),서구,관저동,36.302792,127.343594,18778,-0.133,0.3643,0.8623,1.79,-79.0,3.0,458.1,혼합/생활형
ST0471,4207.0,4283.0,3987.0,-76.0,15.0,69.0,231.0,2800.0,1163.0,1187.0,석봉동 석봉어린이공원,대덕구,석봉동,36.449405,127.427514,8490,-0.133,0.4154,1.0547,2.72,-54.0,-22.0,212.2,혼합/생활형
ST1443,3787.0,3863.0,3683.0,-76.0,12.0,69.0,149.0,2637.0,1288.0,1046.0,어은동 한빛아파트(126동 앞),유성구,어은동,36.363314,127.353114,7651,-0.133,0.4884,0.9868,1.95,-57.0,-19.0,196.0,혼합/생활형
ST0743,13301.0,13379.0,12739.0,-78.0,17.0,89.0,544.0,9105.0,4747.0,3634.0,송강동 송강동네거리 송강마을아파트 방면,유성구,송강동,36.434118,127.388543,26680,-0.136,0.5214,0.9929,2.04,-72.0,-6.0,677.9,혼합/생활형
ST0830,3422.0,3503.0,3277.0,-81.0,9.0,89.0,120.0,2565.0,1246.0,712.0,오정동 오정로 호남선(가도교) 아래 2,대덕구,오정동,36.351021,127.412741,6925,-0.142,0.4858,0.6906,1.73,-80.0,-1.0,174.4,출퇴근형
ST0705,13011.0,13093.0,12588.0,-82.0,8.0,86.0,495.0,9122.0,4230.0,3466.0,월평동 사정어린이공원,서구,월평동,36.35671,127.365804,26106,-0.143,0.4637,0.9453,1.9,-78.0,-4.0,669.9,혼합/생활형
ST0119,11725.0,11808.0,11317.0,-83.0,62.0,129.0,688.0,8296.0,3553.0,3021.0,탄방동 e편한세상(102동),서구,탄방동,36.342649,127.392663,23533,-0.145,0.4283,0.9059,2.92,-67.0,-16.0,602.3,혼합/생활형
ST0952,13164.0,13247.0,12676.0,-83.0,19.0,98.0,566.0,9576.0,4165.0,3100.0,목상동 다사랑아파트 104동,대덕구,목상동,36.447099,127.414697,26411,-0.145,0.4349,0.8054,2.14,-79.0,-4.0,674.6,혼합/생활형
ST0065,34092.0,34177.0,32693.0,-85.0,50.0,183.0,1590.0,24512.0,11146.0,8181.0,정동 대전역(대한통운 건너편),동구,정동,36.332329,127.431977,68269,-0.149,0.4547,0.8303,2.33,-133.0,48.0,1739.8,혼합/생활형
ST0737,20177.0,20262.0,19516.0,-85.0,75.0,179.0,1302.0,13610.0,5064.0,5906.0,괴정동 롯데백화점,서구,괴정동,36.341147,127.389385,40439,-0.149,0.3721,1.0796,3.22,-104.0,19.0,1038.6,혼합/생활형
ST1348,8955.0,9041.0,8680.0,-86.0,24.0,116.0,657.0,5687.0,1997.0,2993.0,도룡동 스마트시티5단지,유성구,도룡동,36.376702,127.394112,17998,-0.15,0.3512,1.3093,3.65,-92.0,6.0,461.9,혼합/생활형
ST0869,14751.0,14839.0,14168.0,-88.0,29.0,119.0,565.0,10588.0,3834.0,3580.0,유천동현대아파트(도마동 방면) 정류장,중구,유천동,36.319332,127.400499,29590,-0.154,0.3621,0.8412,1.91,-90.0,2.0,754.0,혼합/생활형
ST1066,24955.0,25044.0,24039.0,-89.0,17.0,121.0,1099.0,13995.0,6081.0,10044.0,가정동 국립중앙과학관,유성구,가정동,36.37522,127.378129,49999,-0.156,0.4345,1.7855,2.2,-104.0,15.0,1279.3,혼합/생활형
ST1111,16673.0,16763.0,16080.0,-90.0,48.0,121.0,703.0,11786.0,4828.0,4294.0,태평동 계룡육교 아래,중구,태평동,36.333139,127.399188,33436,-0.157,0.4096,0.9064,2.1,-73.0,-17.0,855.7,혼합/생활형
ST0194,12425.0,12515.0,11980.0,-90.0,33.0,134.0,524.0,8805.0,2753.0,3175.0,봉명동 현대리조텔,유성구,봉명동,36.356035,127.341971,24940,-0.157,0.3127,0.8971,2.1,-101.0,11.0,637.5,혼합/생활형
ST0150,18094.0,18186.0,17365.0,-92.0,44.0,142.0,565.0,12773.0,5012.0,4592.0,관평동 롯데마트대덕점(관평중학교 방면) 정류장,유성구,관평동,36.426897,127.38951,36280,-0.161,0.3924,0.8944,1.56,-98.0,6.0,924.1,혼합/생활형
ST0831,2669.0,2762.0,2536.0,-93.0,15.0,103.0,91.0,2145.0,857.0,391.0,오정동 한남오거리(대덕구청 방면),대덕구,오정동,36.347933,127.415619,5431,-0.163,0.3995,0.4535,1.68,-88.0,-5.0,135.0,혼합/생활형
ST1365,7085.0,7179.0,6758.0,-94.0,11.0,60.0,363.0,4953.0,2162.0,1805.0,태평동 삼부새롬아파트 101동앞,중구,태평동,36.322058,127.390188,14266,-0.164,0.4365,0.9066,2.54,-49.0,-45.0,359.6,혼합/생활형
ST1273,10965.0,11059.0,10577.0,-94.0,27.0,101.0,459.0,7863.0,2929.0,2714.0,도안동 도안우미린아파트 112동 입구,서구,도안동,36.308519,127.347919,22024,-0.164,0.3725,0.8587,2.08,-74.0,-20.0,562.9,혼합/생활형
ST0665,5688.0,5787.0,5472.0,-99.0,42.0,145.0,275.0,4407.0,1942.0,1065.0,오정동 오정신용협동조합,대덕구,오정동,36.348127,127.415345,11475,-0.173,0.4407,0.6012,2.4,-103.0,4.0,291.2,출퇴근형
ST0125,18354.0,18453.0,17698.0,-99.0,49.0,155.0,1015.0,12698.0,5307.0,5000.0,가장동 래미안 1단지 건너편(115동),서구,가장동,36.332127,127.385649,36807,-0.173,0.4179,0.9796,2.76,-106.0,7.0,941.8,혼합/생활형
ST1051,28982.0,29081.0,27599.0,-99.0,25.0,111.0,1154.0,19594.0,7820.0,8005.0,월평역 이마트 트레이더스,서구,월평동,36.358472,127.361088,58065,-0.173,0.3991,1.0164,1.99,-86.0,-13.0,1468.7,혼합/생활형
ST0828,4476.0,4576.0,4169.0,-100.0,10.0,106.0,136.0,3282.0,1461.0,887.0,오정동 노촌어린이공원,대덕구,오정동,36.352491,127.408663,9052,-0.175,0.4452,0.6724,1.5,-96.0,-4.0,221.9,출퇴근형
ST0747,14023.0,14129.0,13570.0,-106.0,41.0,129.0,575.0,9966.0,4519.0,3604.0,봉산동 송강프라자 대각선 건너편,유성구,봉산동,36.43585,127.387021,28152,-0.185,0.4534,0.8997,2.04,-88.0,-18.0,722.2,혼합/생활형
ST0748,11884.0,11991.0,11274.0,-107.0,28.0,135.0,392.0,7742.0,2443.0,3532.0,복수동 복수남로 사정교 방면 네거리,서구,복수동,36.29804,127.379017,23875,-0.187,0.3156,1.135,1.64,-107.0,0.0,600.0,혼합/생활형
ST0126,23252.0,23360.0,22384.0,-108.0,31.0,157.0,1246.0,15935.0,5377.0,6449.0,괴정동 롯데백화점 허리사랑병원,서구,괴정동,36.339836,127.391096,46612,-0.189,0.3374,1.0068,2.67,-126.0,18.0,1191.2,혼합/생활형
ST0487,22221.0,22329.0,21543.0,-108.0,12.0,118.0,818.0,14997.0,5962.0,6546.0,장대동 장대공원 내 놀이터 옆,유성구,장대동,36.358342,127.337592,44553,-0.189,0.3975,1.0859,1.84,-106.0,-2.0,1146.4,혼합/생활형
ST0030,6658.0,6767.0,6214.0,-109.0,19.0,116.0,263.0,4813.0,1758.0,1401.0,삼성동 동구 보건지소,동구,삼성동,36.342621,127.420428,13425,-0.191,0.3653,0.7242,1.96,-97.0,-12.0,330.7,혼합/생활형
ST0431,12882.0,12997.0,12175.0,-115.0,50.0,173.0,753.0,8813.0,3468.0,3362.0,맘스터치 대전둔산점,서구,둔산동,36.350134,127.390006,25879,-0.201,0.3935,0.9491,2.91,-123.0,8.0,647.9,혼합/생활형
ST0877,14760.0,14887.0,14275.0,-127.0,33.0,162.0,715.0,10400.0,3970.0,3875.0,도마동 농도원네거리,서구,도마동,36.320287,127.377601,29647,-0.222,0.3817,0.9269,2.41,-129.0,2.0,759.7,혼합/생활형
ST0505,16783.0,16910.0,16081.0,-127.0,19.0,128.0,583.0,11880.0,4887.0,4201.0,문화동 주공3단지아파트(302동),중구,문화동,36.310234,127.399399,33693,-0.222,0.4114,0.8797,1.73,-109.0,-18.0,855.8,혼합/생활형
ST1016,56495.0,56630.0,54946.0,-135.0,148.0,360.0,2846.0,46726.0,9055.0,8220.0,궁동 충남대학교 학생회관,유성구,궁동,36.366454,127.345568,113128,-0.236,0.1938,0.4377,2.52,-212.0,77.0,2924.0,혼합/생활형
ST0764,41148.0,41284.0,39491.0,-136.0,15.0,144.0,1409.0,27808.0,11396.0,11683.0,어은동 어은치안센터 입구,유성구,어은동,36.360821,127.354303,82437,-0.238,0.4098,1.0452,1.71,-129.0,-7.0,2101.6,혼합/생활형
ST0687,29818.0,29957.0,28757.0,-139.0,35.0,187.0,1444.0,21196.0,8777.0,7561.0,용문역 1번출구,서구,용문동,36.337799,127.393557,59775,-0.243,0.4141,0.8874,2.42,-152.0,13.0,1530.4,혼합/생활형
ST0829,2977.0,3117.0,2852.0,-140.0,12.0,156.0,103.0,2283.0,1104.0,569.0,오정동 오정로 호남선(가도교) 아래 ,대덕구,오정동,36.350773,127.4124,6094,-0.245,0.4836,0.62,1.69,-144.0,4.0,151.8,출퇴근형
ST0394,10877.0,11022.0,10625.0,-145.0,56.0,118.0,567.0,7775.0,3253.0,2850.0,탄방동 공작한양아파트 11동,서구,탄방동,36.348175,127.395097,21899,-0.253,0.4184,0.9119,2.59,-62.0,-83.0,565.4,혼합/생활형
ST0327,16629.0,16776.0,15985.0,-147.0,35.0,202.0,826.0,11574.0,5642.0,4411.0,전민동 엑스포아파트 4단지(407동),유성구,전민동,36.396112,127.405244,33406,-0.257,0.4875,0.9481,2.47,-167.0,20.0,850.7,혼합/생활형
ST0984,7005.0,7153.0,6690.0,-148.0,9.0,173.0,415.0,5865.0,3822.0,825.0,문지동 싸이언스빌3가 대덕벤처협동화단지,유성구,원촌동,36.386136,127.404916,14158,-0.259,0.6517,0.3499,2.93,-164.0,16.0,356.0,출퇴근형
ST0323,16475.0,16625.0,15789.0,-150.0,61.0,174.0,862.0,11597.0,4547.0,4192.0,변동 변동네거리(복음천하교회),서구,변동,36.324294,127.378474,33101,-0.262,0.3921,0.8993,2.6,-113.0,-37.0,840.2,혼합/생활형
ST1379,8880.0,9034.0,8553.0,-154.0,16.0,154.0,425.0,6244.0,2076.0,2309.0,태평동 태평오거리,중구,태평동,36.326106,127.395158,17915,-0.269,0.3325,0.92,2.37,-138.0,-16.0,455.2,혼합/생활형
ST1110,14181.0,14338.0,13656.0,-157.0,69.0,262.0,577.0,10189.0,4684.0,3467.0,신성동 수천이들근린공원,유성구,신성동,36.393719,127.352894,28519,-0.274,0.4597,0.8465,2.02,-193.0,36.0,726.7,혼합/생활형
ST0442,32814.0,32977.0,31239.0,-163.0,74.0,212.0,1692.0,22394.0,9265.0,8845.0,둔산동 수정타운아파트 상가,서구,둔산동,36.359179,127.395393,65791,-0.285,0.4137,0.9826,2.57,-138.0,-25.0,1662.4,혼합/생활형
ST0536,8685.0,8850.0,8357.0,-165.0,20.0,143.0,245.0,6215.0,2532.0,2142.0,유천동 버드내공원,중구,유천동,36.312883,127.395984,17536,-0.288,0.4074,0.8574,1.4,-123.0,-42.0,444.7,혼합/생활형
ST0320,28626.0,28791.0,27501.0,-165.0,58.0,201.0,1436.0,19831.0,7273.0,7670.0,태평동 삼부프라자,중구,태평동,36.322955,127.393553,57421,-0.288,0.3667,0.9622,2.5,-143.0,-22.0,1463.5,혼합/생활형
ST0525,30340.0,30506.0,28993.0,-166.0,84.0,246.0,1265.0,20923.0,9019.0,8070.0,태평동 유등마을(112동),중구,태평동,36.330758,127.398262,60846,-0.29,0.4311,0.9595,2.08,-162.0,-4.0,1542.9,혼합/생활형
ST1296,12329.0,12498.0,11926.0,-169.0,30.0,213.0,625.0,8592.0,3132.0,3334.0,선화동 소청일번가 상가 앞,중구,선화동,36.329518,127.424561,24828,-0.295,0.3645,0.9654,2.52,-183.0,14.0,634.7,혼합/생활형
ST0153,7281.0,7453.0,6842.0,-172.0,17.0,163.0,283.0,4850.0,2206.0,1992.0,삼성동 한밭빌라,동구,삼성동,36.341626,127.414795,14735,-0.301,0.4548,1.0218,1.92,-146.0,-26.0,364.1,혼합/생활형
ST0916,6525.0,6714.0,6230.0,-189.0,11.0,199.0,269.0,4974.0,2297.0,1256.0,오정동 대덕구청,대덕구,오정동,36.34647,127.416471,13239,-0.33,0.4618,0.6282,2.03,-188.0,-1.0,331.5,출퇴근형
ST0878,6898.0,7087.0,6589.0,-189.0,18.0,197.0,343.0,4803.0,2181.0,1786.0,변동 동일세탁,서구,변동,36.324702,127.381218,13985,-0.33,0.4541,0.9251,2.45,-179.0,-10.0,350.6,혼합/생활형
ST0833,7888.0,8080.0,7517.0,-192.0,27.0,221.0,361.0,5786.0,2043.0,1731.0,오정동 오정네거리(한남대학교 방면),대덕구,오정동,36.358422,127.415779,15968,-0.336,0.3531,0.7443,2.26,-194.0,2.0,400.0,혼합/생활형
ST0958,13415.0,13608.0,12763.0,-193.0,25.0,150.0,689.0,9194.0,3204.0,3569.0,신흥동 SK뷰(106동),동구,신흥동,36.325984,127.441693,27023,-0.337,0.3485,0.9657,2.55,-125.0,-68.0,679.2,혼합/생활형
ST0763,61878.0,62076.0,59347.0,-198.0,43.0,258.0,2168.0,43275.0,17607.0,16072.0,어은동 한빛아파트(126동 건너편),유성구,궁동,36.363151,127.352945,123958,-0.346,0.4069,0.924,1.75,-215.0,17.0,3158.3,혼합/생활형
ST1227,18694.0,18895.0,17800.0,-201.0,20.0,221.0,988.0,12966.0,4996.0,4834.0,중리동 한밭캠퍼스빌오피스텔,대덕구,중리동,36.358694,127.427093,37589,-0.351,0.3853,0.9275,2.63,-201.0,0.0,947.3,혼합/생활형
ST0138,17973.0,18180.0,17316.0,-207.0,80.0,317.0,811.0,12393.0,4919.0,4923.0,관평동 테크노타워,유성구,관평동,36.424915,127.393521,36157,-0.362,0.3969,0.9883,2.24,-237.0,30.0,921.5,혼합/생활형
ST0373,59948.0,60156.0,57850.0,-208.0,12.0,219.0,1926.0,42504.0,17747.0,15346.0,구성동 카이스트 서쪽 쪽문,유성구,구성동,36.364171,127.358968,120106,-0.364,0.4175,0.8982,1.6,-207.0,-1.0,3078.6,혼합/생활형
ST1063,3246.0,3465.0,3078.0,-219.0,20.0,237.0,226.0,2306.0,1195.0,772.0,읍내동 대덕문화원,대덕구,읍내동,36.374219,127.420393,6711,-0.383,0.5182,0.8329,3.37,-217.0,-2.0,163.8,혼합/생활형
ST0289,17941.0,18163.0,17144.0,-222.0,76.0,330.0,978.0,13239.0,4782.0,3905.0,중리동 한남대학교 후문,대덕구,중리동,36.358592,127.422672,36104,-0.388,0.3612,0.7338,2.71,-254.0,32.0,912.3,혼합/생활형
ST1280,14347.0,14570.0,13743.0,-223.0,22.0,215.0,670.0,9717.0,4016.0,4026.0,관평동 한화 꿈에그린 10단지(1004동 앞),유성구,관평동,36.422245,127.391626,28918,-0.39,0.4133,1.0308,2.32,-193.0,-30.0,731.4,혼합/생활형
ST1343,24349.0,24584.0,23409.0,-235.0,19.0,184.0,1520.0,16314.0,7040.0,7095.0,용문동 둔산더샵엘리프 2단지(204동),서구,용문동,36.338994,127.397355,48936,-0.411,0.4315,1.082,3.11,-165.0,-70.0,1245.8,혼합/생활형
ST0534,10765.0,11003.0,10264.0,-238.0,16.0,211.0,320.0,7491.0,3134.0,2773.0,산성동 당대어린이공원,중구,산성동,36.308753,127.391481,21768,-0.416,0.4184,0.9209,1.47,-195.0,-43.0,546.2,혼합/생활형
ST0151,19476.0,19714.0,18742.0,-238.0,42.0,254.0,732.0,13285.0,4705.0,5457.0,관평동 티플라자,유성구,관평동,36.425805,127.389969,39190,-0.416,0.3542,1.0219,1.87,-212.0,-26.0,997.4,혼합/생활형
ST0827,3796.0,4037.0,3680.0,-241.0,7.0,244.0,142.0,2831.0,1373.0,849.0,오정동 통매바위어린이공원,대덕구,오정동,36.354092,127.413244,7833,-0.421,0.485,0.7461,1.81,-237.0,-4.0,195.8,출퇴근형
ST0322,24094.0,24369.0,23277.0,-275.0,69.0,303.0,1141.0,16458.0,5738.0,6819.0,태평동 버드내초등학교,중구,태평동,36.319709,127.39242,48464,-0.481,0.3486,1.0308,2.35,-234.0,-41.0,1238.7,혼합/생활형
ST0152,16778.0,17055.0,15899.0,-277.0,73.0,317.0,672.0,11448.0,3719.0,4451.0,복수동 초록마을아파트 3단지,서구,복수동,36.300386,127.378899,33833,-0.484,0.3249,0.9673,1.99,-244.0,-33.0,846.1,혼합/생활형
ST1075,28790.0,29069.0,27742.0,-279.0,21.0,295.0,1550.0,20484.0,8189.0,7258.0,용문역 5번출구,서구,탄방동,36.338619,127.393125,57860,-0.488,0.3998,0.8815,2.68,-274.0,-5.0,1476.3,혼합/생활형
ST1139,22986.0,23291.0,22063.0,-305.0,46.0,259.0,980.0,15511.0,6893.0,6552.0,태평동 동양파라곤 302동,중구,태평동,36.320991,127.387122,46278,-0.533,0.4444,1.0509,2.12,-213.0,-92.0,1174.1,혼합/생활형
ST0735,23524.0,23845.0,22670.0,-321.0,28.0,320.0,1371.0,16291.0,5399.0,6379.0,용문동 롯데백화점 뒤 우정어린이공원,서구,용문동,36.339969,127.388785,47373,-0.561,0.3314,0.9741,2.89,-292.0,-29.0,1206.4,혼합/생활형
ST1243,22889.0,23220.0,22010.0,-331.0,75.0,395.0,1426.0,15857.0,6604.0,6153.0,내동 맑은아침아파트 121동 입구,서구,내동,36.333336,127.381827,46111,-0.579,0.4165,0.9653,3.09,-320.0,-11.0,1171.3,혼합/생활형
ST1341,31835.0,32173.0,30830.0,-338.0,9.0,375.0,1059.0,25813.0,10792.0,5017.0,구성동 카이스트 정보전자동 (1410),유성구,구성동,36.368165,127.364611,64008,-0.591,0.4181,0.4835,1.65,-366.0,28.0,1640.7,출퇴근형
ST0290,15612.0,16012.0,14979.0,-400.0,40.0,461.0,734.0,12182.0,5526.0,2797.0,오정동 국민연금공단 북대전지사 정류장,대덕구,오정동,36.358571,127.41251,31624,-0.699,0.4536,0.5712,2.32,-421.0,21.0,797.1,출퇴근형
ST0375,39898.0,40318.0,38420.0,-420.0,52.0,499.0,1058.0,32552.0,9715.0,5868.0,구성동 카이스트 창의학습관,유성구,구성동,36.370596,127.362976,80216,-0.734,0.2984,0.4485,1.32,-447.0,27.0,2044.6,혼합/생활형
ST0079,11959.0,12427.0,11394.0,-468.0,20.0,495.0,519.0,9018.0,3167.0,2376.0,오정동 한남육교 아래,대덕구,오정동,36.350763,127.419203,24388,-0.818,0.3512,0.6555,2.13,-475.0,7.0,606.4,혼합/생활형
ST0685,27238.0,27743.0,26008.0,-505.0,22.0,538.0,1435.0,17786.0,5770.0,8222.0,대흥동네거리 (중앙로역 방면),중구,대흥동,36.324709,127.428504,54981,-0.883,0.3244,1.15,2.61,-516.0,11.0,1384.1,혼합/생활형
ST1192,33376.0,33905.0,32000.0,-529.0,46.0,481.0,1883.0,22899.0,8289.0,9101.0,가장동 래미안 210동 건너편(스타벅스 옆),서구,가장동,36.335061,127.389317,67284,-0.925,0.362,0.9888,2.8,-435.0,-94.0,1702.9,혼합/생활형
ST1355,13956.0,14500.0,13356.0,-544.0,43.0,562.0,818.0,8738.0,3529.0,4618.0,전민동 엑스포아파트 307동,유성구,문지동,36.397126,127.410186,28457,-0.951,0.4039,1.3148,2.87,-519.0,-25.0,710.8,혼합/생활형
ST0826,5998.0,6598.0,5709.0,-600.0,14.0,620.0,277.0,4312.0,1886.0,1397.0,오정동 오정농수산물시장(동대전농협),대덕구,오정동,36.358285,127.409626,12596,-1.049,0.4374,0.806,2.2,-606.0,6.0,303.8,혼합/생활형
ST1033,35659.0,36912.0,34719.0,-1253.0,173.0,1524.0,2405.0,31420.0,11857.0,3299.0,둔산동 정부청사 입구(남문),서구,둔산동,36.359685,127.385324,72572,-2.191,0.3774,0.2612,3.31,-1351.0,98.0,1847.6,혼합/생활형
