station_id,first_seen,last_seen,active_days,rent_events,ret_events,name,lat,lon,gu,dong,addr,span_days,activity_ratio,total_events,in_current_list,station_type
ST1220,2024-08-01,2026-04-01,609,262714,281125,타슈관제센터,36.402205,127.309734,유성구,외삼동,대전광역시 유성구 외삼동 421,609,1.0,543839,True,CONTROL
ST1027,2024-08-01,2026-03-31,587,63136,62545,만년동 한밭수목원(동원),36.369245,127.388462,서구,만년동,대전광역시 서구 만년동 396,608,0.9655,125681,True,ACTIVE
ST0763,2024-08-01,2026-04-01,584,61878,62080,어은동 한빛아파트(126동 건너편),36.363151,127.352945,유성구,궁동,대전광역시 유성구 궁동 1-34,609,0.9589,123958,True,ACTIVE
ST0373,2024-08-01,2026-04-01,585,59948,60158,구성동 카이스트 서쪽 쪽문,36.364171,127.358968,유성구,구성동,대전광역시 유성구 구성동 23,609,0.9606,120106,True,ACTIVE
ST1016,2024-08-01,2026-04-01,577,56495,56633,궁동 충남대학교 학생회관,36.366454,127.345568,유성구,궁동,대전광역시 유성구 궁동 220,609,0.9475,113128,True,ACTIVE
ST0412,2024-08-01,2026-03-31,577,55220,55205,도룡동 무역전시관입구(미래에너지움 앞),36.374363,127.387482,유성구,도룡동,대전광역시 유성구 도룡동 3-1,608,0.949,110425,True,ACTIVE
ST1039,2024-08-01,2026-04-01,581,48902,48935,둔산동 타임월드,36.352923,127.379151,서구,둔산동,대전광역시 서구 둔산동 1033,609,0.954,97837,True,ACTIVE
ST0426,2024-08-01,2026-04-01,584,48514,48580,둔산동 샘머리아파트(209동),36.36104,127.390447,서구,둔산동,대전광역시 서구 둔산동 1518,609,0.9589,97094,True,ACTIVE
ST0191,2024-08-01,2026-04-01,577,46574,46572,어은동 유성구청,36.361701,127.357402,유성구,어은동,대전광역시 유성구 어은동 59-12,609,0.9475,93146,True,ACTIVE
ST0406,2024-08-01,2026-03-31,579,42973,42857,봉명동 홈플러스 유성점,36.359421,127.354083,유성구,봉명동,대전광역시 유성구 봉명동 669,608,0.9523,85830,True,ACTIVE
ST0192,2024-08-01,2026-03-31,577,41993,42055,궁동 다솔아파트 입구,36.361324,127.34789,유성구,궁동,대전광역시 유성구 궁동 418-2,608,0.949,84048,True,ACTIVE
ST0446,2024-08-01,2026-03-31,573,41850,41873,월평동 미래빌딩,36.360274,127.376789,서구,월평동,대전광역시 서구 월평동 271,608,0.9424,83723,True,ACTIVE
ST0407,2024-08-01,2026-04-01,576,41211,41253,둔산동 하이마트,36.35547,127.379202,서구,둔산동,대전광역시 서구 둔산동 962,609,0.9458,82464,True,ACTIVE
ST0764,2024-08-01,2026-04-01,585,41148,41289,어은동 어은치안센터 입구,36.360821,127.354303,유성구,어은동,대전광역시 유성구 어은동 106-3,609,0.9606,82437,True,ACTIVE
ST1026,2024-08-01,2026-03-31,574,40740,40463,만년동 한밭수목원(서원),36.369195,127.387595,서구,만년동,대전광역시 서구 만년동 396,608,0.9441,81203,True,ACTIVE
ST0375,2024-08-01,2026-03-31,579,39898,40318,구성동 카이스트 창의학습관,36.370596,127.362976,유성구,구성동,대전광역시 유성구 구성동 23,608,0.9523,80216,True,ACTIVE
ST1023,2024-08-01,2026-03-31,580,39392,39457,봉명동 매드블럭,36.358699,127.343662,유성구,봉명동,대전광역시 유성구 봉명동 608,608,0.9539,78849,True,ACTIVE
ST0415,2024-08-01,2026-04-01,579,38790,38842,월평동 선사유적지공용주차장,36.361898,127.379217,서구,월평동,대전광역시 서구 월평동 243,609,0.9507,77632,True,ACTIVE
ST0408,2024-08-01,2026-03-31,581,37679,37696,오류동 서대전역,36.322134,127.404813,중구,오류동,대전광역시 중구 오류동 170-1,608,0.9556,75375,True,ACTIVE
ST1021,2024-08-01,2026-04-01,581,36958,36973,궁동 버스정류장(유성구청 방향),36.360527,127.349743,유성구,궁동,대전광역시 유성구 궁동 29-3,609,0.954,73931,True,ACTIVE
ST1033,2024-08-01,2026-04-01,584,35659,36913,둔산동 정부청사 입구(남문),36.359685,127.385324,서구,둔산동,대전광역시 서구 둔산동 1517,609,0.9589,72572,True,ACTIVE
ST1172,2024-08-01,2026-03-31,582,35902,35858,월평동 다모아아파트 상가,36.362754,127.367896,서구,월평동,대전광역시 서구 월평동 311,608,0.9572,71760,True,ACTIVE
ST1056,2024-08-01,2026-03-31,578,35860,35853,월평동 백합네거리,36.362352,127.376361,서구,월평동,대전광역시 서구 월평동 222,608,0.9507,71713,True,ACTIVE
ST1085,2024-08-01,2026-03-31,576,35398,35408,봉명동 유성온천역 6번출구,36.354255,127.341439,유성구,봉명동,대전광역시 유성구 봉명동 552-11,608,0.9474,70806,True,ACTIVE
ST0193,2024-08-01,2026-04-01,581,35110,35154,궁동 온천교(충남대학교 방면),36.360726,127.344422,유성구,궁동,대전광역시 유성구 궁동 482-6,609,0.954,70264,True,ACTIVE
ST1058,2024-08-01,2026-04-01,580,35234,34834,어은동 카이스트 학사식당,36.373495,127.359509,유성구,어은동,대전광역시 유성구 어은동 44,609,0.9524,70068,True,ACTIVE
ST0065,2024-08-01,2026-03-31,576,34092,34177,정동 대전역(대한통운 건너편),36.332329,127.431977,동구,정동,대전광역시 동구 정동 27-9,608,0.9474,68269,True,ACTIVE
ST1192,2024-08-01,2026-04-01,585,33376,33908,가장동 래미안 210동 건너편(스타벅스 옆),36.335061,127.389317,서구,가장동,대전광역시 서구 가장동 190,609,0.9606,67284,True,ACTIVE
ST0097,2024-08-01,2026-03-31,574,32884,32925,월평동 월평역 2번출구,36.358149,127.363708,서구,월평동,대전광역시 서구 월평동 510,608,0.9441,65809,True,ACTIVE
ST0442,2024-08-01,2026-03-31,582,32814,32977,둔산동 수정타운아파트 상가,36.359179,127.395393,서구,둔산동,대전광역시 서구 둔산동 909,608,0.9572,65791,True,ACTIVE
ST1032,2024-08-01,2026-03-31,578,32457,32009,둔산동 정부청사역 4번출구,36.357979,127.382026,서구,둔산동,대전광역시 서구 둔산동 949,608,0.9507,64466,True,ACTIVE
ST0482,2024-08-01,2026-03-31,583,32141,32205,구암동 구암역 3번출구,36.356438,127.331084,유성구,구암동,대전광역시 유성구 구암동 96-3,608,0.9589,64346,True,ACTIVE
ST1341,2024-11-30,2026-03-31,447,31835,32173,구성동 카이스트 정보전자동 (1410),36.368165,127.364611,유성구,구성동,대전광역시 유성구 구성동 23,487,0.9179,64008,True,ACTIVE
ST0008,2024-08-01,2026-03-31,576,31934,31942,둔산동 농협 둔산중앙지점,36.358919,127.390044,서구,둔산동,대전광역시 서구 둔산동 926,608,0.9474,63876,True,ACTIVE
ST1257,2024-08-01,2026-03-31,581,31659,31709,궁동 유성문화원,36.359936,127.341183,유성구,궁동,대전광역시 유성구 궁동 469-1,608,0.9556,63368,True,ACTIVE
ST0132,2024-08-01,2026-04-01,582,30845,30841,둔산동 향촌아파트(101동),36.35227,127.376113,서구,둔산동,대전광역시 서구 둔산동 970,609,0.9557,61686,True,ACTIVE
ST0525,2024-08-01,2026-03-31,580,30340,30506,태평동 유등마을(112동),36.330758,127.398262,중구,태평동,대전광역시 중구 태평동 254-4,608,0.9539,60846,True,ACTIVE
ST0445,2024-08-01,2026-03-31,575,30286,30298,월평동 황실타운 상가,36.359912,127.37186,서구,월평동,대전광역시 서구 월평동 302,608,0.9457,60584,True,ACTIVE
ST1024,2024-08-01,2026-03-31,582,29946,29994,만년동 행정복지센터,36.367645,127.375195,서구,만년동,대전광역시 서구 만년동 2,608,0.9572,59940,True,ACTIVE
ST0687,2024-08-01,2026-03-31,579,29818,29957,용문역 1번출구,36.337799,127.393557,서구,용문동,대전광역시 서구 용문동 257-2,608,0.9523,59775,True,ACTIVE
ST0449,2024-08-01,2026-03-31,578,29667,29655,만년동 초원아파트105동 육교 밑,36.368247,127.379332,서구,만년동,대전광역시 서구 만년동 401,608,0.9507,59322,True,ACTIVE
ST0025,2024-08-01,2026-04-01,579,29076,29129,둔산동 큰마을네거리,36.348711,127.377134,서구,둔산동,대전광역시 서구 둔산동 1535,609,0.9507,58205,True,ACTIVE
ST1239,2024-08-01,2026-04-01,584,29036,29110,봉명동 자이아파트 GS25 앞,36.355064,127.337373,유성구,봉명동,대전광역시 유성구 봉명동 469-46,609,0.9589,58146,True,ACTIVE
ST1051,2024-08-01,2026-04-01,578,28982,29083,월평역 이마트 트레이더스,36.358472,127.361088,서구,월평동,대전광역시 서구 월평동 1529,609,0.9491,58065,True,ACTIVE
ST1075,2024-08-01,2026-04-01,585,28790,29070,용문역 5번출구,36.338619,127.393125,서구,탄방동,대전광역시 서구 탄방동 544,609,0.9606,57860,True,ACTIVE
ST0094,2024-08-01,2026-03-31,584,28816,28842,갈마동 갈마역 2번출구,36.357393,127.37206,서구,갈마동,대전광역시 서구 갈마동 820,608,0.9605,57658,True,ACTIVE
ST0320,2024-08-01,2026-04-01,585,28626,28795,태평동 삼부프라자,36.322955,127.393553,중구,태평동,대전광역시 중구 태평동 395-1,609,0.9606,57421,True,ACTIVE
ST0771,2024-08-01,2026-03-31,577,28274,28295,봉명동 유성온천역 4번출구,36.353637,127.341173,유성구,봉명동,대전광역시 유성구 봉명동 553-2,608,0.949,56569,True,ACTIVE
ST0199,2024-08-01,2026-03-31,587,28196,28251,봉명동 하이랜드 1차,36.358877,127.347443,유성구,봉명동,대전광역시 유성구 봉명동 640-2,608,0.9655,56447,True,ACTIVE
ST0198,2024-08-01,2026-04-01,582,27998,28050,봉명동 노블레스3,36.358541,127.349748,유성구,봉명동,대전광역시 유성구 봉명동 640-8,609,0.9557,56048,True,ACTIVE
ST0447,2024-08-01,2026-04-01,576,27530,27568,만년동 갑천네거리,36.365411,127.370159,서구,만년동,대전광역시 서구 만년동 403,609,0.9458,55098,True,ACTIVE
ST0685,2024-08-01,2026-03-31,578,27238,27743,대흥동네거리 (중앙로역 방면),36.324709,127.428504,중구,대흥동,대전광역시 중구 대흥동 156-2,608,0.9507,54981,True,ACTIVE
ST0385,2024-08-01,2026-04-01,582,26259,26285,둔산동 현대아이텔(시청역 6번출구),36.351441,127.388311,서구,둔산동,대전광역시 서구 둔산동 1455,609,0.9557,52544,True,ACTIVE
ST0374,2024-08-01,2026-04-01,585,25817,25810,구성동 카이스트 다솜관,36.367903,127.356948,유성구,구성동,대전광역시 유성구 구성동 23,609,0.9606,51627,True,ACTIVE
ST1041,2024-08-01,2026-03-31,579,25160,25155,둔산동 둔산청솔아파트(9동),36.351335,127.398595,서구,둔산동,대전광역시 서구 둔산동 2161,608,0.9523,50315,True,ACTIVE
ST0014,2024-08-01,2026-03-31,580,25055,25125,둔산동 가람아파트 상가,36.355878,127.398305,서구,둔산동,대전광역시 서구 둔산동 1805,608,0.9539,50180,True,ACTIVE
ST1066,2024-08-01,2026-03-31,577,24955,25044,가정동 국립중앙과학관,36.37522,127.378129,유성구,가정동,대전광역시 유성구 가정동 54-3,608,0.949,49999,True,ACTIVE
ST1067,2024-08-01,2026-03-31,556,24650,24683,중앙로역 3번출구,36.327822,127.426215,중구,대흥동,대전광역시 중구 대흥동 630,608,0.9145,49333,True,ACTIVE
ST1343,2024-11-25,2026-04-01,448,24349,24587,용문동 둔산더샵엘리프 2단지(204동),36.338994,127.397355,서구,용문동,대전광역시 서구 용문동 231-37,493,0.9087,48936,True,ACTIVE
ST1155,2024-08-01,2026-03-31,586,24371,24426,태평동 쌍용예가,36.322685,127.398107,중구,태평동,대전광역시 중구 태평동 554,608,0.9638,48797,True,ACTIVE
ST0686,2024-08-01,2026-03-31,583,24243,24267,오룡역 1번출구,36.328108,127.405279,중구,오류동,대전광역시 중구 오류동 187-4,608,0.9589,48510,True,ACTIVE
ST0322,2024-08-01,2026-03-31,583,24094,24370,태평동 버드내초등학교,36.319709,127.39242,중구,태평동,대전광역시 중구 태평동 551,608,0.9589,48464,True,ACTIVE
ST0735,2024-08-01,2026-04-01,583,23524,23849,용문동 롯데백화점 뒤 우정어린이공원,36.339969,127.388785,서구,용문동,대전광역시 서구 용문동 249-11,609,0.9573,47373,True,ACTIVE
ST0770,2024-08-01,2026-04-01,577,23620,23679,봉명동 유성온천역 2번출구,36.352878,127.341558,유성구,봉명동,대전광역시 유성구 봉명동 1016-1,609,0.9475,47299,True,ACTIVE
ST0126,2024-08-01,2026-03-31,581,23252,23360,괴정동 롯데백화점 허리사랑병원,36.339836,127.391096,서구,괴정동,대전광역시 서구 괴정동 423-5,608,0.9556,46612,True,ACTIVE
ST0766,2024-08-01,2026-04-01,577,23127,23164,봉명동 스카이뷰로드오피스텔 건너편,36.357527,127.343184,유성구,봉명동,대전광역시 유성구 봉명동 617-1,609,0.9475,46291,True,ACTIVE
ST1139,2024-08-01,2026-03-31,591,22986,23292,태평동 동양파라곤 302동,36.320991,127.387122,중구,태평동,대전광역시 중구 태평동 421-9,608,0.972,46278,True,ACTIVE
ST1243,2024-08-01,2026-04-01,587,22889,23222,내동 맑은아침아파트 121동 입구,36.333336,127.381827,서구,내동,대전광역시 서구 내동 2-16,609,0.9639,46111,True,ACTIVE
ST1225,2024-08-01,2026-03-31,579,22315,22361,월평동 진달래아파트 상가 앞,36.358639,127.368304,서구,월평동,대전광역시 서구 월평동 1515,608,0.9523,44676,True,ACTIVE
ST0376,2024-08-01,2026-04-01,581,22306,22317,구성동 카이스트 세종관,36.370768,127.366645,유성구,구성동,대전광역시 유성구 구성동 23,609,0.954,44623,True,ACTIVE
ST0487,2024-08-01,2026-04-01,584,22221,22332,장대동 장대공원 내 놀이터 옆,36.358342,127.337592,유성구,장대동,대전광역시 유성구 장대동 283-5,609,0.9589,44553,True,ACTIVE
ST0432,2024-08-01,2026-03-31,581,21653,21720,둔산동 샘머리아파트(107동),36.364294,127.390451,서구,둔산동,대전광역시 서구 둔산동 1518,608,0.9556,43373,True,ACTIVE
ST0466,2024-08-01,2026-04-01,577,21596,21600,둔산동 SK브로드밴드,36.351133,127.380637,서구,둔산동,대전광역시 서구 둔산동 1539,609,0.9475,43196,True,ACTIVE
ST1052,2024-08-01,2026-03-31,575,21328,21341,궁동 충남대학교 입구 버스정류장(황금상회),36.361238,127.346071,유성구,궁동,대전광역시 유성구 궁동 485,608,0.9457,42669,True,ACTIVE
ST1196,2024-08-01,2026-04-01,578,21154,21119,만년동 만년네거리 상록수아파트 104동,36.365049,127.379083,서구,만년동,대전광역시 서구 만년동 399-1,609,0.9491,42273,True,ACTIVE
ST0464,2024-08-01,2026-03-31,579,20910,20956,가수원동 올리브영 대전가수원점,36.304983,127.351179,서구,가수원동,대전광역시 서구 가수원동 446-25,608,0.9523,41866,True,ACTIVE
ST0413,2024-08-01,2026-03-31,583,21334,20497,도룡동 대전컨벤션센터,36.374451,127.392019,유성구,도룡동,대전광역시 유성구 도룡동 4-19,608,0.9589,41831,True,ACTIVE
ST1020,2024-08-01,2026-04-01,574,20337,20346,궁동 충대정문오거리1(정문),36.362495,127.344141,유성구,궁동,대전광역시 유성구 궁동 351,609,0.9425,40683,True,ACTIVE
ST0768,2024-08-01,2026-03-31,575,20284,20323,봉명동 유성온천역 7번출구,36.353919,127.341934,유성구,봉명동,대전광역시 유성구 봉명동 551-12,608,0.9457,40607,True,ACTIVE
ST0456,2024-08-01,2026-03-31,575,20263,20300,둔산동 둔산경찰서(대덕대로),36.358615,127.37973,서구,둔산동,대전광역시 서구 둔산동 943,608,0.9457,40563,True,ACTIVE
ST0737,2024-08-01,2026-03-31,579,20177,20262,괴정동 롯데백화점,36.341147,127.389385,서구,괴정동,대전광역시 서구 괴정동 423-1,608,0.9523,40439,True,ACTIVE
ST1018,2024-08-01,2026-03-31,580,20220,19891,장대동 장대네거리(학사마을) ,36.364937,127.338671,유성구,장대동,대전광역시 유성구 장대동 312-3,608,0.9539,40111,True,ACTIVE
ST0892,2024-08-01,2026-03-31,580,19778,19778,죽동 노브랜드,36.368872,127.339351,유성구,죽동,대전광역시 유성구 죽동 709-1,608,0.9539,39556,True,ACTIVE
ST0151,2024-08-01,2026-03-31,577,19476,19714,관평동 티플라자,36.425805,127.389969,유성구,관평동,대전광역시 유성구 관평동 930,608,0.949,39190,True,ACTIVE
ST0670,2024-08-01,2026-04-01,578,19503,19523,가양동 동부터미널건너편 선샤인호텔 웨딩홀,36.349191,127.437827,동구,가양동,대전광역시 동구 가양동 451-1,609,0.9491,39026,True,ACTIVE
ST0195,2024-08-01,2026-03-31,577,19420,19363,봉명동 홍인 오피스텔,36.356149,127.34264,유성구,봉명동,대전광역시 유성구 봉명동 536-9,608,0.949,38783,True,ACTIVE
ST0020,2024-08-01,2026-04-01,579,18838,18887,만년동 기업은행,36.368581,127.379974,서구,만년동,대전광역시 서구 만년동 296,609,0.9507,37725,True,ACTIVE
ST1227,2024-08-01,2026-03-31,584,18694,18895,중리동 한밭캠퍼스빌오피스텔,36.358694,127.427093,대덕구,중리동,대전광역시 대덕구 중리동 430,608,0.9605,37589,True,ACTIVE
ST0013,2024-08-01,2026-04-01,575,18766,18778,둔산동 세이브존,36.351954,127.395413,서구,둔산동,대전광역시 서구 둔산동 1809,609,0.9442,37544,True,ACTIVE
ST0005,2024-08-01,2026-03-31,579,18573,18506,둔산동 목련아파트(103동),36.350037,127.390402,서구,둔산동,대전광역시 서구 둔산동 1510,608,0.9523,37079,True,ACTIVE
ST0392,2024-08-01,2026-03-31,576,18455,18517,탄방동 한가람네거리 삼성디지털프라자,36.346524,127.389871,서구,탄방동,대전광역시 서구 탄방동 792,608,0.9474,36972,True,ACTIVE
ST0125,2024-08-01,2026-03-31,582,18354,18453,가장동 래미안 1단지 건너편(115동),36.332127,127.385649,서구,가장동,대전광역시 서구 가장동 45-9,608,0.9572,36807,True,ACTIVE
ST0393,2024-08-01,2026-03-31,576,18249,18305,탄방동 한가람아파트,36.346847,127.393365,서구,탄방동,대전광역시 서구 탄방동 835,608,0.9474,36554,True,ACTIVE
ST0433,2024-08-01,2026-03-31,581,18162,18180,둔산동 하이투자증권,36.352483,127.390068,서구,둔산동,대전광역시 서구 둔산동 1506,608,0.9556,36342,True,ACTIVE
ST0150,2024-08-01,2026-03-31,580,18094,18186,관평동 롯데마트대덕점(관평중학교 방면) 정류장,36.426897,127.38951,유성구,관평동,대전광역시 유성구 관평동 807,608,0.9539,36280,True,ACTIVE
ST0138,2024-08-01,2026-04-01,587,17973,18184,관평동 테크노타워,36.424915,127.393521,유성구,관평동,대전광역시 유성구 관평동 962,609,0.9639,36157,True,ACTIVE
ST0289,2024-08-01,2026-03-31,578,17941,18163,중리동 한남대학교 후문,36.358592,127.422672,대덕구,중리동,대전광역시 대덕구 중리동 231-2,608,0.9507,36104,True,ACTIVE
ST0875,2024-08-01,2026-03-31,582,17930,17996,태평동 버드내1단지아파트 입구,36.316311,127.388576,중구,태평동,대전광역시 중구 태평동 422-7,608,0.9572,35926,True,ACTIVE
ST0377,2024-08-01,2026-03-31,588,18107,17765,구성동 카이스트 정문,36.36617,127.363896,유성구,구성동,대전광역시 유성구 구성동 23,608,0.9671,35872,True,ACTIVE
ST0012,2024-08-01,2026-03-31,574,17906,17913,둔산동 시청역 8번출구,36.350583,127.386942,서구,둔산동,대전광역시 서구 둔산동 1416,608,0.9441,35819,True,ACTIVE
ST0328,2024-08-01,2026-03-31,581,17775,17816,문지동 민마루근린공원 ,36.392284,127.407027,유성구,문지동,대전광역시 유성구 문지동 673,608,0.9556,35591,True,ACTIVE
ST0124,2024-08-01,2026-03-31,578,17777,17767,용문동 용문역 3번출구,36.337631,127.392142,서구,용문동,대전광역시 서구 용문동 594-10,608,0.9507,35544,True,ACTIVE
ST0531,2024-08-01,2026-04-01,583,17626,17662,태평동 새마을금고 태평본점 옆,36.326326,127.397704,중구,태평동,대전광역시 중구 태평동 555,609,0.9573,35288,True,ACTIVE
ST0410,2024-08-01,2026-03-31,578,17578,17428,오류동 서대전네거리역 3번출구,36.322278,127.411375,중구,오류동,대전광역시 중구 오류동 152-1,608,0.9507,35006,True,ACTIVE
ST1038,2024-08-01,2026-03-31,579,17256,17250,둔산동 둔산여고,36.352995,127.374385,서구,둔산동,대전광역시 서구 둔산동 1526,608,0.9523,34506,True,ACTIVE
ST0765,2024-08-01,2026-03-31,577,17186,17175,궁동 충남대학교(온천교 방면),36.360638,127.34379,유성구,궁동,대전광역시 유성구 궁동 480-6,608,0.949,34361,True,ACTIVE
ST1285,2024-08-01,2026-03-31,578,17156,17176,월평1동 공영주차장 입구,36.356261,127.362776,서구,월평동,대전광역시 서구 월평동 1525,608,0.9507,34332,True,ACTIVE
ST0062,2024-08-01,2026-04-01,585,17056,17098,홍도동 새마을금고 본점 건너편,36.346767,127.425019,동구,홍도동,대전광역시 동구 홍도동 51-7,609,0.9606,34154,True,ACTIVE
ST0453,2024-08-01,2026-03-31,575,17008,17037,만년동 엑스포오피스텔,36.367285,127.382452,서구,만년동,대전광역시 서구 만년동 384,608,0.9457,34045,True,ACTIVE
ST0425,2024-08-01,2026-04-01,579,16979,17055,둔산동 둥지아파트(107동),36.3588,127.390439,서구,둔산동,대전광역시 서구 둔산동 1518,609,0.9507,34034,True,ACTIVE
ST0333,2024-08-01,2026-03-31,577,17029,16964,지족동 노은역 3번출구,36.374293,127.318069,유성구,지족동,대전광역시 유성구 지족동 901-5,608,0.949,33993,True,ACTIVE
ST0398,2024-08-01,2026-03-31,580,17009,16981,도룡동 엑스포과학공원,36.377591,127.37912,유성구,도룡동,대전광역시 유성구 도룡동 3-1,608,0.9539,33990,True,ACTIVE
ST0152,2024-08-01,2026-03-31,586,16778,17055,복수동 초록마을아파트 3단지,36.300386,127.378899,서구,복수동,대전광역시 서구 복수동 613,608,0.9638,33833,True,ACTIVE
ST0505,2024-08-01,2026-03-31,582,16783,16910,문화동 주공3단지아파트(302동),36.310234,127.399399,중구,문화동,대전광역시 중구 문화동 757,608,0.9572,33693,True,ACTIVE
ST1138,2024-08-01,2026-03-31,582,16813,16819,도안동 갑천3블럭 트리풀시티(302동),36.325177,127.348356,서구,도안동,대전광역시 서구 도안동 2353,608,0.9572,33632,True,ACTIVE
ST0416,2024-08-01,2026-03-31,577,16771,16718,월평동 무지개아파트,36.357919,127.377163,서구,월평동,대전광역시 서구 월평동 298,608,0.949,33489,True,ACTIVE
ST0511,2024-08-01,2026-03-31,576,16718,16740,오류동 서대전네거리역 4번출구,36.322718,127.411924,중구,오류동,대전광역시 중구 오류동 195,608,0.9474,33458,True,ACTIVE
ST1111,2024-08-01,2026-03-31,584,16673,16763,태평동 계룡육교 아래,36.333139,127.399188,중구,태평동,대전광역시 중구 태평동 272-1,608,0.9605,33436,True,ACTIVE
ST0327,2024-08-01,2026-04-01,589,16629,16777,전민동 엑스포아파트 4단지(407동),36.396112,127.405244,유성구,전민동,대전광역시 유성구 전민동 464-1,609,0.9672,33406,True,ACTIVE
ST0323,2024-08-01,2026-04-01,583,16475,16626,변동 변동네거리(복음천하교회),36.324294,127.378474,서구,변동,대전광역시 서구 변동 60-2,609,0.9573,33101,True,ACTIVE
ST0329,2024-08-01,2026-03-31,585,16194,16270,전민동 행정복지센터 건너편,36.399515,127.401644,유성구,전민동,대전광역시 유성구 전민동 304-4,608,0.9622,32464,True,ACTIVE
ST0200,2024-08-01,2026-04-01,580,15898,15952,봉명동 사이언스타운,36.354888,127.34463,유성구,봉명동,대전광역시 유성구 봉명동 549-1,609,0.9524,31850,True,ACTIVE
ST0290,2024-08-01,2026-03-31,582,15612,16012,오정동 국민연금공단 북대전지사 정류장,36.358571,127.41251,대덕구,오정동,대전광역시 대덕구 오정동 62-1,608,0.9572,31624,True,ACTIVE
ST0127,2024-08-01,2026-03-31,586,15750,15747,탄방동 롯데백화점 건너편 골드뱅크,36.341391,127.389783,서구,탄방동,대전광역시 서구 탄방동 91-8,608,0.9638,31497,True,ACTIVE
ST0137,2024-08-01,2026-03-31,576,15562,15560,용산동 미래남교(현대아울렛 방면),36.422576,127.396141,유성구,용산동,대전광역시 유성구 용산동 609,608,0.9474,31122,True,ACTIVE
ST1028,2024-08-01,2026-03-31,582,15488,15427,만년동 둔산대공원 입구(버스정류장),36.365018,127.389358,서구,만년동,대전광역시 서구 만년동 399,608,0.9572,30915,True,ACTIVE
ST0455,2024-08-01,2026-03-31,578,15104,15150,만년동 왕가한정식,36.365834,127.381235,서구,만년동,대전광역시 서구 만년동 361,608,0.9507,30254,True,ACTIVE
ST0404,2024-08-01,2026-03-31,574,14984,14924,봉명동 한진오피스텔,36.357899,127.342711,유성구,봉명동,대전광역시 유성구 봉명동 607-3,608,0.9441,29908,True,ACTIVE
ST0184,2024-08-01,2026-04-01,579,14837,14885,신성동 대림두레(101동),36.385114,127.350911,유성구,신성동,대전광역시 유성구 신성동 152-1,609,0.9507,29722,True,ACTIVE
ST0877,2024-08-01,2026-03-31,579,14760,14887,도마동 농도원네거리,36.320287,127.377601,서구,도마동,대전광역시 서구 도마동 65-56,608,0.9523,29647,True,ACTIVE
ST0869,2024-08-01,2026-03-31,578,14751,14839,유천동현대아파트(도마동 방면) 정류장,36.319332,127.400499,중구,유천동,대전광역시 중구 유천동 206-8,608,0.9507,29590,True,ACTIVE
ST1029,2024-08-01,2026-04-01,574,14793,14795,월평동 누리아파트(후문 버스정류장),36.359288,127.374225,서구,월평동,대전광역시 서구 월평동 1510,609,0.9425,29588,True,ACTIVE
ST0017,2024-08-01,2026-03-31,577,14787,14789,월평동 한아름아파트(108동),36.363321,127.374482,서구,월평동,대전광역시 서구 월평3동 1509,608,0.949,29576,True,ACTIVE
ST0879,2024-08-01,2026-04-01,488,14665,14698,도마동 호반써밋(1104동),36.31512,127.378981,서구,도마동,대전광역시 서구 도마동 128-97,609,0.8013,29363,True,ACTIVE
ST0003,2024-08-01,2026-04-01,576,14627,14655,탄방동 한사랑병원,36.348446,127.390052,서구,탄방동,대전광역시 서구 탄방동 730,609,0.9458,29282,True,ACTIVE
ST0011,2024-08-01,2026-03-31,577,14605,14551,탄방동 공무원연금공단 대전지부,36.347026,127.386925,서구,탄방동,대전광역시 서구 탄방동 700,608,0.949,29156,True,ACTIVE
ST0122,2024-08-01,2026-03-31,581,14473,14497,용문동 리베라아이누리 1단지(101동),36.335689,127.39612,서구,용문동,대전광역시 서구 용문동 255-7,608,0.9556,28970,True,ACTIVE
ST1280,2024-08-01,2026-03-31,583,14347,14571,관평동 한화 꿈에그린 10단지(1004동 앞),36.422245,127.391626,유성구,관평동,대전광역시 유성구 관평동 1280,608,0.9589,28918,True,ACTIVE
ST0769,2024-08-01,2026-03-31,571,14421,14419,봉명동 유성온천역 8번출구,36.353804,127.341941,유성구,봉명동,대전광역시 유성구 봉명동 551-12,608,0.9391,28840,True,ACTIVE
ST0865,2024-08-01,2026-03-31,579,14239,14288,도마동 효성타운아파트 입구 정류장,36.311649,127.383162,서구,도마동,대전광역시 서구 도마동 180-9,608,0.9523,28527,True,ACTIVE
ST1110,2024-08-01,2026-03-31,583,14181,14338,신성동 수천이들근린공원,36.393719,127.352894,유성구,신성동,대전광역시 유성구 신성동 494,608,0.9589,28519,True,ACTIVE
ST1355,2024-12-10,2026-03-31,406,13956,14501,전민동 엑스포아파트 307동,36.397126,127.410186,유성구,문지동,대전광역시 유성구 문지동 1-6,477,0.8512,28457,True,ACTIVE
ST0747,2024-08-01,2026-03-31,579,14023,14129,봉산동 송강프라자 대각선 건너편,36.43585,127.387021,유성구,봉산동,대전광역시 유성구 봉산동 208-10,608,0.9523,28152,True,ACTIVE
ST0067,2024-08-01,2026-03-31,581,14150,13943,삼성동 솔브릿지 국제대학,36.339191,127.433185,동구,삼성동,대전광역시 동구 삼성동 150-27,608,0.9556,28093,True,ACTIVE
ST0317,2024-08-01,2026-03-31,581,14050,14032,용문동 롯데렌터카,36.332371,127.393726,서구,용문동,대전광역시 서구 용문동 282-7,608,0.9556,28082,True,ACTIVE
ST0627,2024-08-01,2026-03-31,575,13816,13851,소제동 대전역 동광장 버스정류장,36.333797,127.437407,동구,소제동,대전광역시 동구 소제동 299-648,608,0.9457,27667,True,ACTIVE
ST0444,2024-08-01,2026-04-01,582,13789,13802,월평동 둔산테크노(월평주공3단지 뒤편),36.364732,127.374154,서구,월평동,대전광역시 서구 월평동 1501,609,0.9557,27591,True,ACTIVE
ST0825,2024-08-01,2026-03-31,586,13879,13701,오정동 오정농수산물 도매시장,36.357748,127.407751,대덕구,오정동,대전광역시 대덕구 오정동 44-1,608,0.9638,27580,True,ACTIVE
ST0103,2024-08-01,2026-03-31,579,13702,13764,월평동 월평타운,36.352915,127.356225,서구,월평동,대전광역시 서구 월평동 1298,608,0.9523,27466,True,ACTIVE
ST1352,2024-12-01,2026-03-31,458,13672,13672,도룡동 성심당 DCC점,36.375541,127.392427,유성구,도룡동,대전광역시 유성구 도룡동 4-19,486,0.9424,27344,True,ACTIVE
ST0395,2024-08-01,2026-03-31,579,13559,13599,둔산동 국화아파트(501동),36.353971,127.395465,서구,둔산동,대전광역시 서구 둔산동 1809,608,0.9523,27158,True,ACTIVE
ST0958,2024-08-01,2026-03-31,577,13415,13608,신흥동 SK뷰(106동),36.325984,127.441693,동구,신흥동,대전광역시 동구 신흥동 178-5,608,0.949,27023,True,ACTIVE
ST1065,2024-08-01,2026-03-31,575,13523,13476,상대동 상대초등학교,36.348217,127.335799,유성구,상대동,대전광역시 유성구 상대동 467-1,608,0.9457,26999,True,ACTIVE
ST0465,2024-08-01,2026-03-31,571,13481,13508,도안동 엠케이빌딩,36.304612,127.349871,서구,가수원동,대전광역시 서구 가수원동 1050,608,0.9391,26989,True,ACTIVE
ST0134,2024-08-01,2026-03-31,578,13421,13463,월평동 한국마사회 빌딩,36.356452,127.363784,서구,월평동,대전광역시 서구 월평동 519,608,0.9507,26884,True,ACTIVE
ST0463,2024-08-01,2026-03-31,581,13396,13450,가수원동 도미노피자 대전도안점,36.307266,127.352055,서구,가수원동,대전광역시 서구 가수원동 229-5,608,0.9556,26846,True,ACTIVE
ST0553,2024-08-01,2026-03-31,575,13378,13425,부사동 우체국,36.318619,127.431848,중구,부사동,대전광역시 중구 부사동 94-40,608,0.9457,26803,True,ACTIVE
ST0321,2024-08-01,2026-03-31,580,13329,13379,유천동 태평초등학교,36.321413,127.393986,중구,유천동,대전광역시 중구 유천동 322-1,608,0.9539,26708,True,ACTIVE
ST0743,2024-08-01,2026-03-31,578,13301,13379,송강동 송강동네거리 송강마을아파트 방면,36.434118,127.388543,유성구,송강동,대전광역시 유성구 송강동 171-2,608,0.9507,26680,False,ACTIVE
ST0383,2024-08-01,2026-04-01,582,13559,13067,둔산동 수정타운아파트(13동)(37),36.357848,127.397684,서구,둔산동,대전광역시 서구 둔산동 909,609,0.9557,26626,True,ACTIVE
ST0326,2024-08-01,2026-03-31,582,13226,13242,전민동 엑스포아파트 4단지 건너편,36.396622,127.404678,유성구,전민동,대전광역시 유성구 전민동 390-4,608,0.9572,26468,True,ACTIVE
ST0952,2024-08-01,2026-03-31,576,13164,13247,목상동 다사랑아파트 104동,36.447099,127.414697,대덕구,목상동,대전광역시 대덕구 목상동 185-2,608,0.9474,26411,True,ACTIVE
ST1046,2024-08-01,2026-03-31,575,13116,13162,관평동 북대전농협 관평지점,36.423887,127.388695,유성구,관평동,대전광역시 유성구 관평동 927,608,0.9457,26278,True,ACTIVE
ST0238,2024-08-01,2026-04-01,581,13082,13126,도안동 도안 17단지 계룡리슈빌(1710동),36.317298,127.347777,서구,도안동,대전광역시 서구 도안동 1368,609,0.954,26208,True,ACTIVE
ST0118,2024-08-01,2026-04-01,580,13077,13041,탄방동 e편한세상(109동),36.34116,127.394354,서구,탄방동,대전광역시 서구 탄방동 1486,609,0.9524,26118,True,ACTIVE
ST0705,2024-08-01,2026-04-01,580,13011,13095,월평동 사정어린이공원,36.35671,127.365804,서구,월평동,대전광역시 서구 월평동 599,609,0.9524,26106,True,ACTIVE
ST1246,2024-08-01,2026-04-01,565,13028,13051,월평동 하나로아파트 101동 앞,36.359942,127.36628,서구,월평동,대전광역시 서구 월평동 311-1,609,0.9278,26079,True,ACTIVE
ST1036,2024-08-01,2026-03-31,581,13093,12895,월평동 갑천역 1번출구,36.354419,127.354588,서구,월평동,대전광역시 서구 월평동 1555,608,0.9556,25988,True,ACTIVE
ST0431,2024-08-01,2026-03-31,572,12882,12997,맘스터치 대전둔산점,36.350134,127.390006,서구,둔산동,대전광역시 서구 둔산동 1499,608,0.9408,25879,True,ACTIVE
ST0131,2024-08-01,2026-03-31,577,12954,12881,갈마동 경성큰마을아파트(46),36.347661,127.377232,서구,갈마동,대전광역시 서구 갈마동 1436,608,0.949,25835,True,ACTIVE
ST0201,2024-08-01,2026-04-01,579,12898,12937,봉명동 호텔인터시티,36.354465,127.347672,유성구,봉명동,대전광역시 유성구 봉명동 545-5,609,0.9507,25835,True,ACTIVE
ST1030,2024-08-01,2026-03-31,574,12914,12891,월평동 백합아파트(성룡초교),36.361423,127.374492,서구,월평동,대전광역시 서구 월평동 1510,608,0.9441,25805,True,ACTIVE
ST0101,2024-08-01,2026-04-01,579,12855,12830,월평동 대전일보,36.353493,127.360587,서구,월평동,대전광역시 서구 월평동 29-3,609,0.9507,25685,True,ACTIVE
ST0434,2024-08-01,2026-03-31,574,12826,12829,둔산동 호텔 그레이톤 둔산,36.352873,127.386924,서구,둔산동,대전광역시 서구 둔산동 1403,608,0.9441,25655,True,ACTIVE
ST0362,2024-08-01,2026-03-31,571,12763,12750,둔산동 현대해상,36.352974,127.382773,서구,둔산동,대전광역시 서구 둔산동 1309,608,0.9391,25513,True,ACTIVE
ST1102,2024-08-01,2026-03-31,580,12716,12742,자양동 우송대건너편,36.339651,127.449006,동구,자양동,대전광역시 동구 자양동 159,608,0.9539,25458,True,ACTIVE
ST0448,2024-08-01,2026-03-31,579,12638,12653,서구 만년동 10(만년고 뒤편),36.367263,127.372333,서구,만년동,대전광역시 서구 만년동 10,608,0.9523,25291,True,ACTIVE
ST0357,2024-08-01,2026-03-31,578,12572,12638,삼성동 대전축산농협,36.340669,127.421506,동구,삼성동,대전광역시 동구 삼성동 363-4,608,0.9507,25210,True,ACTIVE
ST0050,2024-08-01,2026-03-31,576,12592,12544,선화동 선화참좋은아파트(유안타증권),36.331735,127.422352,중구,선화동,대전광역시 중구 선화동 83-1,608,0.9474,25136,True,ACTIVE
ST1103,2024-08-01,2026-03-31,576,12520,12543,"자양동 우송대,솔펫동물병원,우송애견센터",36.334552,127.445966,동구,자양동,대전광역시 동구 자양동 159,608,0.9474,25063,True,ACTIVE
ST0409,2024-08-01,2026-03-31,576,12457,12509,오류동 서대전역 삼성스토어 앞,36.320736,127.405943,중구,오류동,대전광역시 중구 오류동 168-7,608,0.9474,24966,True,ACTIVE
ST0194,2024-08-01,2026-03-31,575,12425,12515,봉명동 현대리조텔,36.356035,127.341971,유성구,봉명동,대전광역시 유성구 봉명동 535-7,608,0.9457,24940,True,ACTIVE
ST1367,2024-11-25,2026-04-01,455,12449,12486,태평동 시영아파트 4동,36.323741,127.40114,중구,태평동,대전광역시 중구 태평동 281-8,493,0.9229,24935,True,ACTIVE
ST1296,2025-03-04,2026-04-01,371,12329,12499,선화동 소청일번가 상가 앞,36.329518,127.424561,중구,선화동,대전광역시 중구 선화동 5-3,394,0.9416,24828,True,ACTIVE
ST0007,2024-08-01,2026-04-01,579,12336,12344,둔산동 한마루아파트 5동,36.354587,127.390468,서구,둔산동,대전광역시 서구 둔산동 1388,609,0.9507,24680,True,ACTIVE
ST1086,2024-08-01,2026-03-31,579,12268,12267,자양동 우송삼거리(커피니),36.336116,127.447265,동구,자양동,대전광역시 동구 자양동 66-1,608,0.9523,24535,True,ACTIVE
ST0096,2024-08-01,2026-03-31,578,12251,12278,월평동 월평역 1번출구,36.357998,127.364775,서구,월평동,대전광역시 서구 월평동 541,608,0.9507,24529,True,ACTIVE
ST0079,2024-08-01,2026-03-31,588,11959,12429,오정동 한남육교 아래,36.350763,127.419203,대덕구,오정동,대전광역시 대덕구 오정동 454-6,608,0.9671,24388,True,ACTIVE
ST0682,2024-08-01,2026-04-01,554,12144,12153,선화동 농협중앙회 대전본부,36.32761,127.422466,중구,선화동,대전광역시 중구 선화동 227,609,0.9097,24297,True,ACTIVE
ST1037,2024-08-01,2026-04-01,575,12152,12133,월평동 진달래아파트 107동,36.358189,127.366242,서구,월평동,대전광역시 서구 월평동 1503-1,609,0.9442,24285,True,ACTIVE
ST0069,2024-08-01,2026-03-31,575,12116,12122,용전동 대전복합버스터미널,36.348687,127.434839,동구,용전동,대전광역시 동구 용전동 143-46,608,0.9457,24238,True,ACTIVE
ST0313,2024-08-01,2026-04-01,573,12079,12136,유천동 서대전농협 본점 주차장,36.318013,127.395195,중구,유천동,대전광역시 중구 유천동 308-3,609,0.9409,24215,True,ACTIVE
ST0316,2024-08-01,2026-03-31,579,12040,12091,유천동 롯데하이마트 (유천점),36.316586,127.391298,중구,유천동,대전광역시 중구 유천동 328-2,608,0.9523,24131,True,ACTIVE
ST0749,2024-08-01,2026-03-31,581,12016,12080,중촌동 제일프라자,36.33772,127.409341,중구,중촌동,대전광역시 중구 중촌동 16-10,608,0.9556,24096,True,ACTIVE
ST1306,2024-08-07,2026-03-31,386,12020,12013,용두동 하늘채엘센트로,36.333567,127.402534,중구,용두동,대전광역시 중구 용두동 170-3,602,0.6412,24033,True,ACTIVE
ST1070,2024-08-01,2026-03-31,579,11988,12001,상대동 도안 5단지 트리풀시티(509동),36.345442,127.338867,유성구,상대동,대전광역시 유성구 상대동 464,608,0.9523,23989,True,ACTIVE
ST0748,2024-08-01,2026-03-31,579,11884,11991,복수동 복수남로 사정교 방면 네거리,36.29804,127.379017,서구,복수동,대전광역시 서구 복수동 649,608,0.9523,23875,True,ACTIVE
ST0019,2024-08-01,2026-03-31,577,11925,11935,월평동 은평공원 테니스장 입구,36.35867,127.363647,서구,월평동,대전광역시 서구 월평동 312,608,0.949,23860,True,ACTIVE
ST0319,2024-08-01,2026-03-31,579,11944,11891,가장동 들말어린이공원,36.329316,127.382432,서구,가장동,대전광역시 서구 가장동 405,608,0.9523,23835,True,ACTIVE
ST0083,2024-08-01,2026-04-01,575,11894,11927,대동 대동역 1번출구,36.32915,127.442927,동구,대동,대전광역시 동구 대동 146-1,609,0.9442,23821,True,ACTIVE
ST0196,2024-08-01,2026-03-31,573,11839,11834,봉명동 유성온천역 1번출구,36.353291,127.342098,유성구,봉명동,대전광역시 유성구 봉명동 1016-1,608,0.9424,23673,True,ACTIVE
ST0872,2024-08-01,2026-03-31,580,11815,11847,태평동 하나동물병원,36.32615,127.393077,중구,태평동,대전광역시 중구 태평동 409-1,608,0.9539,23662,True,ACTIVE
ST0462,2024-08-01,2026-03-31,583,11783,11829,봉명동 투유아파트 1차,36.355621,127.351854,유성구,봉명동,대전광역시 유성구 봉명동 693,608,0.9589,23612,True,ACTIVE
ST0119,2024-08-01,2026-03-31,558,11725,11808,탄방동 e편한세상(102동),36.342649,127.392663,서구,탄방동,대전광역시 서구 탄방동 1486,608,0.9178,23533,True,ACTIVE
ST0188,2024-08-01,2026-03-31,573,11785,11681,어은동 한국생명공학연구원 입구,36.377848,127.356451,유성구,어은동,대전광역시 유성구 어은동 52,608,0.9424,23466,True,ACTIVE
ST0386,2024-08-01,2026-04-01,576,11733,11623,둔산동 오페라웨딩홀 건너편,36.348453,127.382779,서구,둔산동,대전광역시 서구 둔산동 1255,609,0.9458,23356,True,ACTIVE
ST0600,2024-08-01,2026-04-01,577,11651,11589,중촌동 중촌네거리(목동우체국 방면),36.335998,127.414944,중구,중촌동,대전광역시 중구 중촌동 398-3,609,0.9475,23240,True,ACTIVE
ST0042,2024-08-01,2026-03-31,579,11615,11608,오류동 하나은행,36.326435,127.407365,중구,오류동,대전광역시 중구 오류동 176-1,608,0.9523,23223,True,ACTIVE
ST0886,2024-08-01,2026-04-01,580,11598,11571,장대동 드림월드아파트 102동(유성대로 방향),36.362339,127.336965,유성구,장대동,대전광역시 유성구 장대동 342-4,609,0.9524,23169,True,ACTIVE
ST0524,2024-08-01,2026-04-01,573,11535,11580,태평동 한국정형외과 ,36.327252,127.399672,중구,태평동,대전광역시 중구 태평동 258-8,609,0.9409,23115,True,ACTIVE
ST0288,2024-08-01,2026-03-31,579,11503,11524,정림동 서구국민체육센터,36.303639,127.363102,서구,정림동,대전광역시 서구 정림동 402-2,608,0.9523,23027,True,ACTIVE
ST0707,2024-08-01,2026-03-31,577,11496,11494,갈마동 갈마초교삼거리(갈마네거리방면) 정류장,36.354779,127.369015,서구,갈마동,대전광역시 서구 갈마동 263-9,608,0.949,22990,True,ACTIVE
ST0874,2024-08-01,2026-03-31,580,11397,11422,유천동 새서울종합시장,36.321899,127.396347,중구,유천동,대전광역시 중구 유천2동 196,608,0.9539,22819,True,ACTIVE
ST1376,2024-12-30,2026-03-31,378,11395,11232,용두동 오룡역 5번출구,36.329237,127.404526,중구,용두동,대전광역시 중구 용두동 119-1,457,0.8271,22627,True,ACTIVE
ST0185,2024-08-01,2026-04-01,578,11286,11292,신성동 연구단지운동장 건너편,36.385517,127.353701,유성구,신성동,대전광역시 유성구 신성동 118-41,609,0.9491,22578,True,ACTIVE
ST0733,2024-08-01,2026-03-31,580,11229,11266,용문역 6번출구(둔산전자타운),36.339592,127.394666,서구,탄방동,대전광역시 서구 탄방동 78-2,608,0.9539,22495,True,ACTIVE
ST0941,2024-08-01,2026-03-31,576,11183,11207,송강동 송강초등학교,36.433056,127.384058,유성구,송강동,대전광역시 유성구 송강동 556,608,0.9474,22390,True,ACTIVE
ST1273,2024-08-01,2026-03-31,576,10965,11059,도안동 도안우미린아파트 112동 입구,36.308519,127.347919,서구,도안동,대전광역시 서구 도안동 1564,608,0.9474,22024,True,ACTIVE
ST0702,2024-08-01,2026-03-31,577,11011,10983,월평동 갈마역3번출구,36.357968,127.371768,서구,월평동,대전광역시 서구 월평동 301,608,0.949,21994,True,ACTIVE
ST0107,2024-08-01,2026-03-31,575,10939,10974,원동 중앙시장 공영주차장,36.327387,127.433162,동구,원동,대전광역시 동구 원동 85-1,608,0.9457,21913,True,ACTIVE
ST0394,2024-08-01,2026-03-31,574,10877,11022,탄방동 공작한양아파트 11동,36.348175,127.395097,서구,탄방동,대전광역시 서구 탄방동 1447,608,0.9441,21899,True,ACTIVE
ST0051,2024-08-01,2026-03-31,600,11697,10117,목동 한사랑아파트 109동,36.333186,127.412241,중구,목동,대전광역시 중구 목동 111-12,608,0.9868,21814,True,ACTIVE
ST0534,2024-08-01,2026-03-31,588,10765,11003,산성동 당대어린이공원,36.308753,127.391481,중구,산성동,대전광역시 중구 산성동 36-2,608,0.9671,21768,True,ACTIVE
ST1344,2024-12-02,2026-03-31,405,10862,10852,용문동 둔산더샵엘리프 1단지,36.336406,127.395805,서구,용문동,대전광역시 서구 용문동 262,485,0.8351,21714,True,ACTIVE
ST0396,2024-08-01,2026-03-31,576,10835,10878,목동더샵리슈빌 정문,36.333444,127.41473,중구,목동,대전광역시 중구 목동 1-95,608,0.9474,21713,True,ACTIVE
ST0197,2024-08-01,2026-03-31,577,10863,10849,봉명동 노브랜드 유성온천점,36.352032,127.346343,유성구,봉명동,대전광역시 유성구 봉명동 1017-3,608,0.949,21712,True,ACTIVE
ST1194,2024-08-01,2026-03-31,572,10744,10751,관평동 대덕비즈센터 남문 맞은편,36.431629,127.393935,유성구,관평동,대전광역시 유성구 관평동 717,608,0.9408,21495,True,ACTIVE
ST0732,2024-08-01,2026-03-31,574,10685,10723,탄방동 하마모터스,36.343215,127.391343,서구,탄방동,대전광역시 서구 탄방동 57-1,608,0.9441,21408,True,ACTIVE
ST1064,2024-08-01,2026-03-31,579,10670,10694,죽동 금성백조 건너편 맘스터치,36.369139,127.336709,유성구,죽동,대전광역시 유성구 죽동 750,608,0.9523,21364,True,ACTIVE
ST0773,2024-08-01,2026-03-31,577,10642,10626,상대동 휴먼시아4단지(트리풀시티9단지 방면) 정류장,36.346906,127.339981,유성구,상대동,대전광역시 유성구 상대동 467-9,608,0.949,21268,True,ACTIVE
ST1050,2024-08-01,2026-04-01,579,10559,10617,상대동 아이파크시티 2단지(205동),36.335927,127.333196,유성구,상대동,대전광역시 유성구 상대동 402-38,609,0.9507,21176,True,ACTIVE
ST0780,2024-08-01,2026-03-31,579,10472,10515,도안동 대전도안아이파크아파트 1505동,36.323425,127.347489,서구,도안동,대전광역시 서구 도안동 1092,608,0.9523,20987,True,ACTIVE
ST1276,2024-08-01,2026-04-01,578,10414,10462,상대동 아이파크시티 1단지 102동 앞,36.336209,127.330158,유성구,상대동,대전광역시 유성구 상대동 570-62,609,0.9491,20876,True,ACTIVE
ST1076,2024-08-01,2026-03-31,579,10381,10415,중촌동 행정복지센터 정류장,36.338785,127.413075,중구,중촌동,대전광역시 중구 중촌동 462,608,0.9523,20796,True,ACTIVE
ST0585,2024-08-01,2026-04-01,577,10371,10420,가오동 은어송마을입구,36.305539,127.454574,동구,가오동,대전광역시 동구 가오동 619,609,0.9475,20791,True,ACTIVE
ST0888,2024-08-01,2026-03-31,573,10376,10367,장대동 어울림주간보호센터,36.361372,127.335949,유성구,장대동,대전광역시 유성구 장대동 331-8,608,0.9424,20743,True,ACTIVE
ST0543,2024-08-01,2026-03-31,573,10360,10360,대흥동 YWCA ,36.323623,127.426457,중구,대흥동,대전광역시 중구 대흥동 445-1,608,0.9424,20720,True,ACTIVE
ST1015,2024-08-01,2026-03-31,573,10293,10254,궁동 충남대학교 중앙도서관,36.369431,127.346301,유성구,궁동,대전광역시 유성구 궁동 220,608,0.9424,20547,True,ACTIVE
ST0104,2024-08-01,2026-03-31,579,10268,10251,갈마동 갈마1동 행정복지센터,36.350749,127.367998,서구,갈마동,대전광역시 서구 갈마동 316-3,608,0.9523,20519,True,ACTIVE
ST0039,2024-08-01,2026-03-31,579,10268,10228,유천동 문화초네거리,36.313097,127.399471,중구,유천동,대전광역시 중구 유천동 168-8,608,0.9523,20496,True,ACTIVE
ST0599,2024-08-01,2026-03-31,577,10216,10220,석교동 용산부인과의원,36.309824,127.441956,중구,석교동,대전광역시 중구 석교동 12-7,608,0.949,20436,True,ACTIVE
ST0838,2024-08-01,2026-03-31,575,10202,10234,중리동 장안외과의원,36.361563,127.431328,대덕구,중리동,대전광역시 대덕구 중리동 180-3,608,0.9457,20436,True,ACTIVE
ST0347,2024-08-01,2026-03-31,580,10297,10070,상대동 목련아파트 2단지 입구,36.348281,127.331552,유성구,상대동,대전광역시 유성구 상대동 444-1,608,0.9539,20367,True,ACTIVE
ST0140,2024-08-01,2026-03-31,576,10179,10180,하기동 침신대네거리(롯데마트),36.384798,127.320819,유성구,하기동,대전광역시 유성구 하기동 519,608,0.9474,20359,True,ACTIVE
ST0439,2024-08-01,2026-03-31,572,10134,10177,둔산동 시청역 6번출구,36.351423,127.387039,서구,둔산동,대전광역시 서구 둔산동 1548,608,0.9408,20311,True,ACTIVE
ST0203,2024-08-01,2026-03-31,574,10144,10109,봉명동 도안 2단지 호반베르디움(211동),36.351459,127.346318,유성구,봉명동,대전광역시 유성구 봉명동 1017-8,608,0.9441,20253,True,ACTIVE
ST0036,2024-08-01,2026-03-31,572,10108,10092,문화동 홈플러스,36.320762,127.407117,중구,문화동,대전광역시 중구 문화동 1-17,608,0.9408,20200,True,ACTIVE
ST0708,2024-08-01,2026-04-01,574,10082,10109,갈마동 갈마네거리(갈마초방면) 정류장,36.353789,127.369215,서구,갈마동,대전광역시 서구 갈마동 265-34,609,0.9425,20191,True,ACTIVE
ST1148,2024-08-01,2026-03-31,580,10044,10071,성남동 석촌마을(105동),36.341464,127.43768,동구,성남동,대전광역시 동구 성남동 518,608,0.9539,20115,True,ACTIVE
ST0287,2024-08-01,2026-03-31,580,10034,10069,정림동 우성아파트 1차 건너편(117동),36.30394,127.365945,서구,정림동,대전광역시 서구 정림동 635,608,0.9539,20103,True,ACTIVE
ST1264,2024-08-01,2026-03-31,578,10018,10067,탄방동 대전 도산서원입구,36.343572,127.395235,서구,탄방동,대전광역시 서구 탄방동 66-10,608,0.9507,20085,True,ACTIVE
ST1017,2024-08-01,2026-03-31,571,10003,10004,죽동 충남대학교 서문네거리,36.37041,127.339933,유성구,죽동,대전광역시 유성구 죽동 726,608,0.9391,20007,True,ACTIVE
ST0419,2024-08-01,2026-03-31,576,9957,9997,원신흥동 양우내안애,36.343808,127.347395,유성구,원신흥동,대전광역시 유성구 원신흥동 485,608,0.9474,19954,True,ACTIVE
ST1242,2024-08-01,2026-03-31,581,9868,9942,전민동 청구 나래아파트 103동 앞,36.402256,127.404758,유성구,전민동,대전광역시 유성구 전민동 462-4,608,0.9556,19810,True,ACTIVE
ST0384,2024-08-01,2026-03-31,557,10038,9691,둔산동 대전시청(북문),36.351112,127.384806,서구,둔산동,대전광역시 서구 둔산동 1420,608,0.9161,19729,True,ACTIVE
ST1421,2025-04-23,2026-03-31,319,9798,9854,선화동 대전하늘채스카이앤2차,36.335926,127.419902,중구,선화동,대전광역시 중구 선화동 87-18,343,0.93,19652,True,ACTIVE
ST0235,2024-08-01,2026-04-01,575,9794,9834,도안동(수목토아파트 방면) 정류장(34890),36.326001,127.347719,서구,도안동,대전광역시 서구 도안동 980,609,0.9442,19628,True,ACTIVE
ST0710,2024-08-01,2026-03-31,573,9801,9815,둔산동 향촌아파트 116동 정류장,36.354981,127.374504,서구,둔산동,대전광역시 서구 둔산동 970,608,0.9424,19616,True,ACTIVE
ST0064,2024-08-01,2026-04-01,582,9768,9837,삼성동 한밭자이 정류장(104동),36.341048,127.425233,동구,삼성동,대전광역시 동구 삼성동 479,609,0.9557,19605,True,ACTIVE
ST0106,2024-08-01,2026-03-31,585,10014,9574,갈마동 갈마아파트 한마음동산,36.344292,127.368321,서구,갈마동,대전광역시 서구 갈마동 392-6,608,0.9622,19588,True,ACTIVE
ST0128,2024-08-01,2026-04-01,577,9877,9635,탄방동 서부농협본점,36.342308,127.387883,서구,탄방동,대전광역시 서구 탄방동 681,609,0.9475,19512,True,ACTIVE
ST1183,2024-08-01,2026-03-31,579,9720,9710,홍도동 홍도아파트 버스정류장,36.344149,127.42768,동구,홍도동,대전광역시 동구 홍도동 838,608,0.9523,19430,True,ACTIVE
ST0093,2024-08-01,2026-03-31,573,9678,9689,월평동 갈마역 4번출구,36.357967,127.372948,서구,월평동,대전광역시 서구 월평동 301,608,0.9424,19367,True,ACTIVE
ST0363,2024-08-01,2026-03-31,571,9665,9657,둔산동 을지대학병원,36.355597,127.382751,서구,둔산동,대전광역시 서구 둔산동 1306,608,0.9391,19322,True,ACTIVE
ST1128,2024-08-01,2026-03-31,577,9628,9657,도안동 갑천3블럭 트리풀시티 313동,36.321125,127.348283,서구,도안동,대전광역시 서구 도안동 1492,608,0.949,19285,True,ACTIVE
ST0379,2024-08-01,2026-03-31,574,9639,9606,둔산동 캐피탈 타워,36.35787,127.387888,서구,둔산동,대전광역시 서구 둔산동 922,608,0.9441,19245,True,ACTIVE
ST0022,2024-08-01,2026-04-01,575,9614,9619,봉명동 유성한가족 요양병원 소공원,36.355079,127.350214,유성구,봉명동,대전광역시 유성구 봉명동 695,609,0.9442,19233,True,ACTIVE
ST0461,2024-08-01,2026-03-31,579,9526,9587,탄방동 공영주차장,36.345683,127.399695,서구,탄방동,대전광역시 서구 탄방동 1380,608,0.9523,19113,True,ACTIVE
ST0276,2024-08-01,2026-03-31,581,9544,9568,대정동 모다아울렛,36.313023,127.319778,유성구,대정동,대전광역시 유성구 대정동 303-5,608,0.9556,19112,True,ACTIVE
ST0509,2024-08-01,2026-03-31,575,9548,9561,문화동 세이백화점,36.321189,127.408707,중구,문화동,대전광역시 중구 문화동 1-16,608,0.9457,19109,True,ACTIVE
ST0689,2024-08-01,2026-03-31,575,9552,9520,탄방역 5번출구,36.344964,127.385206,서구,탄방동,대전광역시 서구 탄방동 666,608,0.9457,19072,True,ACTIVE
ST0015,2024-08-01,2026-03-31,576,9539,9396,둔산동 수정타운아파트(1동),36.358282,127.395424,서구,둔산동,대전광역시 서구 둔산동 1524-1,608,0.9474,18935,True,ACTIVE
ST1079,2024-08-01,2026-03-31,578,9494,9430,탄방동 남선공원 종합체육관,36.348681,127.398655,서구,탄방동,대전광역시 서구 탄방동 1269,608,0.9507,18924,True,ACTIVE
ST1077,2024-08-01,2026-04-01,578,9450,9453,오룡역 7번출구,36.32878,127.406049,중구,용두동,대전광역시 중구 용두동 113-11,609,0.9491,18903,True,ACTIVE
ST1346,2024-11-20,2026-03-31,409,9433,9435,어은동 카이스트 미르나래관,36.370845,127.355553,유성구,어은동,대전광역시 유성구 어은동 52-10,497,0.8229,18868,True,ACTIVE
ST1295,2025-02-20,2026-03-31,368,9387,9422,도마동이편한세상(807동 앞),36.314667,127.383994,서구,도마동,대전광역시 서구 도마동 581,405,0.9086,18809,True,ACTIVE
ST0246,2024-08-01,2026-03-31,570,9351,9427,관저동 느리울마을 11단지 정류장(1114동),36.302792,127.343594,서구,관저동,대전광역시 서구 관저동 1422,608,0.9375,18778,True,ACTIVE
ST0056,2024-08-01,2026-04-01,576,9409,9360,대동 이스트시티(103동) 화병원 건너편,36.328064,127.439434,동구,대동,대전광역시 동구 대동 539,609,0.9458,18769,True,ACTIVE
ST0411,2024-08-01,2026-04-01,579,9341,9409,중촌동 중촌초등학교 건너편,36.340623,127.410669,중구,촌동,대전광역시 중구 촌동 88,609,0.9507,18750,True,ACTIVE
ST0318,2024-08-01,2026-03-31,578,9336,9395,가장동 가장교(성은사),36.328455,127.388089,서구,가장동,대전광역시 서구 가장동 31-7,608,0.9507,18731,True,ACTIVE
ST0835,2024-08-01,2026-03-31,583,9356,9331,중리동 중리지구대 건너편 정류장,36.359046,127.420206,대덕구,중리동,대전광역시 대덕구 중리동 438-8,608,0.9589,18687,True,ACTIVE
ST0711,2024-08-01,2026-03-31,577,9358,9290,월평동 갑천역3번출구,36.354661,127.354334,서구,월평동,대전광역시 서구 월평동 1011,608,0.949,18648,True,ACTIVE
ST0797,2024-08-01,2026-03-31,576,9263,9310,도안동 용소1교 좌안,36.3062,127.348531,서구,도안동,대전광역시 서구 도안동 1607,608,0.9474,18573,True,ACTIVE
ST0211,2024-08-01,2026-03-31,574,9286,9267,봉명동 도안 센트럴시티 입구(롯데리아),36.346075,127.340649,유성구,봉명동,대전광역시 유성구 봉명동 1035-1,608,0.9441,18553,True,ACTIVE
ST0209,2024-08-01,2026-03-31,577,9267,9286,봉명동 도안 7단지 작은내수변공원,36.345559,127.34448,유성구,봉명동,대전광역시 유성구 봉명동 1042,608,0.949,18553,True,ACTIVE
ST0274,2024-08-01,2026-04-01,573,9179,9191,원내동 솔마루어린이공원 입구,36.303985,127.320409,유성구,원내동,대전광역시 유성구 원내동 80-16,609,0.9409,18370,True,ACTIVE
ST0494,2024-08-01,2026-03-31,577,9140,9192,산성동 한밭가든아파트(103동),36.306554,127.38408,중구,산성동,대전광역시 중구 산성동 119-1,608,0.949,18332,True,ACTIVE
ST0225,2024-08-01,2026-03-31,570,9152,9138,도안동 예미지(101동),36.331983,127.341216,서구,도안동,대전광역시 서구 도안동 888,608,0.9375,18290,True,ACTIVE
ST1019,2024-08-01,2026-03-31,573,9112,9115,장대동 장대네거리(하이마트),36.363979,127.338297,유성구,장대동,대전광역시 유성구 장대동 339,608,0.9424,18227,True,ACTIVE
ST0102,2024-08-01,2026-03-31,575,9094,9115,갈마동 갈마네거리,36.353087,127.368377,서구,갈마동,대전광역시 서구 갈마동 293-5,608,0.9457,18209,True,ACTIVE
ST0341,2024-08-01,2026-03-31,574,9076,9093,대동 새들뫼 1단지 입구(104동),36.3285,127.441287,동구,대동,대전광역시 동구 대동 527,608,0.9441,18169,True,ACTIVE
ST0063,2024-08-01,2026-03-31,574,9066,8989,홍도동 새마을금고 홍도지점,36.346455,127.430473,동구,홍도동,대전광역시 동구 홍도동 13-9,608,0.9441,18055,True,ACTIVE
ST0491,2024-08-01,2026-03-31,576,9011,9024,산성동 행정복지센터 건너편,36.305333,127.386631,중구,산성동,대전광역시 중구 산성동 281-1,608,0.9474,18035,True,ACTIVE
ST1416,2025-03-24,2026-04-01,351,8982,9026,변동 향우네거리,36.322527,127.378218,서구,변동,대전광역시 서구 변동 62-6,374,0.9385,18008,True,ACTIVE
ST1348,2024-12-02,2026-04-01,409,8955,9043,도룡동 스마트시티5단지,36.376702,127.394112,유성구,도룡동,대전광역시 유성구 도룡동 4-36,486,0.8416,17998,True,ACTIVE
ST0822,2024-08-01,2026-03-31,580,8982,9011,정림동 삼정하이츠아파트 105동,36.297456,127.362231,서구,정림동,대전광역시 서구 정림동 290-1,608,0.9539,17993,True,ACTIVE
ST0740,2024-08-01,2026-03-31,579,8965,9010,복수동 초록마을5단지중흥S클래스아파트 정류장,36.298323,127.3767,서구,복수동,대전광역시 서구 복수동 602,608,0.9523,17975,True,ACTIVE
ST0361,2024-08-01,2026-03-31,575,9052,8897,선화동 선화파출소,36.334412,127.421616,중구,선화동,대전광역시 중구 선화동 78-9,608,0.9457,17949,True,ACTIVE
ST0100,2024-08-01,2026-03-31,580,8947,8985,월평동 대전교통공사,36.348928,127.353338,서구,월평동,대전광역시 서구 월평동 160-20,608,0.9539,17932,True,ACTIVE
ST0338,2024-08-01,2026-03-31,575,8958,8971,상대동 아이파크시티 1단지 107동,36.338115,127.332058,유성구,상대동,대전광역시 유성구 상대동 383-4,608,0.9457,17929,True,ACTIVE
ST1379,2024-12-18,2026-04-01,377,8880,9035,태평동 태평오거리,36.326106,127.395158,중구,태평동,대전광역시 중구 태평동 376-14,470,0.8021,17915,True,ACTIVE
ST0080,2024-08-01,2026-04-01,578,8929,8967,오정동 한남대학교 정문,36.351508,127.421384,대덕구,오정동,대전광역시 대덕구 오정동 172-5,609,0.9491,17896,True,ACTIVE
ST0641,2024-08-01,2026-03-31,576,8925,8970,원동 중앙프라자 정류장,36.328334,127.434065,동구,원동,대전광역시 동구 원동 48-1,608,0.9474,17895,True,ACTIVE
ST0314,2024-08-01,2026-03-31,575,8878,8907,유천동 창제한의원,36.318112,127.396968,중구,유천동,대전광역시 중구 유천동 210-8,608,0.9457,17785,True,ACTIVE
ST0632,2024-08-01,2026-03-31,576,8859,8920,효동 현대아파트 상가,36.318432,127.442276,동구,효동,대전광역시 동구 효동 135-18,608,0.9474,17779,True,ACTIVE
ST0403,2024-08-01,2026-03-31,572,8864,8875,장대동 온천2동 행정복지센터,36.364921,127.333596,유성구,장대동,대전광역시 유성구 장대동 40-2,608,0.9408,17739,True,ACTIVE
ST1060,2024-08-01,2026-03-31,579,8915,8818,탄방동 둔산자이아이파크 109동,36.342927,127.382669,서구,탄방동,대전광역시 서구 탄방동 1493-27,608,0.9523,17733,True,ACTIVE
ST0382,2024-08-01,2026-03-31,583,8866,8844,둔산동 가람아파트(3동),36.357489,127.396172,서구,둔산동,대전광역시 서구 둔산동 1805,608,0.9589,17710,True,ACTIVE
ST0777,2024-08-01,2026-03-31,576,8793,8806,원신흥동 도안휴먼시아10단지아파트 상가동,36.338962,127.341983,유성구,원신흥동,대전광역시 유성구 원신흥동 495,608,0.9474,17599,True,ACTIVE
ST1062,2024-08-01,2026-03-31,573,8795,8790,내동네거리,36.330812,127.377007,서구,변동,대전광역시 서구 변동 70-9,608,0.9424,17585,True,ACTIVE
ST0428,2024-08-01,2026-03-31,579,8751,8790,탄방동 1333 ,36.347382,127.400373,서구,탄방동,대전광역시 서구 탄방동 30,608,0.9523,17541,True,ACTIVE
ST0536,2024-08-01,2026-04-01,587,8685,8851,유천동 버드내공원,36.312883,127.395984,중구,유천동,대전광역시 중구 유천동 275-5,609,0.9639,17536,True,ACTIVE
ST0443,2024-08-01,2026-03-31,573,8775,8730,둔산동 2116 공원,36.349157,127.398659,서구,둔산동,대전광역시 서구 둔산동 2116,608,0.9424,17505,True,ACTIVE
ST1045,2024-08-01,2026-03-31,581,8712,8784,중촌동 신수빌딩,36.342852,127.409797,중구,중촌동,대전광역시 중구 중촌동 436,608,0.9556,17496,True,ACTIVE
ST0683,2024-08-01,2026-03-31,577,8708,8746,대흥동 중구청 건너편 정류장,36.325096,127.422422,중구,대흥동,대전광역시 중구 대흥동 467-1,608,0.949,17454,True,ACTIVE
ST0889,2024-08-01,2026-03-31,576,8728,8726,장대동 장대네거리 (죽동네거리 방면) 정류장,36.365405,127.335809,유성구,장대동,대전광역시 유성구 장대동 309-1,608,0.9474,17454,True,ACTIVE
ST0880,2024-08-01,2026-03-31,578,8709,8729,도마동 대일의류도매백화점,36.314305,127.382374,서구,도마동,대전광역시 서구 도마1동 141-5,608,0.9507,17438,True,ACTIVE
ST1043,2024-08-01,2026-03-31,580,8705,8732,중촌역 푸르지오(정문),36.345574,127.410817,중구,중촌동,대전광역시 중구 중촌동 165,608,0.9539,17437,True,ACTIVE
ST1291,2024-08-01,2026-03-31,575,8686,8692,월평동 대전일보사 앞,36.353918,127.363272,서구,월평동,대전광역시 서구 월평동 1528,608,0.9457,17378,True,ACTIVE
ST0704,2024-08-01,2026-03-31,576,8679,8693,월평역 4번출구,36.358385,127.364689,서구,월평동,대전광역시 서구 월평동 312-1,608,0.9474,17372,True,ACTIVE
ST0359,2024-08-01,2026-03-31,578,8668,8696,선화동 김영근성형외과,36.335728,127.41689,중구,선화동,대전광역시 중구 선화동 161-1,608,0.9507,17364,True,ACTIVE
ST1109,2024-08-01,2026-03-31,572,8658,8669,석봉동 엑슬루타워 버스정류장,36.44952,127.420628,대덕구,석봉동,대전광역시 대덕구 석봉동 778,608,0.9408,17327,True,ACTIVE
ST0485,2024-08-01,2026-03-31,577,8645,8670,장대동 동자산어린이공원,36.360427,127.333694,유성구,장대동,대전광역시 유성구 장대동 481,608,0.949,17315,True,ACTIVE
ST0604,2024-08-01,2026-03-31,570,8626,8662,판암동 판암역 2번출구,36.316709,127.458225,동구,판암동,대전광역시 동구 판암동 314,608,0.9375,17288,True,ACTIVE
ST0772,2024-08-01,2026-03-31,582,8664,8618,상대동 진터네거리(도안4블럭 방면),36.348213,127.339896,유성구,상대동,대전광역시 유성구 상대동 467-5,608,0.9572,17282,True,ACTIVE
ST0160,2024-08-01,2026-03-31,573,8646,8577,반석동 반석역 1번출구,36.391745,127.314413,유성구,반석동,대전광역시 유성구 반석동 640-3,608,0.9424,17223,True,ACTIVE
ST0882,2024-08-01,2026-03-31,573,8594,8609,도마동 도마네거리 리더스내과,36.312797,127.380374,서구,도마동,대전광역시 서구 도마동 174-4,608,0.9424,17203,True,ACTIVE
ST0285,2024-08-01,2026-04-01,575,8626,8574,정림동 정림삼거리,36.307183,127.363901,서구,정림동,대전광역시 서구 정림동 497,609,0.9442,17200,True,ACTIVE
ST0220,2024-08-01,2026-03-31,581,8610,8565,원신흥동 도안 10단지 휴먼시아(1010동)(70),36.338016,127.338472,유성구,원신흥동,대전광역시 유성구 원신흥동 541-1,608,0.9556,17175,True,ACTIVE
ST0731,2024-08-01,2026-03-31,577,8571,8579,용문동 도산서원(남선공원네거리 방면) 정류장,36.343026,127.3996,서구,용문동,대전광역시 서구 용문동 212-12,608,0.949,17150,True,ACTIVE
ST0348,2024-08-01,2026-03-31,580,8605,8530,부사동 부사동매표소,36.312285,127.436254,중구,부사동,대전광역시 중구 부사동 154-4,608,0.9539,17135,True,ACTIVE
ST1211,2024-08-01,2026-03-31,578,8557,8564,갈마동 갈마육교(동산맨션),36.350877,127.371824,서구,갈마동,대전광역시 서구 갈마동 343-54,608,0.9507,17121,True,ACTIVE
ST0389,2024-08-01,2026-03-31,581,8708,8399,탄방동 탄방역 4번출구(대전종합고용지원센터),36.346408,127.385243,서구,탄방동,대전광역시 서구 탄방동 659,608,0.9556,17107,True,ACTIVE
ST1113,2024-08-01,2026-03-31,576,8552,8551,문창동 해피마트,36.313739,127.436777,중구,문창동,대전광역시 중구 문창동 372-17,608,0.9474,17103,True,ACTIVE
ST0215,2024-08-01,2026-03-31,583,8644,8389,상대동 도안 3단지 한라비발디(301동),36.344984,127.335416,유성구,상대동,대전광역시 유성구 상대동 462,608,0.9589,17033,True,ACTIVE
ST0143,2024-08-01,2026-04-01,575,8538,8493,목상동 상록수아파트 정류장(101동),36.44913,127.412667,대덕구,목상동,대전광역시 대덕구 목상동 185-1,609,0.9442,17031,True,ACTIVE
ST1216,2024-08-01,2026-03-31,576,8457,8456,용산동 대덕 현대 프리미엄 쇼핑몰,36.422425,127.400174,유성구,용산동,대전광역시 유성구 용산동 608,608,0.9474,16913,True,ACTIVE
ST0538,2024-08-01,2026-03-31,576,8443,8436,용두동 희영빌딩,36.326642,127.407761,중구,용두동,대전광역시 중구 용두동 32-3,608,0.9474,16879,True,ACTIVE
ST0315,2024-08-01,2026-04-01,574,8396,8388,유천동 유천신협 본점,36.318941,127.400488,중구,유천동,대전광역시 중구 유천동 186-5,609,0.9425,16784,True,ACTIVE
ST0939,2024-08-01,2026-03-31,558,8366,8400,송강동 한마을아파트(114동),36.429031,127.384643,유성구,송강동,대전광역시 유성구 송강동 200-4,608,0.9178,16766,True,ACTIVE
ST0616,2024-08-01,2026-04-01,578,8336,8378,용운동 용방마을(315동),36.326776,127.450476,동구,용운동,대전광역시 동구 용운동 460,609,0.9491,16714,True,ACTIVE
ST0507,2024-08-01,2026-03-31,570,8339,8351,문화동 훼미리맨션(A동),36.317554,127.406964,중구,문화동,대전광역시 중구 문화동 311-60,608,0.9375,16690,True,ACTIVE
ST0504,2024-08-01,2025-08-08,369,8333,8346,문화동 삼성푸른아파트(103동),36.308124,127.397415,중구,문화동,대전광역시 중구 문화동 789,373,0.9893,16679,False,CLOSED
ST0796,2024-08-01,2026-03-31,566,8313,8326,가수원동 가수원연립주택 정류장,36.303681,127.347238,서구,가수원동,대전광역시 서구 가수원동 656-50,608,0.9309,16639,True,ACTIVE
ST1361,2024-11-19,2026-03-31,465,8329,8252,탄방동 조이병원,36.343321,127.385114,서구,탄방동,대전광역시 서구 탄방동 673,498,0.9337,16581,True,ACTIVE
ST1031,2024-08-01,2026-03-31,570,8299,8277,둔산동 정부청사 입구(대덕대로),36.361912,127.379653,서구,둔산동,대전광역시 서구 둔산동 1516,608,0.9375,16576,True,ACTIVE
ST0221,2024-08-01,2026-03-31,571,8319,8252,원신흥동 원신흥도서관,36.337712,127.338019,유성구,원신흥동,대전광역시 유성구 원신흥동 560,608,0.9391,16571,True,ACTIVE
ST0263,2024-08-01,2026-03-31,570,8282,8270,"관저동 신선마을 건너편(213동, 관저네거리방면)",36.300367,127.335073,서구,관저동,대전광역시 서구 관저동 1016,608,0.9375,16552,True,ACTIVE
ST0601,2024-08-01,2026-03-31,576,8266,8272,인동 대전동부경찰서,36.322447,127.441701,동구,인동,대전광역시 동구 인동 353,608,0.9474,16538,True,ACTIVE
ST1188,2024-08-01,2026-03-31,577,8241,8262,둔산동 국화아파트(305동),36.354339,127.395421,서구,둔산동,대전광역시 서구 둔산동 1809,608,0.949,16503,True,ACTIVE
ST0059,2024-08-01,2026-03-31,574,8185,8231,천동 휴먼시아 입구(201동),36.316444,127.447992,동구,천동,대전광역시 동구 천동 528,608,0.9441,16416,True,ACTIVE
ST0896,2024-08-01,2026-03-31,572,8187,8200,노은동 월드컵경기장역 2번출구,36.366538,127.317477,유성구,노은동,대전광역시 유성구 노은동 553-8,608,0.9408,16387,True,ACTIVE
ST0790,2024-08-01,2026-03-31,574,8193,8191,가수원동 가수원파출소(린풀하우스 방면) 정류장(34870),36.307064,127.352735,서구,가수원동,대전광역시 서구 가수원동 1262,608,0.9441,16384,True,ACTIVE
ST1059,2024-08-01,2026-03-31,575,8244,8121,둔산동 법원 버스정류장,36.355322,127.390008,서구,둔산동,대전광역시 서구 둔산동 1390,608,0.9457,16365,True,ACTIVE
ST0940,2024-08-01,2026-03-31,577,8155,8186,송강동 계룡한솔아파트(201동),36.432319,127.386334,유성구,송강동,대전광역시 유성구 송강동 200-1,608,0.949,16341,True,ACTIVE
ST0228,2024-08-01,2026-03-31,575,8120,8126,원신흥동 도안 11단지 천년나무 건너편(1110동),36.339989,127.344277,유성구,원신흥동,대전광역시 유성구 원신흥동 510,608,0.9457,16246,True,ACTIVE
ST1034,2024-08-01,2026-03-31,573,8124,8062,둔산동 정부청사 입구(샘머리),36.361215,127.390075,서구,둔산동,대전광역시 서구 둔산동 1518,608,0.9424,16186,True,ACTIVE
ST1349,2024-12-09,2026-03-31,438,8056,8089,원신흥동 갑천1블럭 트리플시티 힐스테이트,36.342321,127.347595,유성구,원신흥동,대전광역시 유성구 원신흥동 610,478,0.9163,16145,True,ACTIVE
ST0149,2024-08-01,2026-04-01,586,8344,7786,관평동 롯데마트(관평점),36.42805,127.386542,유성구,관평동,대전광역시 유성구 관평동 887,609,0.9622,16130,True,ACTIVE
ST0817,2024-08-01,2026-03-31,572,8111,7997,관저동 건양대학교병원,36.306045,127.340833,서구,관저동,대전광역시 서구 관저동 37-4,608,0.9408,16108,True,ACTIVE
ST0190,2024-08-01,2026-03-31,568,7990,8031,가정동 화폐박물관,36.376836,127.371026,유성구,가정동,대전광역시 유성구 가정동 35,608,0.9342,16021,True,ACTIVE
ST0522,2024-08-01,2026-03-31,574,8010,7999,문화동 동산고등학교(문화1동 행정복지센터 건너편),36.315135,127.40624,중구,문화동,대전광역시 중구 문화동 284-169,608,0.9441,16009,True,ACTIVE
ST0833,2024-08-01,2026-03-31,572,7888,8080,오정동 오정네거리(한남대학교 방면),36.358422,127.415779,대덕구,오정동,대전광역시 대덕구 오정동 390-1,608,0.9408,15968,True,ACTIVE
ST0154,2024-08-01,2026-03-31,576,7942,7903,중촌동 금호아파트(8동),36.340306,127.406599,중구,중촌동,대전광역시 중구 중촌동 10-2,608,0.9474,15845,True,ACTIVE
ST1297,2025-03-04,2026-04-01,368,7876,7947,중동 목척교 유래비,36.331069,127.428466,동구,중동,대전광역시 동구 중동 317,394,0.934,15823,True,ACTIVE
ST0006,2024-08-01,2026-04-01,570,7873,7903,둔산동 크로바아파트(103동),36.35248,127.390385,서구,둔산동,대전광역시 서구 둔산동 1506,609,0.936,15776,True,ACTIVE
ST0625,2024-08-01,2026-03-31,581,7886,7871,성남동 스마트뷰(110동),36.341915,127.433,동구,성남동,대전광역시 동구 성남동 528,608,0.9556,15757,True,ACTIVE
ST0259,2024-08-01,2026-04-01,567,7867,7878,관저동 리슈빌(101동),36.300166,127.340954,서구,관저동,대전광역시 서구 관저동 1415,609,0.931,15745,True,ACTIVE
ST0781,2024-08-01,2026-03-31,572,7868,7870,도안동 도안초등학교(도안수목토아파트 114동),36.320591,127.344082,서구,도안동,대전광역시 서구 도안동 1364,608,0.9408,15738,True,ACTIVE
ST0925,2024-08-01,2026-03-31,565,7832,7899,용산동 대전테크노파크용산동 에스피에스,36.420966,127.405413,유성구,용산동,대전광역시 유성구 용산동 602,608,0.9293,15731,True,ACTIVE
ST1385,2024-12-03,2026-03-31,388,7836,7839,부사동 충무로네거리(맥도날드),36.319583,127.431771,중구,부사동,대전광역시 중구 부사동 87-22,484,0.8017,15675,True,ACTIVE
ST0684,2024-08-01,2026-04-01,574,7825,7849,대흥동 우체국,36.325408,127.431979,중구,대흥동,대전광역시 중구 대흥동 103-1,609,0.9425,15674,True,ACTIVE
ST0325,2024-08-01,2026-03-31,576,7770,7795,도마네거리 하나은행,36.3133,127.379728,서구,도마동,대전광역시 서구 도마동 172-15,608,0.9474,15565,True,ACTIVE
ST0145,2024-08-01,2026-03-31,577,7931,7634,신일동 대덕산업단지 BRT정류장,36.43838,127.395094,대덕구,문평동,대전광역시 대덕구 문평동 92-1,608,0.949,15565,True,ACTIVE
ST0545,2024-08-01,2026-03-31,571,7733,7715,대흥동 원예농협,36.321892,127.429644,중구,대흥동,대전광역시 중구 대흥동 40-10,608,0.9391,15448,True,ACTIVE
ST0401,2024-08-01,2026-04-01,561,7686,7728,죽동 대원칸타빌,36.369165,127.333954,유성구,죽동,대전광역시 유성구 죽동 683,609,0.9212,15414,True,ACTIVE
ST0899,2024-08-01,2026-03-31,570,7689,7702,노은동 CGV,36.372578,127.318114,유성구,지족동,대전광역시 유성구 지족동 905-4,608,0.9375,15391,True,ACTIVE
ST0291,2024-08-01,2026-03-31,573,7517,7559,오정동 오정네거리(대화중 방면),36.358904,127.415425,대덕구,오정동,대전광역시 대덕구 오정동 64-15,608,0.9424,15076,True,ACTIVE
ST0435,2024-08-01,2026-03-31,577,7589,7446,둔산동 더캐피탈웨딩,36.358252,127.386982,서구,둔산동,대전광역시 서구 둔산동 921,608,0.949,15035,True,ACTIVE
ST1310,2024-08-27,2026-03-31,400,7503,7528,둔산동  시애틀 공원,36.355633,127.393949,서구,둔산동,대전광역시 서구 둔산동 1385,582,0.6873,15031,True,ACTIVE
ST1080,2024-08-01,2026-03-31,564,7515,7510,둔산동 대전근로자종합복지회관,36.354377,127.382757,서구,둔산동,대전광역시 서구 둔산동 1542,608,0.9276,15025,True,ACTIVE
ST1093,2024-08-01,2026-03-31,571,7479,7495,자양동 우송대 정문,36.337848,127.447995,동구,자양동,대전광역시 동구 자양동 159,608,0.9391,14974,True,ACTIVE
ST1087,2024-08-01,2026-03-31,577,7468,7485,원신흥동 도안 8블럭 신안인스빌리베라(803동),36.341916,127.344968,유성구,원신흥동,대전광역시 유성구 원신흥동 582,608,0.949,14953,True,ACTIVE
ST0633,2024-08-01,2026-03-31,575,7458,7410,효동 현대아파트(104동),36.318002,127.439617,동구,효동,대전광역시 동구 효동 135-1,608,0.9457,14868,True,ACTIVE
ST0907,2024-08-01,2026-03-31,576,7439,7427,지족동 열매마을 5단지 입구,36.376106,127.318892,유성구,지족동,대전광역시 유성구 지족동 877-1,608,0.9474,14866,True,ACTIVE
ST0010,2024-08-01,2026-03-31,571,7455,7406,둔산동 샤크존,36.348853,127.386433,서구,둔산동,대전광역시 서구 둔산동 1546-1,608,0.9391,14861,True,ACTIVE
ST0547,2024-08-01,2026-03-31,577,7479,7374,대사동 느티나무 보호수,36.317786,127.425913,중구,대사동,대전광역시 중구 대사동 104-8,608,0.949,14853,True,ACTIVE
ST0202,2024-08-01,2026-03-31,574,7421,7430,봉명동 도안 2단지 호반베르디움(201동),36.348885,127.347667,유성구,봉명동,대전광역시 유성구 봉명동 1021,608,0.9441,14851,True,ACTIVE
ST0129,2024-08-01,2026-04-01,577,7418,7397,탄방동 탄방지하차도,36.343318,127.383435,서구,탄방동,대전광역시 서구 탄방동 641,609,0.9475,14815,True,ACTIVE
ST1040,2024-08-01,2026-04-01,572,7409,7391,둔산동 크로바아파트(정문 맞은편),36.351177,127.391784,서구,둔산동,대전광역시 서구 둔산동 1554-1,609,0.9392,14800,True,ACTIVE
ST0047,2024-08-01,2026-03-31,576,7386,7413,부사동 청란여고 방면 부사오거리 정류장,36.313354,127.434076,중구,부사동,대전광역시 중구 부사동 129-5,608,0.9474,14799,True,ACTIVE
ST1100,2024-08-01,2026-03-31,573,7382,7387,대동 이앤엠학원,36.331488,127.444099,동구,대동,대전광역시 동구 대동 407-1,608,0.9424,14769,True,ACTIVE
ST0539,2024-08-01,2026-04-01,575,7370,7393,용두동 정담치과,36.322994,127.415387,중구,용두동,대전광역시 중구 용두동 12-1,609,0.9442,14763,True,ACTIVE
ST0153,2024-08-01,2026-04-01,583,7281,7454,삼성동 한밭빌라,36.341626,127.414795,동구,삼성동,대전광역시 동구 삼성동 343-22,609,0.9573,14735,True,ACTIVE
ST0095,2024-08-01,2026-03-31,571,7366,7362,갈마동 갈마역 1번출구,36.357284,127.372839,서구,갈마동,대전광역시 서구 갈마동 820,608,0.9391,14728,True,ACTIVE
ST1212,2024-08-01,2026-03-31,572,7362,7355,지족동 뚜레쥬르 노은호반점,36.386935,127.316086,유성구,지족동,대전광역시 유성구 지족동 985-2,608,0.9408,14717,True,ACTIVE
ST0208,2024-08-01,2026-04-01,578,7301,7315,봉명동 도안 7단지 예미지(701동),36.348237,127.344469,유성구,봉명동,대전광역시 유성구 봉명동 1038-2,609,0.9491,14616,True,ACTIVE
ST1368,2024-11-24,2026-03-31,460,7279,7280,중촌동 중촌시민공원,36.339986,127.403841,중구,중촌동,대전광역시 중구 중촌동 471-12,493,0.9331,14559,True,ACTIVE
ST0739,2024-08-01,2026-03-31,576,7246,7304,복수동 초록마을1단지예미지아파트 101동,36.303792,127.379024,서구,복수동,대전광역시 서구 복수동 611,608,0.9474,14550,True,ACTIVE
ST0237,2024-08-01,2026-03-31,576,7265,7264,도안동 16단지 수목토(101동),36.320676,127.347587,서구,도안동,대전광역시 서구 도안동 1364,608,0.9474,14529,True,ACTIVE
ST0672,2024-08-01,2026-03-31,577,7247,7250,가양동 아침마을(116동),36.340707,127.441737,동구,가양동,대전광역시 동구 가양동 705,608,0.949,14497,True,ACTIVE
ST0355,2024-08-01,2026-03-31,575,7238,7231,대흥동 대흥네거리 DS평생교육원,36.32479,127.429245,중구,대흥동,대전광역시 중구 대흥동 161-8,608,0.9457,14469,True,ACTIVE
ST0987,2024-08-01,2026-04-01,574,7210,7234,가양동 다솜요양병원,36.343639,127.442344,동구,가양동,대전광역시 동구 가양동 288-6,609,0.9425,14444,True,ACTIVE
ST1151,2024-08-01,2026-03-31,567,7219,7168,둔산동 서구청,36.35485,127.38443,서구,둔산동,대전광역시 서구 둔산동 1300,608,0.9326,14387,True,ACTIVE
ST0262,2024-08-01,2026-03-31,576,7178,7208,관저동 공영주차장,36.300021,127.3379,서구,관저동,대전광역시 서구 관저동 1446,608,0.9474,14386,True,ACTIVE
ST0459,2024-08-01,2026-03-31,580,7129,7177,목동 올리브힐 정문,36.336824,127.406181,중구,목동,대전광역시 중구 목동 362,608,0.9539,14306,True,ACTIVE
ST1365,2024-12-05,2026-04-01,404,7085,7181,태평동 삼부새롬아파트 101동앞,36.322058,127.390188,중구,태평동,대전광역시 중구 태평동 548,483,0.8364,14266,True,ACTIVE
ST0900,2024-08-01,2026-03-31,571,7086,7102,노은동 열매마을 8단지 입구,36.372054,127.319636,유성구,노은동,대전광역시 유성구 노은동 520-1,608,0.9391,14188,True,ACTIVE
ST0440,2024-08-01,2026-03-31,569,7088,7096,둔산동 시청역 4번출구,36.35152,127.386521,서구,둔산동,대전광역시 서구 둔산동 1408-1,608,0.9359,14184,True,ACTIVE
ST0984,2024-08-01,2026-03-31,568,7005,7153,문지동 싸이언스빌3가 대덕벤처협동화단지,36.386136,127.404916,유성구,원촌동,대전광역시 유성구 원촌동 141-2,608,0.9342,14158,True,ACTIVE
ST0053,2024-08-01,2026-03-31,572,7084,7074,판암동 판암역 4번출구,36.317504,127.459849,동구,판암동,대전광역시 동구 판암동 297-24,608,0.9408,14158,True,ACTIVE
ST0219,2024-08-01,2026-03-31,573,7147,6992,용계동 목원대학교 정문좌측(캠퍼스타워),36.330662,127.337865,유성구,용계동,대전광역시 유성구 용계동 664-12,608,0.9424,14139,True,ACTIVE
ST0734,2024-08-01,2026-03-31,577,7051,7064,오류동 LG유플러스 대전오류사옥 정류장,36.330056,127.402976,중구,오류동,대전광역시 중구 오류동 188-24,608,0.949,14115,True,ACTIVE
ST0903,2024-08-01,2026-03-31,579,7015,7036,노은동 열매마을 9단지(910동),36.37103,127.323283,유성구,노은동,대전광역시 유성구 노은동 521,608,0.9523,14051,True,ACTIVE
ST1351,2024-11-30,2026-03-31,429,6990,7056,도룡동 기초과학연구원,36.376251,127.386111,유성구,도룡동,대전광역시 유성구 도룡동 3-1,487,0.8809,14046,True,ACTIVE
ST0356,2024-08-01,2026-03-31,579,7053,6986,선화동 중촌네거리 선화동 방면,36.336832,127.416692,중구,선화동,대전광역시 중구 선화동 104-4,608,0.9523,14039,True,ACTIVE
ST0878,2024-08-01,2026-03-31,578,6898,7087,변동 동일세탁,36.324702,127.381218,서구,변동,대전광역시 서구 변동 47-6,608,0.9507,13985,True,ACTIVE
ST0390,2024-08-01,2026-03-31,570,6973,6980,탄방동 국민연금서대전지사 정류장(탄방역 방면),36.346224,127.382461,서구,탄방동,대전광역시 서구 탄방동 1447-1,608,0.9375,13953,True,ACTIVE
ST0256,2024-08-01,2026-03-31,569,7043,6893,관저동 마치광장 북측,36.298795,127.337445,서구,관저동,대전광역시 서구 관저동 1511,608,0.9359,13936,True,ACTIVE
ST1206,2024-08-01,2026-03-31,574,6988,6921,용산동 호반써밋(101동),36.414931,127.390452,유성구,용산동,대전광역시 유성구 용산동 417-8,608,0.9441,13909,True,ACTIVE
ST0224,2024-08-01,2026-03-31,576,6928,6968,도안동 예미지(107동),36.331872,127.343798,서구,도안동,대전광역시 서구 도안동 965,608,0.9474,13896,True,ACTIVE
ST0052,2024-08-01,2026-04-01,579,7230,6652,신흥동 신흥마을 102동,36.321214,127.444711,동구,신흥동,대전광역시 동구 신흥동 229,609,0.9507,13882,True,ACTIVE
ST1256,2024-08-01,2026-03-31,573,6936,6935,전민동 삼성푸른아파트 107동 앞,36.399547,127.398468,유성구,전민동,대전광역시 유성구 전민동 460-1,608,0.9424,13871,True,ACTIVE
ST1044,2024-08-01,2026-03-31,575,6813,6876,중촌동 푸르지오(102동),36.346737,127.40938,중구,중촌동,대전광역시 중구 중촌동 472,608,0.9457,13689,True,ACTIVE
ST0420,2024-08-01,2026-03-31,571,6833,6840,봉명동 도안휴먼시아 6단지,36.345581,127.340663,유성구,봉명동,대전광역시 유성구 봉명동 1047-1,608,0.9391,13673,True,ACTIVE
ST0206,2024-08-01,2026-03-31,574,6761,6763,봉명동 도안 6단지 센트럴시티 정류장(607동),36.348225,127.342333,유성구,봉명동,대전광역시 유성구 봉명동 1036,608,0.9441,13524,True,ACTIVE
ST1145,2024-08-01,2026-03-31,575,6836,6678,도룡동 연구단지네거리,36.385517,127.377058,유성구,도룡동,대전광역시 유성구 도룡동 404,608,0.9457,13514,True,ACTIVE
ST0030,2024-08-01,2026-03-31,580,6658,6767,삼성동 동구 보건지소,36.342621,127.420428,동구,삼성동,대전광역시 동구 삼성동 353-14,608,0.9539,13425,True,ACTIVE
ST1342,2024-11-22,2026-03-31,455,6710,6705,구성동 카이스트 교육지원동,36.369807,127.36019,유성구,구성동,대전광역시 유성구 구성동 23,495,0.9192,13415,True,ACTIVE
ST0250,2024-08-01,2026-03-31,576,6715,6644,관저동 느리울중네거리,36.29637,127.340762,서구,관저동,대전광역시 서구 관저동 1482,608,0.9474,13359,True,ACTIVE
ST0951,2024-08-01,2026-03-31,577,6634,6689,신일동 을미기체육공원,36.443878,127.41057,대덕구,신일동,대전광역시 대덕구 신일동 1682-4,608,0.949,13323,True,ACTIVE
ST0626,2024-08-01,2026-03-31,577,6661,6643,삼성동 주공삼성타운(202동),36.341155,127.432565,동구,삼성동,대전광역시 동구 삼성동 481,608,0.949,13304,True,ACTIVE
ST0788,2024-08-01,2026-03-31,575,6651,6651,도안동 도안린풀하우스18단지아파트 1806동,36.312225,127.349946,서구,도안동,대전광역시 서구 도안동 1564,608,0.9457,13302,True,ACTIVE
ST0207,2024-08-01,2026-03-31,572,6689,6588,봉명동 도안 6단지 센트럴시티 큰길방향(608동),36.347331,127.340631,유성구,봉명동,대전광역시 유성구 봉명동 1031-8,608,0.9408,13277,True,ACTIVE
ST0916,2024-08-01,2026-03-31,581,6525,6714,오정동 대덕구청,36.34647,127.416471,대덕구,오정동,대전광역시 대덕구 오정동 759,608,0.9556,13239,True,ACTIVE
ST0351,2024-08-01,2026-04-01,578,6587,6619,석교동 스마일약국,36.306301,127.447838,중구,석교동,대전광역시 중구 석교동 87-3,609,0.9491,13206,True,ACTIVE
ST1362,2024-11-25,2026-03-31,431,6578,6574,둔산동 은하수네거리 정류장(파랑새네거리방면),36.350064,127.378011,서구,둔산동,대전광역시 서구 둔산동 1165,492,0.876,13152,True,ACTIVE
ST0270,2024-08-01,2026-03-31,572,6571,6577,원내동 샘물타운(301동),36.299738,127.320331,유성구,원내동,대전광역시 유성구 원내동 394,608,0.9408,13148,True,ACTIVE
ST0634,2024-08-01,2026-03-31,580,6531,6569,인동 현대아파트(104동),36.319277,127.439102,동구,인동,대전광역시 동구 인동 179-1,608,0.9539,13100,True,ACTIVE
ST1071,2024-08-01,2026-03-31,572,6551,6527,봉명동 도안 2단지 호반베르디움(208동),36.350591,127.347915,유성구,봉명동,대전광역시 유성구 봉명동 1019-1,608,0.9408,13078,True,ACTIVE
ST0937,2024-08-01,2026-03-31,571,6470,6489,송강동 한마을아파트(107동),36.430575,127.38344,유성구,송강동,대전광역시 유성구 송강동 200-4,608,0.9391,12959,True,ACTIVE
ST0720,2024-08-01,2026-03-31,572,6468,6460,원동 대흥교 원동네거리 방면,36.326169,127.433233,동구,원동,대전광역시 동구 원동 85-44,608,0.9408,12928,True,ACTIVE
ST0381,2024-08-01,2026-03-31,576,6490,6417,둔산동 둥지아파트 정류장(110동),36.357854,127.391305,서구,둔산동,대전광역시 서구 둔산동 912,608,0.9474,12907,True,ACTIVE
ST0091,2024-08-01,2026-03-31,574,6494,6405,둔산동 목련아파트 정류장(301동),36.349129,127.392771,서구,둔산동,대전광역시 서구 둔산동 1510,608,0.9441,12899,True,ACTIVE
ST1229,2024-08-01,2026-03-31,578,6448,6450,탑립동 가나리더스텔2,36.4164,127.407143,유성구,탑립동,대전광역시 유성구 탑립동 873,608,0.9507,12898,True,ACTIVE
ST0467,2024-08-01,2026-03-31,571,6415,6430,둔산동 녹원아파트(106동),36.348739,127.380121,서구,둔산동,대전광역시 서구 둔산동 1538,608,0.9391,12845,True,ACTIVE
ST0774,2024-08-01,2026-03-31,577,6424,6364,도안동 목원대(동서대로) 네거리,36.331814,127.338465,서구,도안동,대전광역시 서구 도안동 849,608,0.949,12788,True,ACTIVE
ST0388,2024-08-01,2026-03-31,571,6369,6388,탄방동 한국농어촌공사,36.347203,127.390015,서구,탄방동,대전광역시 서구 탄방동 1446,608,0.9391,12757,True,ACTIVE
ST0414,2024-08-01,2026-03-31,571,6479,6242,도룡동 스마트시티(201동),36.37789,127.390647,유성구,도룡동,대전광역시 유성구 도룡동 4-6,608,0.9391,12721,True,ACTIVE
ST0117,2024-08-01,2026-03-31,575,6314,6372,탄방동 e편한세상 정류장(용문네거리 방면),36.341426,127.397086,서구,탄방동,대전광역시 서구 탄방동 70-5,608,0.9457,12686,True,ACTIVE
ST0236,2024-08-01,2026-03-31,573,6311,6343,도안동 도안 15단지 아이파크(1502동),36.321033,127.347601,서구,도안동,대전광역시 서구 도안동 1493,608,0.9424,12654,True,ACTIVE
ST0573,2024-08-01,2026-04-01,573,6301,6332,대성동 은어송코오롱하늘채2차아파트 103동,36.298472,127.458816,동구,대성동,대전광역시 동구 대성동 427,609,0.9409,12633,True,ACTIVE
ST0004,2024-08-01,2026-03-31,567,6310,6316,탄방동_한가람아파트(2동),36.348201,127.390409,서구,탄방동,대전광역시 서구 탄방동 1446,608,0.9326,12626,True,ACTIVE
ST0302,2024-08-01,2026-03-31,572,6328,6280,중리동 수도시설관리사업소,36.362049,127.435792,대덕구,중리동,대전광역시 대덕구 중리동 505-4,608,0.9408,12608,True,ACTIVE
ST0826,2024-08-01,2026-03-31,577,5998,6598,오정동 오정농수산물시장(동대전농협),36.358285,127.409626,대덕구,오정동,대전광역시 대덕구 오정동 58-5,608,0.949,12596,True,ACTIVE
ST0133,2024-08-01,2026-04-01,579,6278,6300,월평동 계룡로 대전일보 건너편(갈마동방향),36.35452,127.365583,서구,월평동,대전광역시 서구 월평동 1548,609,0.9507,12578,True,ACTIVE
ST0229,2024-08-01,2026-03-31,574,6248,6249,원신흥동 도안 11단지 천년나무 11단지(1104동),36.341765,127.34705,유성구,원신흥동,대전광역시 유성구 원신흥동 511,608,0.9441,12497,True,ACTIVE
ST0108,2024-08-01,2026-03-31,573,6257,6203,석봉동 서희스타힐스아파트 상가,36.453755,127.424034,대덕구,석봉동,대전광역시 대덕구 석봉동 787,608,0.9424,12460,True,ACTIVE
ST0242,2024-08-01,2026-03-31,571,6211,6247,가수원동 가수원파출소 건너편,36.308726,127.351583,서구,가수원동,대전광역시 서구 가수원동 927,608,0.9391,12458,True,ACTIVE
ST0516,2024-08-01,2026-03-31,574,6214,6223,문화동 하우스토리 1차,36.320166,127.415835,중구,대사동,대전광역시 중구 대사동 248-222,608,0.9441,12437,True,ACTIVE
ST1373,2024-12-01,2026-03-31,383,6182,6240,유천동 큰솔아파트,36.314518,127.390012,중구,유천동,대전광역시 중구 유천동 335-12,486,0.7881,12422,True,ACTIVE
ST1354,2024-12-03,2026-03-31,437,6231,6100,구성동 카이스트 김병호IT,36.374035,127.365048,유성구,구성동,대전광역시 유성구 구성동 400,484,0.9029,12331,True,ACTIVE
ST0239,2024-08-01,2026-03-31,572,6149,6157,도안동 도안 17단지 베르디움(104동),36.312868,127.349708,서구,도안동,대전광역시 서구 도안동 1373,608,0.9408,12306,True,ACTIVE
ST0715,2024-08-01,2026-03-31,574,6120,6157,갈마동 상수도사업본부(갈마중학교입구 방면)정류장,36.346465,127.36854,서구,갈마동,대전광역시 서구 갈마동 378-32,608,0.9441,12277,True,ACTIVE
ST0234,2024-08-01,2026-04-01,572,6134,6140,원신흥동 도안 10단지 휴먼시아 건너편(1010동),36.338364,127.338494,유성구,원신흥동,대전광역시 유성구 원신흥동 493-1,609,0.9392,12274,True,ACTIVE
ST0241,2024-08-01,2026-03-31,573,6089,6144,도안동 축산농협 하나로마트,36.312898,127.350277,서구,도안동,대전광역시 서구 도안동 1472,608,0.9424,12233,True,ACTIVE
ST0723,2024-08-01,2026-03-31,575,6069,6108,덕암동 자연애마트 신탄진점,36.444127,127.425365,대덕구,덕암동,대전광역시 대덕구 덕암동 12-1,608,0.9457,12177,True,ACTIVE
ST1302,2024-08-01,2026-03-31,567,6046,6120,용산동 테크노밸리12단지 정류장(우림필유),36.417358,127.392722,유성구,용산동,대전광역시 유성구 용산동 666,608,0.9326,12166,True,ACTIVE
ST0542,2024-08-01,2026-03-31,575,6080,6079,대흥동 드림시티,36.324053,127.426964,중구,대흥동,대전광역시 중구 대흥동 437,608,0.9457,12159,True,ACTIVE
ST0496,2024-08-01,2026-03-31,573,6062,6076,산성동 산성네거리 김밥친구,36.30307,127.386083,중구,산성동,대전광역시 중구 산성동 125-6,608,0.9424,12138,True,ACTIVE
ST0182,2024-08-01,2026-03-31,574,6063,6047,신성동 럭키 하나아파트 앞,36.384796,127.348857,유성구,신성동,대전광역시 유성구 신성동 153,608,0.9441,12110,True,ACTIVE
ST0397,2024-08-01,2026-03-31,571,6055,6021,목동더샵리슈빌 남측,36.331896,127.415147,중구,목동,대전광역시 중구 목동 1-95,608,0.9391,12076,True,ACTIVE
ST0438,2024-08-01,2026-03-31,570,6047,6017,둔산동 시청역 1번출구,36.350719,127.38654,서구,둔산동,대전광역시 서구 둔산동 1420,608,0.9375,12064,True,ACTIVE
ST0212,2024-08-01,2026-03-31,574,6019,6036,상대동 도안 9단지 트리풀시티(920동)버스정류장 ,36.341505,127.338001,유성구,상대동,대전광역시 유성구 상대동 484-7,608,0.9441,12055,True,ACTIVE
ST0454,2024-08-01,2026-03-31,570,6017,6024,만년동 수정빌딩 주차타워,36.366118,127.382011,서구,만년동,대전광역시 서구 만년동 25,608,0.9375,12041,True,ACTIVE
ST0750,2024-08-01,2026-03-31,577,5982,6025,반석동 반석마을5단지아파트 503동 정류장,36.390918,127.311813,유성구,반석동,대전광역시 유성구 반석동 622,608,0.949,12007,True,ACTIVE
ST1202,2024-08-01,2026-03-31,568,5996,5993,용전동 한숲아파트(101동),36.355399,127.427743,동구,용전동,대전광역시 동구 용전동 194-9,608,0.9342,11989,True,ACTIVE
ST1320,2025-03-05,2026-03-31,361,5982,5993,소제동 대전역 동광장 짜글이 ,36.332774,127.43795,동구,소제동,대전광역시 동구 소제동 290-22,392,0.9209,11975,True,ACTIVE
ST0072,2024-08-01,2026-03-31,579,6015,5921,용전동 한국통신 용전지점,36.352852,127.432283,동구,용전동,대전광역시 동구 용전동 167-1,608,0.9523,11936,True,ACTIVE
ST0213,2024-08-01,2026-03-31,575,5943,5957,상대동 도안 9단지 트리풀시티(913동),36.339453,127.336273,유성구,상대동,대전광역시 유성구 상대동 484-7,608,0.9457,11900,True,ACTIVE
ST1403,2024-12-02,2026-03-31,447,6021,5852,만년동 대전시립미술관,36.36516,127.385289,서구,만년동,대전광역시 서구 만년동 399,485,0.9216,11873,True,ACTIVE
ST1055,2024-08-01,2026-03-31,585,6216,5656,문화동 한밭도서관,36.310012,127.408316,중구,문화동,대전광역시 중구 문화동 192-12,608,0.9622,11872,True,ACTIVE
ST1057,2024-08-01,2026-03-31,575,5969,5892,관평동 배울네거리,36.422035,127.387574,유성구,관평동,대전광역시 유성구 관평동 1286,608,0.9457,11861,True,ACTIVE
ST0640,2024-08-01,2026-03-31,576,5982,5845,인동 참좋은아파트 정류장,36.323523,127.437069,동구,인동,대전광역시 동구 인동 18-1,608,0.9474,11827,True,ACTIVE
ST1136,2024-08-01,2026-03-31,572,5867,5851,노은동 월드컵 인라인경기장,36.368221,127.323652,유성구,노은동,대전광역시 유성구 노은동 535-21 삼천리자전거 맞은편,608,0.9408,11718,True,ACTIVE
ST0514,2024-08-01,2026-03-31,573,5846,5844,문화동 센트럴파크아파트 3단지(302동),36.318144,127.41185,중구,문화동,대전광역시 중구 문화동 1-256,608,0.9424,11690,True,ACTIVE
ST0754,2024-08-01,2026-03-31,574,5834,5843,하기동 송림네거리(한국침례신학대학교 방면),36.387409,127.322346,유성구,하기동,대전광역시 유성구 하기동 591,608,0.9441,11677,True,ACTIVE
ST1209,2024-08-01,2026-03-31,575,5764,5795,도마동 대청애견수족관,36.319379,127.373848,서구,도마동,대전광역시 서구 도마동 61-5,608,0.9457,11559,True,ACTIVE
ST0805,2024-08-01,2026-03-31,568,5765,5763,관저동 관저예미지명가의풍경아파트 112동 건너편,36.295223,127.335077,서구,관저동,대전광역시 서구 관저동 1558-18,608,0.9342,11528,True,ACTIVE
ST0665,2024-08-01,2026-03-31,575,5688,5787,오정동 오정신용협동조합,36.348127,127.415345,대덕구,오정동,대전광역시 대덕구 오정동 372-4,608,0.9457,11475,True,ACTIVE
ST0562,2024-08-01,2026-03-31,577,5723,5737,도마동 서대전여고 목운주택입구 방면 정류장,36.32669,127.370918,서구,도마동,대전광역시 서구 도마동 14-21,608,0.949,11460,True,ACTIVE
ST0926,2024-08-01,2026-03-31,565,5735,5719,용산동 충남대학교 산학협력지원센터,36.425747,127.4018,유성구,용산동,대전광역시 유성구 용산동 560,608,0.9293,11454,True,ACTIVE
ST0887,2024-08-01,2026-03-31,568,5735,5706,장대동 월드컵패밀리타운아파트 106동(유성대로 방향),36.363941,127.337671,유성구,장대동,대전광역시 유성구 장대동 335-1,608,0.9342,11441,True,ACTIVE
ST0189,2024-08-01,2026-03-31,557,5745,5681,구성동 카이스트 후문(한국원자력안전기술원),36.374198,127.367134,유성구,구성동,대전광역시 유성구 구성동 19,608,0.9161,11426,True,ACTIVE
ST0603,2024-08-01,2026-03-31,577,5699,5715,판암동 미리내아파트,36.316857,127.454767,동구,판암동,대전광역시 동구 판암동 436-4,608,0.949,11414,True,ACTIVE
ST1263,2024-08-01,2026-03-31,574,5666,5718,효동 새마을금고 효동지점,36.317162,127.441463,동구,효동,대전광역시 동구 효동 137-7,608,0.9441,11384,True,ACTIVE
ST0278,2024-08-01,2026-03-31,566,5671,5658,관저동 관저1동 행정복지센터,36.303741,127.337202,서구,관저동,대전광역시 서구 관저동 999-3,608,0.9309,11329,True,ACTIVE
ST1364,2024-11-25,2026-03-31,445,5650,5666,둔산동 국화한신아파트 건너편(파리바게트),36.351128,127.397257,서구,둔산동,대전광역시 서구 둔산동 2161,492,0.9045,11316,True,ACTIVE
ST0018,2024-08-01,2026-03-31,572,5652,5664,월평동 다모아아파트 육교밑(111동),36.363085,127.366753,서구,월평동,대전광역시 서구 월평동 311,608,0.9408,11316,True,ACTIVE
ST1092,2024-08-01,2026-03-31,576,5651,5658,괴정동 경성스포츠,36.336619,127.378365,서구,괴정동,대전광역시 서구 괴정동 110-9,608,0.9474,11309,True,ACTIVE
ST0366,2024-08-01,2026-03-31,541,5650,5654,궁동 충남대학교 약학대학,36.368553,127.343705,유성구,궁동,대전광역시 유성구 궁동 220,608,0.8898,11304,True,ACTIVE
ST0452,2024-08-01,2026-03-31,572,5629,5635,만년동 빽다방,36.368537,127.38252,서구,만년동,대전광역시 서구 만년동 390,608,0.9408,11264,True,ACTIVE
ST0961,2024-08-01,2026-03-31,560,5627,5632,선화동 충청남도 대전학사관,36.326144,127.419176,중구,선화동,대전광역시 중구 선화동 373,608,0.9211,11259,True,ACTIVE
ST0726,2024-08-01,2026-04-01,572,5620,5611,신탄진동 신탄진역,36.448314,127.429185,대덕구,신탄진동,대전광역시 대덕구 신탄진동 147-5,609,0.9392,11231,True,ACTIVE
ST1424,2025-05-29,2026-03-31,268,5605,5614,중동 중앙시장 제3공영주차장,36.330163,127.431398,동구,중동,대전광역시 동구 중동 317,307,0.873,11219,True,ACTIVE
ST0451,2024-08-01,2026-03-31,567,5597,5606,만년동 크리스탈웨딩홀,36.369263,127.381303,서구,만년동,대전광역시 서구 만년동 305,608,0.9326,11203,True,ACTIVE
ST0275,2024-08-01,2026-03-31,570,5638,5564,원내동 롯데마트 서대전점,36.300023,127.325134,유성구,원내동,대전광역시 유성구 원내동 33-13,608,0.9375,11202,True,ACTIVE
ST0427,2024-08-01,2026-03-31,572,5606,5595,탄방동 남선공원 명성디자인기획,36.347244,127.397577,서구,탄방동,대전광역시 서구 탄방동 1152,608,0.9408,11201,True,ACTIVE
ST0210,2024-08-01,2026-03-31,569,5621,5524,봉명동 원골네거리(진터네거리 방면),36.344587,127.340525,유성구,봉명동,대전광역시 유성구 봉명동 1056-1,608,0.9359,11145,True,ACTIVE
ST0105,2024-08-01,2026-03-31,569,5539,5570,갈마동 메가커피,36.351279,127.368322,서구,갈마동,대전광역시 서구 갈마동 307-16,608,0.9359,11109,True,ACTIVE
ST1053,2024-08-01,2026-03-31,575,5567,5532,홍도동 용전네거리 하나은행,36.347196,127.431319,동구,홍도동,대전광역시 동구 홍도동 9-6,608,0.9457,11099,True,ACTIVE
ST0043,2024-08-01,2026-03-31,568,5556,5537,대흥동 중구청(중구청역 1번출구),36.32552,127.420748,중구,대흥동,대전광역시 중구 대흥동 499-1,608,0.9342,11093,True,ACTIVE
ST0891,2024-08-01,2026-03-31,575,5529,5543,죽동천년나무아파트 505동,36.371253,127.335218,유성구,죽동,대전광역시 유성구 죽동 712,608,0.9457,11072,True,ACTIVE
ST0962,2024-08-01,2026-03-31,561,5528,5511,선화동 중구국민체육센터,36.329866,127.417142,중구,선화동,대전광역시 중구 선화동 186-14,608,0.9227,11039,True,ACTIVE
ST0910,2024-08-01,2026-04-01,579,5512,5525,지족동 열매마을 2단지(201동),36.380472,127.319311,유성구,지족동,대전광역시 유성구 지족동 873,609,0.9507,11037,True,ACTIVE
ST0729,2024-08-01,2026-03-31,570,5497,5522,석봉동 금강로하스엘크루아파트 104동,36.452986,127.423797,대덕구,석봉동,대전광역시 대덕구 석봉동 771,608,0.9375,11019,True,ACTIVE
ST0738,2024-08-01,2026-03-31,576,5499,5511,갈마동 서부농협하나로마트,36.354004,127.367723,서구,갈마동,대전광역시 서구 갈마동 261-15,608,0.9474,11010,True,ACTIVE
ST0960,2024-08-01,2026-03-31,569,5485,5521,선화동 대전측기사,36.325599,127.420049,중구,선화동,대전광역시 중구 선화동 383,608,0.9359,11006,True,ACTIVE
ST0798,2024-08-01,2026-03-31,572,5505,5489,관저동 느리울마을12단지주공아파트 서측 입구,36.298059,127.340837,서구,관저동,대전광역시 서구 관저동 1402,608,0.9408,10994,True,ACTIVE
ST0264,2024-08-01,2026-03-31,565,5530,5438,관저2동 행정복지센터,36.299263,127.335067,서구,관저동,대전광역시 서구 관저동 1104,608,0.9293,10968,True,ACTIVE
ST0470,2024-08-01,2026-03-31,562,5442,5475,석봉동 신탄진초등학교 뒤편,36.449555,127.421339,대덕구,석봉동,대전광역시 대덕구 석봉동 308-7,608,0.9243,10917,True,ACTIVE
ST0508,2024-08-01,2026-03-31,572,5457,5458,문화동 삼익아파트 건너편(3동),36.319427,127.406166,중구,문화동,대전광역시 중구 문화동 311-12,608,0.9408,10915,True,ACTIVE
ST0615,2024-08-01,2026-03-31,569,5451,5461,용운동 용운종합사회복지관 맞은편,36.32791,127.454363,동구,용운동,대전광역시 동구 용운동 459,608,0.9359,10912,True,ACTIVE
ST0644,2024-08-01,2026-03-31,580,5428,5477,삼성동 한밭자이아파트 정문 건너편,36.341018,127.425788,동구,삼성동,대전광역시 동구 삼성동 304-12,608,0.9539,10905,True,ACTIVE
ST0378,2024-08-01,2026-03-31,572,5430,5447,지족동 열매마을 4단지 408동 정문 앞,36.378368,127.316853,유성구,지족동,대전광역시 유성구 지족동 858,608,0.9408,10877,True,ACTIVE
ST1262,2024-08-01,2026-03-31,574,5422,5445,대동 펜타뷰 상가동 앞,36.326349,127.446369,동구,대동,대전광역시 동구 대동 535,608,0.9441,10867,True,ACTIVE
ST0675,2024-08-01,2026-03-31,570,5436,5398,판암동 신흥역2번출구,36.319737,127.447964,동구,판암동,대전광역시 동구 판암동 609-7,608,0.9375,10834,True,ACTIVE
ST0391,2024-08-01,2026-03-31,569,5417,5399,둔산동 현대자동차블루핸즈 둔산동부점,36.345914,127.381544,서구,둔산동,대전광역시 서구 둔산동 1241,608,0.9359,10816,True,ACTIVE
ST1434,2025-09-08,2026-03-31,177,5404,5406,구성동 카이스트 오리연못,36.367168,127.362497,유성구,구성동,대전광역시 유성구 구성동 23,205,0.8634,10810,True,ACTIVE
ST0258,2024-08-01,2026-03-31,564,5359,5352,관저동 하이존 상가,36.299156,127.340093,서구,관저동,대전광역시 서구 관저동 1458,608,0.9276,10711,True,ACTIVE
ST1179,2024-08-01,2026-03-31,563,5359,5350,탄방동 대전고용복지플러스센터,36.346615,127.385463,서구,탄방동,대전광역시 서구 탄방동 1447-1,608,0.926,10709,True,ACTIVE
ST0179,2024-08-01,2026-03-31,569,5439,5250,하기동 한국침례신학대학교 입구,36.387013,127.324609,유성구,하기동,대전광역시 유성구 하기동 534-3,608,0.9359,10689,True,ACTIVE
ST1315,2024-08-23,2026-03-31,530,5334,5344,삼성동 한밭중네거리(북부교 방면)  ,36.337021,127.426846,동구,삼성동,대전광역시 동구 삼성동 457,586,0.9044,10678,True,ACTIVE
ST1154,2024-08-01,2026-03-31,571,5331,5341,신탄진동 동일스위트 1단지(101동),36.45258,127.43295,대덕구,신탄진동,대전광역시 대덕구 신탄진동 734,608,0.9391,10672,True,ACTIVE
ST0904,2024-08-01,2026-03-31,574,5326,5333,지족동 열매마을 7단지(708동),36.373125,127.322829,유성구,지족동,대전광역시 유성구 지족동 919,608,0.9441,10659,True,ACTIVE
ST0586,2024-08-01,2026-03-31,570,5341,5316,가오동 담가화로구이,36.305386,127.454794,동구,가오동,대전광역시 동구 가오동 663,608,0.9375,10657,True,ACTIVE
ST0744,2024-08-01,2026-03-31,575,5311,5343,봉산동 봉산휴먼시아2단지아파트 입구 건너편,36.438054,127.386075,유성구,봉산동,대전광역시 유성구 봉산동 197-1,608,0.9457,10654,True,ACTIVE
ST1314,2024-08-26,2026-04-01,500,5326,5317,자양동 행정복지센터,36.335643,127.448685,동구,자양동,대전광역시 동구 자양동 60-1,584,0.8562,10643,True,ACTIVE
ST0501,2024-08-01,2026-03-31,568,5301,5331,사정동 성산마을110동(김밥친구),36.295702,127.383293,중구,사정동,대전광역시 중구 사정동 487,608,0.9342,10632,True,ACTIVE
ST1433,2025-08-08,2026-03-31,213,5273,5316,문화동 중구보건소,36.307811,127.395201,중구,문화동,대전광역시 중구 문화동 785,236,0.9025,10589,True,ACTIVE
ST0430,2024-08-01,2025-07-15,344,5250,5287,둔산동 국화한신아파트 건너편(메가커피),36.351103,127.397032,서구,둔산동,둔산동 1818,349,0.9857,10537,False,CLOSED
ST0681,2024-08-01,2026-03-31,572,5257,5272,선화동 대전상호저축은행,36.330542,127.423302,중구,선화동,대전광역시 중구 선화동 12-3,608,0.9408,10529,True,ACTIVE
ST1072,2024-08-01,2026-03-31,575,5232,5258,성남동 성남네거리,36.340978,127.435583,동구,성남동,대전광역시 동구 성남동 50-3,608,0.9457,10490,True,ACTIVE
ST0956,2024-08-01,2026-03-31,568,5216,5227,평촌동 행복한마을 신일유토빌(102동),36.438497,127.423392,대덕구,평촌동,대전광역시 대덕구 평촌동 540-4,608,0.9342,10443,True,ACTIVE
ST0515,2024-08-01,2026-03-31,569,5217,5216,문화동 하우스토리 2차,36.320105,127.414037,중구,문화동,대전광역시 중구 문화동 1-31,608,0.9359,10433,True,ACTIVE
ST1332,2024-11-27,2026-03-31,410,5208,5214,인동 한국전기안전공사,36.323367,127.435182,동구,인동,대전광역시 동구 인동 28-2,490,0.8367,10422,True,ACTIVE
ST0623,2024-08-01,2026-03-31,568,5199,5184,가양동 우송대 서문 건너편,36.338902,127.445039,동구,가양동,대전광역시 동구 가양동 308-9,608,0.9342,10383,True,ACTIVE
ST0602,2024-08-01,2026-03-31,567,5172,5203,신인동 대전동부경찰서 건너편,36.322629,127.441471,동구,신인동,대전광역시 동구 신인동 147-29,608,0.9326,10375,True,ACTIVE
ST0243,2024-08-01,2026-03-31,568,5173,5172,가수원동 가수원네거리(계룡아파트 방면),36.304645,127.352278,서구,가수원동,대전광역시 서구 가수원동 763-1,608,0.9342,10345,True,ACTIVE
ST0148,2024-08-01,2026-03-31,576,5155,5154,송강동 송강근린공원 청솔한양아파트 206동 건너편,36.435157,127.383983,유성구,송강동,대전광역시 유성구 송강동 9,608,0.9474,10309,True,ACTIVE
ST1163,2024-08-01,2026-03-31,567,5143,5166,가오동 주공아파트(105동),36.306631,127.453356,동구,가오동,대전광역시 동구 가오동 207-1,608,0.9326,10309,True,ACTIVE
ST1350,2024-11-24,2026-03-31,458,5132,5155,관평동 한신에스메카 정류장(관평중학교방면),36.428531,127.391369,유성구,관평동,대전광역시 유성구 관평동 1361,493,0.929,10287,True,ACTIVE
ST0674,2024-08-01,2026-03-31,563,5130,5138,가양동 동구국민체육센터 건너편,36.339091,127.438947,동구,가양동,대전광역시 동구 가양동 588-8,608,0.926,10268,True,ACTIVE
ST0639,2024-08-01,2026-03-31,567,5104,5109,원동네거리 요양병원,36.32646,127.435608,동구,인동,대전광역시 동구 인동 6-1,608,0.9326,10213,True,ACTIVE
ST0233,2024-08-01,2026-04-01,572,5107,5093,원신흥동 도안 11단지 천년나무 건너편(1106동),36.339173,127.34829,유성구,원신흥동,대전광역시 유성구 원신흥동 515-1,609,0.9392,10200,True,ACTIVE
ST0265,2024-08-01,2026-03-31,568,5097,5099,"관저동 신선마을 정류장(213동, 33450)",36.300288,127.334645,서구,관저동,대전광역시 서구 관저동 1130,608,0.9342,10196,True,ACTIVE
ST0714,2024-08-01,2026-03-31,571,5085,5111,갈마동 갈마중학교입구(상수도사업본부 방면)정류장,36.349516,127.36808,서구,갈마동,대전광역시 서구 갈마동 337-6,608,0.9391,10196,True,ACTIVE
ST0303,2024-08-01,2026-03-31,576,5053,5097,법동 대전지방국세청 서측,36.372022,127.426834,대덕구,법동,대전광역시 대덕구 법동 282-1,608,0.9474,10150,True,ACTIVE
ST0331,2024-08-01,2026-04-01,570,5061,5061,노은동 월드컵경기장역 3번출구,36.367194,127.317463,유성구,노은동,대전광역시 유성구 노은동 517-3,609,0.936,10122,True,ACTIVE
ST1321,2024-10-19,2026-03-31,428,5038,5079,천동 리더스시티 4BL,36.317095,127.444631,동구,천동,대전광역시 동구 천동 186-19,529,0.8091,10117,True,ACTIVE
ST0055,2024-08-01,2026-03-31,570,5085,4962,대동 대동역 4번출구,36.329639,127.442332,동구,대동,대전광역시 동구 대동 160-1,608,0.9375,10047,True,ACTIVE
ST0582,2024-08-01,2026-03-31,568,5013,5024,가오동 신한은행,36.306366,127.457102,동구,가오동,대전광역시 동구 가오동 644,608,0.9342,10037,True,ACTIVE
ST0881,2024-08-01,2026-03-31,566,5011,4997,도마동삼거리 정류장,36.311071,127.376012,서구,도마동,대전광역시 서구 도마동 188-17,608,0.9309,10008,True,ACTIVE
ST0162,2024-08-01,2026-03-31,574,5050,4953,반석동 반석역 6번출구,36.392286,127.314927,유성구,반석동,대전광역시 유성구 반석동 61-22,608,0.9441,10003,True,ACTIVE
ST1269,2024-08-01,2026-03-31,577,4991,4994,관평동 한화꿈에그린 1016동 앞,36.420833,127.393783,유성구,관평동,대전광역시 유성구 관평동 1280,608,0.949,9985,True,ACTIVE
ST0353,2024-08-01,2026-03-31,564,4908,4943,대흥동 중구청 정문,36.325455,127.422024,중구,대흥동,대전광역시 중구 대흥동 499-1,608,0.9276,9851,True,ACTIVE
ST0168,2024-08-01,2026-03-31,586,5436,4415,지족동 노은3동 행정복지센터(201),36.386797,127.308308,유성구,지족동,대전광역시 유성구 지족동 1024-2,608,0.9638,9851,True,ACTIVE
ST1073,2024-08-01,2026-03-31,571,4942,4876,대흥동 대흥네거리,36.3236,127.42867,중구,대흥동,대전광역시 중구 대흥동 630,608,0.9391,9818,True,ACTIVE
ST1363,2024-11-26,2026-03-31,390,4902,4895,둔산동 정부청사역 2번출구,36.357439,127.380666,서구,둔산동,대전광역시 서구 둔산동 1375,491,0.7943,9797,False,ACTIVE
ST0354,2024-08-01,2026-03-31,571,4872,4871,대흥동 대전성모병원 교수회관,36.32365,127.419397,중구,대흥동,대전광역시 중구 대흥동 524-1,608,0.9391,9743,True,ACTIVE
ST1247,2024-08-01,2026-03-31,565,4849,4882,관평동 대덕테크노밸리6단지 네오미아아파트 608동앞,36.420443,127.39095,유성구,관평동,대전광역시 유성구 관평동 672,608,0.9293,9731,True,ACTIVE
ST0139,2024-08-01,2026-03-31,584,5046,4653,죽동 유성구청소년수련관,36.380623,127.323343,유성구,죽동,대전광역시 유성구 죽동 601-1,608,0.9605,9699,True,ACTIVE
ST0938,2024-08-01,2026-03-31,569,4856,4837,송강동 그린아파트(318동),36.430354,127.383071,유성구,송강동,대전광역시 유성구 송강동 199,608,0.9359,9693,True,ACTIVE
ST0821,2024-08-01,2026-03-31,571,4802,4867,정림동 늘푸른아파트 102동,36.301889,127.366203,서구,정림동,대전광역시 서구 정림동 641-1,608,0.9391,9669,True,ACTIVE
ST1278,2024-08-01,2026-03-31,561,4826,4829,부사동 코사마트 건너편,36.314549,127.428032,중구,부사동,대전광역시 중구 부사동 211-2,608,0.9227,9655,True,ACTIVE
ST0038,2024-08-01,2026-03-31,572,4827,4790,문화동 서대전공원 야외공연장 뒤편,36.320465,127.41068,중구,문화동,대전광역시 중구 문화동 1-39,608,0.9408,9617,True,ACTIVE
ST0071,2024-08-01,2026-03-31,572,4886,4723,용전동 천주교회,36.349346,127.432342,동구,용전동,대전광역시 동구 용전동 144-1,608,0.9408,9609,True,ACTIVE
ST0437,2024-08-01,2026-03-31,558,4806,4801,둔산동 대전가정법원 입구,36.352751,127.386565,서구,둔산동,대전광역시 서구 둔산동 1474,608,0.9178,9607,True,ACTIVE
ST0292,2024-08-01,2026-03-31,588,4924,4680,법동 e편한세상 상가,36.366742,127.426153,대덕구,법동,대전광역시 대덕구 법동 284-10,608,0.9671,9604,True,ACTIVE
ST0120,2024-08-01,2026-04-01,569,4798,4779,오류동 주류공동판매장 집배송센타,36.330252,127.401553,중구,오류동,대전광역시 중구 오류동 190-3,609,0.9343,9577,True,ACTIVE
ST0358,2024-08-01,2026-03-31,573,4804,4744,선화동 현대아파트(102동),36.332763,127.418845,중구,선화동,대전광역시 중구 선화동 151-1,608,0.9424,9548,True,ACTIVE
ST0332,2024-08-01,2026-03-31,571,4800,4707,노은1동 행정복지센터,36.368054,127.318101,유성구,노은동,대전광역시 유성구 노은동 546,608,0.9391,9507,True,ACTIVE
ST0786,2024-08-01,2026-03-31,567,4721,4738,도안동 호반베르디움 101동,36.311851,127.346831,서구,도안동,대전광역시 서구 도안동 1373,608,0.9326,9459,True,ACTIVE
ST0791,2024-08-01,2026-03-31,566,4722,4729,가수원동 용소수변공원,36.31164,127.352399,서구,가수원동,대전광역시 서구 가수원동 1804,608,0.9309,9451,True,ACTIVE
ST1384,2024-12-05,2026-03-31,424,4735,4708,부사동 부사 119안전센터,36.315354,127.433804,중구,부사동,대전광역시 중구 부사동 126-12,482,0.8797,9443,True,ACTIVE
ST0330,2024-08-01,2026-03-31,572,4783,4606,죽동 충남대학교 서문 건너편(궁동교 방면) 정류장,36.370704,127.340116,유성구,죽동,대전광역시 유성구 죽동 725-7,608,0.9408,9389,True,ACTIVE
ST0204,2024-08-01,2026-03-31,565,4689,4688,봉명동 도안 1단지 휴먼시아(101동),36.351894,127.343572,유성구,봉명동,대전광역시 유성구 봉명동 1025-1,608,0.9293,9377,True,ACTIVE
ST0147,2024-08-01,2026-03-31,568,4724,4640,송강동 송강체육관,36.431516,127.387258,유성구,송강동,대전광역시 유성구 송강동 200-2,608,0.9342,9364,True,ACTIVE
ST1287,2024-08-01,2026-03-31,568,4658,4672,갈마2동 행정복지센터 맞은편,36.346559,127.375404,서구,갈마동,대전광역시 서구 갈마동 1458,608,0.9342,9330,True,ACTIVE
ST0493,2024-08-01,2026-03-31,566,4648,4662,산성동 한밭가든아파트 입구,36.304591,127.384397,중구,산성동,대전광역시 중구 산성동 119-1,608,0.9309,9310,True,ACTIVE
ST0092,2024-08-01,2026-03-31,568,4676,4618,탄방동 한가람아파트 정류장(9동),36.348879,127.391961,서구,탄방동,대전광역시 서구 탄방동 834,608,0.9342,9294,True,ACTIVE
ST0527,2024-08-01,2026-03-31,572,4622,4645,태평중학교 버스정류장,36.329639,127.396745,중구,태평동,대전광역시 중구 태평동 343-3,608,0.9408,9267,True,ACTIVE
ST1372,2024-11-25,2026-03-31,438,4626,4639,문화동 계룡문화아파트,36.313633,127.40475,중구,문화동,대전광역시 중구 문화동 418-10,492,0.8902,9265,True,ACTIVE
ST0240,2024-08-01,2026-03-31,569,4624,4631,도안동 17단지 계룡리슈빌(1701동),36.313916,127.345964,서구,도안동,대전광역시 서구 도안동 1371,608,0.9359,9255,True,ACTIVE
ST1173,2024-08-01,2026-03-31,570,4632,4622,가수원 은아아파트 5단지,36.298957,127.35609,서구,가수원동,대전광역시 서구 가수원동 820-3,608,0.9375,9254,True,ACTIVE
ST0923,2024-08-01,2026-03-31,569,4601,4617,목동 목양마을 버스정류장(117동),36.335659,127.403532,중구,목동,대전광역시 중구 목동 68-2,608,0.9359,9218,True,ACTIVE
ST0712,2024-08-01,2026-03-31,567,4609,4598,월평동 패션월드,36.351202,127.351709,서구,월평동,대전광역시 서구 월평동 1498,608,0.9326,9207,True,ACTIVE
ST0174,2024-08-01,2026-03-31,568,4609,4578,지족동 지족역 2번출구,36.383603,127.319711,유성구,지족동,대전광역시 유성구 지족동 933,608,0.9342,9187,True,ACTIVE
ST0642,2024-08-01,2026-03-31,566,4593,4593,정동 하나은행 건너편,36.334298,127.431441,동구,정동,대전광역시 동구 정동 2-1,608,0.9309,9186,True,ACTIVE
ST0959,2024-08-01,2026-03-31,571,4584,4587,선화동 라온힐,36.328919,127.418494,중구,선화동,대전광역시 중구 선화동 360-5,608,0.9391,9171,True,ACTIVE
ST1422,2025-01-21,2026-03-31,321,4579,4585,전민동 청구나래아파트(101동),36.401061,127.404744,유성구,전민동,대전광역시 유성구 전민동 462-4,435,0.7379,9164,True,ACTIVE
ST0713,2024-08-01,2026-03-31,569,4561,4570,갈마동 갈마지구대,36.352519,127.368467,서구,갈마동,대전광역시 서구 갈마동 293-12,608,0.9359,9131,True,ACTIVE
ST0277,2024-08-01,2026-03-31,567,4729,4391,관저동 건양대네거리,36.302415,127.33957,서구,관저동,대전광역시 서구 관저동 1002,608,0.9326,9120,True,ACTIVE
ST0736,2024-08-01,2026-03-31,574,4524,4562,괴정동 KT인재개발원(갈마동 방면) 정류장,36.338834,127.375721,서구,괴정동,대전광역시 서구 괴정동 129-27,608,0.9441,9086,True,ACTIVE
ST0828,2024-08-01,2026-03-31,361,4476,4576,오정동 노촌어린이공원,36.352491,127.408663,대덕구,오정동,오정동 311-6,608,0.5938,9052,True,ACTIVE
ST1127,2024-08-01,2026-04-01,572,4494,4526,내동 괴정네거리(봉주르돈까스),36.335078,127.379831,서구,내동,대전광역시 서구 내동 205,609,0.9392,9020,True,ACTIVE
ST1088,2024-08-01,2026-03-31,572,4496,4524,오정동 한남오거리 새마을금고,36.348024,127.416453,대덕구,오정동,대전광역시 대덕구 오정동 449-8,608,0.9408,9020,True,ACTIVE
ST0885,2024-08-01,2026-03-31,523,4495,4523,문지동 GS칼텍스 기술연구소,36.389051,127.404877,유성구,문지동,대전광역시 유성구 문지동 104-4,608,0.8602,9018,True,ACTIVE
ST1013,2024-08-01,2026-03-31,568,4499,4512,법동 영진로얄아파트 입구,36.37412,127.426557,대덕구,법동,대전광역시 대덕구 법동 344-16,608,0.9342,9011,True,ACTIVE
ST1375,2024-12-10,2026-03-31,397,4492,4512,산성동 781,36.305622,127.389846,중구,산성동,대전광역시 중구 산성동 781,477,0.8323,9004,True,ACTIVE
ST0512,2024-08-01,2026-03-31,573,4491,4506,용두동 서대전네거리역 5번출구,36.322967,127.41213,중구,용두동,대전광역시 중구 용두동 155,608,0.9424,8997,True,ACTIVE
ST1126,2024-08-01,2026-03-31,570,4473,4496,사정동 우남스타원아파트 버스정류장,36.293805,127.383187,중구,사정동,대전광역시 중구 사정동 517,608,0.9375,8969,True,ACTIVE
ST1383,2024-11-21,2026-03-31,451,4460,4479,용두동 미르마을아파트 115동,36.324832,127.412955,중구,용두동,대전광역시 중구 용두동 39-235,496,0.9093,8939,True,ACTIVE
ST1289,2024-08-01,2026-03-31,573,4466,4472,원신흥동 569-1,36.334958,127.335917,유성구,원신흥동,대전광역시 유성구 원신흥동 569-1,608,0.9424,8938,True,ACTIVE
ST0253,2024-08-01,2026-03-31,577,4462,4464,관저동 관저예미지명가의풍경아파트 114동,36.296027,127.334556,서구,관저동,대전광역시 서구 관저동 1574,608,0.949,8926,True,ACTIVE
ST1168,2024-08-01,2026-03-31,560,4454,4457,관저동 금동초등학교,36.29716,127.326155,서구,관저동,대전광역시 서구 관저동 1160,608,0.9211,8911,True,ACTIVE
ST0690,2024-08-01,2026-04-01,560,4468,4443,탄방역 1번출구,36.345282,127.384469,서구,탄방동,대전광역시 서구 탄방동 652,609,0.9195,8911,True,ACTIVE
ST0554,2024-08-01,2026-03-31,571,4434,4448,문창동 행정복지센터 건너편(경로당 쪽),36.316141,127.43769,중구,문창동,대전광역시 중구 문창동 116-15,608,0.9391,8882,True,ACTIVE
ST0231,2024-08-01,2026-03-31,576,4427,4443,원신흥동 도안 11단지 천년나무 입구(남측),36.338936,127.345808,유성구,원신흥동,대전광역시 유성구 원신흥동 513-1,608,0.9474,8870,True,ACTIVE
ST0583,2024-08-01,2026-03-31,563,4420,4448,가오동 KB국민은행 가오동지점,36.30713,127.456281,동구,가오동,대전광역시 동구 가오동 604,608,0.926,8868,True,ACTIVE
ST1353,2024-12-04,2026-03-31,433,4446,4420,문지동 카이스트 문지캠퍼스,36.390159,127.399178,유성구,문지동,대전광역시 유성구 문지동 103-6,483,0.8965,8866,True,ACTIVE
ST0254,2024-08-01,2026-03-31,568,4561,4277,관저동 마치광장 해뜰마을어린이도서관,36.29797,127.338627,서구,관저동,대전광역시 서구 관저동 1516,608,0.9342,8838,True,ACTIVE
ST0387,2024-08-01,2026-03-31,562,4434,4390,둔산동 대전광역시의회 서편,36.349892,127.383207,서구,둔산동,대전광역시 서구 둔산동 1420,608,0.9243,8824,True,ACTIVE
ST0912,2024-08-01,2026-03-31,573,4407,4415,송강동 송강청솔아파트 상가,36.436395,127.383657,유성구,송강동,대전광역시 유성구 송강동 8-2,608,0.9424,8822,True,ACTIVE
ST0529,2024-08-01,2026-03-31,578,4393,4408,태평동 어린이공원,36.328695,127.393671,중구,태평동,대전광역시 중구 태평동 368,608,0.9507,8801,True,ACTIVE
ST0424,2024-08-01,2026-03-31,558,4407,4358,선화동 대전평생교육진흥원 본관,36.327708,127.419157,중구,선화동,대전광역시 중구 선화동 287-2,608,0.9178,8765,True,ACTIVE
ST1397,2024-12-02,2026-03-31,441,4382,4382,석봉동 신탄진시장 정류장 (금강액슬루타워 방면),36.450467,127.424537,대덕구,석봉동,대전광역시 대덕구 석봉동 766,485,0.9093,8764,True,ACTIVE
ST0934,2024-08-01,2026-03-31,562,4354,4386,대동 이스트시티(102동),36.327454,127.440227,동구,대동,대전광역시 동구 대동 541,608,0.9243,8740,True,ACTIVE
ST0232,2024-08-01,2026-03-31,564,4367,4368,원신흥동 도안 11단지 천년나무(1106동),36.339661,127.348084,유성구,원신흥동,대전광역시 유성구 원신흥동 513-6,608,0.9276,8735,True,ACTIVE
ST0223,2024-08-01,2026-03-31,566,4361,4362,원신흥동 도안 12단지 어울림하트(1204동),36.332424,127.344083,유성구,원신흥동,대전광역시 유성구 원신흥동 528-3,608,0.9309,8723,True,ACTIVE
ST0244,2024-08-01,2026-03-31,573,4362,4349,가수원동 은아아파트 3단지 육교밑(302동),36.304321,127.351054,서구,가수원동,대전광역시 서구 가수원동 762,608,0.9424,8711,True,ACTIVE
ST0718,2024-08-01,2026-03-31,570,4347,4351,갈마동 서구보훈회관 공원,36.348589,127.368438,서구,갈마동,대전광역시 서구 갈마동 393-1,608,0.9375,8698,True,ACTIVE
ST0216,2024-08-01,2026-03-31,584,4639,4059,상대동 도안 9단지 트리풀시티(920동),36.342818,127.337782,유성구,상대동,대전광역시 유성구 상대동 487,608,0.9605,8698,True,ACTIVE
ST0890,2024-08-01,2026-03-31,553,4349,4345,죽동 군량들어린이공원 입구,36.369687,127.334562,유성구,죽동,대전광역시 유성구 죽동 690,608,0.9095,8694,True,ACTIVE
ST0503,2024-08-01,2026-03-31,561,4326,4337,산성동 산성주민복지관,36.304326,127.383535,중구,산성동,대전광역시 중구 산성동 120-4,608,0.9227,8663,True,ACTIVE
ST0804,2024-08-01,2026-03-31,563,4321,4328,관저동 다온숲3단지아파트 312동 건너편,36.293727,127.340468,서구,관저동,대전광역시 서구 관저동 1594,608,0.926,8649,True,ACTIVE
ST0040,2024-08-01,2026-04-01,571,4304,4320,산성동 머티네거리,36.309219,127.388027,중구,산성동,대전광역시 중구 산성동 160-9,609,0.9376,8624,True,ACTIVE
ST0523,2024-08-01,2025-04-17,256,4309,4313,태평동 푸른뫼아파트 버스정류장(곰바우식당),36.328537,127.398862,중구,태평동,태평동 339-31,260,0.9846,8622,False,CLOSED
ST0116,2024-08-01,2026-03-31,571,4361,4233,탄방동 도산서원(용문네거리 방면) 정류장,36.343697,127.400053,서구,탄방동,대전광역시 서구 탄방동 1483-11,608,0.9391,8594,True,ACTIVE
ST0032,2024-08-01,2026-03-31,569,4378,4206,관저동 관저더샵(109동),36.293563,127.32834,서구,관저동,대전광역시 서구 관저동 1985,608,0.9359,8584,True,ACTIVE
ST1108,2024-08-01,2026-03-31,561,4259,4277,가오동 홈플러스,36.307057,127.457308,동구,가오동,대전광역시 동구 가오동 557,608,0.9227,8536,True,ACTIVE
ST0186,2024-08-01,2026-03-31,560,4283,4251,장동 한국에너지기술연구원 입구,36.384857,127.359816,유성구,장동,대전광역시 유성구 장동 71-2,608,0.9211,8534,True,ACTIVE
ST0819,2024-08-01,2026-03-31,556,4256,4239,관저동 원앙4단지아파트 406동,36.303253,127.340515,서구,관저동,대전광역시 서구 관저동 999,608,0.9145,8495,True,ACTIVE
ST0471,2024-08-01,2026-03-31,568,4207,4283,석봉동 석봉어린이공원,36.449405,127.427514,대덕구,석봉동,대전광역시 대덕구 석봉동 718-2,608,0.9342,8490,True,ACTIVE
ST0911,2024-08-01,2026-03-31,566,4249,4231,죽동 유성경찰서 민원실앞,36.37857,127.3258,유성구,죽동,대전광역시 유성구 죽동 629,608,0.9309,8480,True,ACTIVE
ST0034,2024-08-01,2026-03-31,554,4247,4232,안영동 농협하나로마트,36.288285,127.379374,중구,안영동,대전광역시 중구 안영동 703,608,0.9112,8479,True,ACTIVE
ST0908,2024-08-01,2026-03-31,567,4226,4240,지족동 열매마을 6단지 입구,36.376108,127.321417,유성구,지족동,대전광역시 유성구 지족동 880,608,0.9326,8466,True,ACTIVE
ST0417,2024-08-01,2026-03-31,573,4280,4166,원신흥동 도로교통공단(건너편 라도무스),36.33258,127.333181,유성구,원신흥동,대전광역시 유성구 원신흥동 578-6,608,0.9424,8446,True,ACTIVE
ST0871,2024-08-01,2026-03-31,575,4223,4175,변동 필통수입차부품 정류장,36.327925,127.38572,서구,변동,대전광역시 서구 변동 5-5,608,0.9457,8398,True,ACTIVE
ST0793,2024-08-01,2026-03-31,567,4209,4176,가수원동 은아아파트 302동,36.304175,127.350162,서구,가수원동,대전광역시 서구 가수원동 762,608,0.9326,8385,True,ACTIVE
ST0230,2024-08-01,2026-03-31,572,4197,4178,원신흥동 도안 11단지 천년나무 입구(북측),36.341652,127.345658,유성구,원신흥동,대전광역시 유성구 원신흥동 512,608,0.9408,8375,True,ACTIVE
ST0662,2024-08-01,2026-03-31,571,4182,4190,용전동 용전노인정,36.351448,127.433624,동구,용전동,대전광역시 동구 용전동 132-3,608,0.9391,8372,True,ACTIVE
ST0745,2024-08-01,2026-04-01,569,4170,4175,봉산동 봉산LH3단지아파트 입구,36.438787,127.387076,유성구,봉산동,대전광역시 유성구 봉산동 303-3,609,0.9343,8345,True,ACTIVE
ST0949,2024-08-01,2026-03-31,556,4154,4190,문평동 옥봉 신탄진물류센터,36.448073,127.4006,대덕구,문평동,대전광역시 대덕구 문평동 93,608,0.9145,8344,True,ACTIVE
ST0776,2024-08-01,2026-04-01,555,4158,4171,도안동 어울림하트아파트 1209동,36.334378,127.340329,서구,도안동,대전광역시 서구 도안동 552-8,609,0.9113,8329,True,ACTIVE
ST1313,2024-08-20,2026-03-31,537,4144,4157,신흥동 어진마을아파트 정류장,36.320886,127.443819,동구,신흥동,대전광역시 동구 신흥동 41-18,589,0.9117,8301,True,ACTIVE
ST0227,2024-08-01,2026-04-01,559,4168,4123,도안동 목원대학교 정문우측(롯데리아),36.330394,127.338415,서구,도안동,대전광역시 서구 도안동 844,609,0.9179,8291,True,ACTIVE
ST0996,2024-08-01,2026-03-31,568,4171,4119,대성동 은어송마을 2단지 입구,36.30349,127.457388,동구,대성동,대전광역시 동구 대성동 130-1,608,0.9342,8290,True,ACTIVE
ST0286,2024-08-01,2026-03-31,567,4139,4123,정림동 늘푸른아파트 건너편(102동),36.301564,127.366558,서구,정림동,대전광역시 서구 정림동 668,608,0.9326,8262,True,ACTIVE
ST0078,2024-08-01,2026-03-31,568,4104,4134,삼성동 솔랑마을 아파트 상가,36.342778,127.42359,동구,삼성동,대전광역시 동구 삼성동 369-1,608,0.9342,8238,True,ACTIVE
ST0368,2024-08-01,2026-03-31,508,4101,4093,궁동 충남대학교 인문대학,36.368768,127.341742,유성구,궁동,대전광역시 유성구 궁동 220,608,0.8355,8194,True,ACTIVE
ST0809,2024-08-01,2026-03-31,556,4087,4076,관저동 건양대병원네거리 느리울마을11단지 110동 건너편,36.300119,127.340247,서구,관저동,대전광역시 서구 관저동 1316,608,0.9145,8163,True,ACTIVE
ST0486,2024-08-01,2026-03-31,575,4063,4076,장대동 공영주차장,36.359612,127.331944,유성구,장대동,대전광역시 유성구 장대동 263-4,608,0.9457,8139,True,ACTIVE
ST1117,2024-08-01,2026-03-31,558,4061,4070,관저동 대자연마을 101동,36.304785,127.338944,서구,관저동,대전광역시 서구 관저동 997,608,0.9178,8131,True,ACTIVE
ST1165,2024-08-01,2026-03-31,572,4081,4048,죽동 한국타이어앞 CU,36.376312,127.338052,유성구,죽동,대전광역시 유성구 죽동 712-1,608,0.9408,8129,True,ACTIVE
ST0584,2024-08-01,2026-03-31,546,4052,4054,가오동 은어송네거리 국민은행 건너편,36.307283,127.456628,동구,가오동,대전광역시 동구 가오동 549,608,0.898,8106,True,ACTIVE
ST0155,2024-08-01,2026-03-31,569,4151,3897,반석동 외삼네거리 603동,36.395288,127.309988,유성구,반석동,대전광역시 유성구 반석동 613,608,0.9359,8048,True,ACTIVE
ST0752,2024-08-01,2026-03-31,563,4032,4012,반석동 반석더샵 입구 건너편,36.39008,127.305113,유성구,반석동,대전광역시 유성구 반석동 335-5,608,0.926,8044,True,ACTIVE
ST0066,2024-08-01,2026-03-31,561,4022,4007,삼성동 삼성네거리(KT&G 동대전지사),36.336373,127.430173,동구,삼성동,대전광역시 동구 삼성동 112-1,608,0.9227,8029,True,ACTIVE
ST0488,2024-08-01,2026-03-31,567,4003,4011,장대동 장대경로당,36.358896,127.335469,유성구,장대동,대전광역시 유성구 장대동 279-4,608,0.9326,8014,True,ACTIVE
ST1366,2024-11-25,2026-03-31,445,3988,4023,태평동 삼부아파트 2단지 27동,36.32496,127.389698,중구,태평동,대전광역시 중구 태평동 407,492,0.9045,8011,True,ACTIVE
ST0721,2024-08-01,2026-03-31,565,3992,4018,덕암동 대청새마을금고 새뜸지점,36.448075,127.419894,대덕구,덕암동,대전광역시 대덕구 덕암동 1-3,608,0.9293,8010,True,ACTIVE
ST0418,2024-08-01,2026-04-01,571,4120,3851,용계동 목원대학교 입구,36.331655,127.337968,유성구,용계동,대전광역시 유성구 용계동 664-9,609,0.9376,7971,True,ACTIVE
ST1396,2024-11-26,2026-03-31,417,3961,3979,신탄진동 다가온 청년주택 앞,36.451714,127.428891,대덕구,신탄진동,대전광역시 대덕구 신탄진동 120-51,491,0.8493,7940,True,ACTIVE
ST0701,2024-08-01,2026-03-31,560,3958,3982,구암동 왕가교,36.358792,127.307842,유성구,구암동,대전광역시 유성구 구암동 671-5,608,0.9211,7940,True,ACTIVE
ST1214,2024-08-01,2026-03-31,564,3993,3885,용산동 호반써밋(3단지)후문,36.4145,127.393712,유성구,용산동,대전광역시 유성구 용산동 400,608,0.9276,7878,True,ACTIVE
ST1374,2024-12-02,2026-03-31,387,3937,3937,목동 모아엘가그랑데 아파트,36.333644,127.409079,중구,목동,대전광역시 중구 목동 382,485,0.7979,7874,True,ACTIVE
ST0660,2024-08-01,2026-03-31,572,3975,3888,용전동 용전초등학교 입구 정류장,36.355568,127.432564,동구,용전동,대전광역시 동구 용전동 42-13,608,0.9408,7863,True,ACTIVE
ST0827,2024-08-01,2026-03-31,573,3796,4037,오정동 통매바위어린이공원,36.354092,127.413244,대덕구,오정동,대전광역시 대덕구 오정동 274-1,608,0.9424,7833,True,ACTIVE
ST0142,2024-08-01,2026-03-31,557,3977,3820,문평동 3.4공단 문평근린공원,36.443165,127.39844,대덕구,문평동,대전광역시 대덕구 문평동 42-4,608,0.9161,7797,True,ACTIVE
ST0663,2024-08-01,2026-03-31,571,3879,3891,홍도동 시영아파트 2동 정류장,36.345421,127.421516,동구,홍도동,대전광역시 동구 홍도동 135-1,608,0.9391,7770,True,ACTIVE
ST0436,2024-12-07,2026-03-31,424,3870,3891,둔산동 한국생산성본부,36.358859,127.386586,서구,둔산동,대전광역시 서구 둔산동 930,480,0.8833,7761,True,ACTIVE
ST0574,2024-08-01,2026-03-31,569,3852,3872,가오동 오토카센타,36.303655,127.454675,동구,가오동,대전광역시 동구 가오동 372-3,608,0.9359,7724,True,ACTIVE
ST0741,2024-08-01,2026-04-01,568,3861,3834,죽동 유성여고 입구,36.380735,127.327042,유성구,죽동,대전광역시 유성구 죽동 613-3,609,0.9327,7695,True,ACTIVE
ST1114,2024-08-01,2026-03-31,561,3826,3867,사정동 산성초등학교 건너편,36.298122,127.384729,중구,사정동,대전광역시 중구 사정동 517,608,0.9227,7693,True,ACTIVE
ST1443,2025-10-24,2026-04-01,130,3787,3864,어은동 한빛아파트(126동 앞),36.363314,127.353114,유성구,어은동,대전광역시 유성구 어은동 99,160,0.8125,7651,True,ACTIVE
ST1104,2024-08-07,2026-03-31,497,3804,3815,"선화동 대전중부경찰서,대전세무서 앞",36.328187,127.420701,중구,선화동,대전광역시 중구 선화동 287-1,602,0.8256,7619,True,ACTIVE
ST0816,2024-08-01,2026-03-31,562,3790,3794,원내동 한아름아파트 상가동,36.296059,127.320214,유성구,원내동,대전광역시 유성구 원내동 357,608,0.9243,7584,True,ACTIVE
ST0489,2024-08-01,2026-03-31,567,3791,3785,문화동 한밭우성아파트 입구 ,36.312498,127.408487,중구,문화동,대전광역시 중구 문화동 141,608,0.9326,7576,True,ACTIVE
ST1282,2024-08-01,2026-03-31,567,3793,3761,변동 한국전력공사 서대전지사 부근,36.328349,127.373965,서구,변동,대전광역시 서구 변동 79-6,608,0.9326,7554,True,ACTIVE
ST0261,2024-08-01,2026-03-31,560,3775,3770,관저동 건양대병원네거리 정류장(느리울12단지 방면)(33590),36.301894,127.340429,서구,관저동,대전광역시 서구 관저동 1437,608,0.9211,7545,True,ACTIVE
ST0717,2024-08-01,2026-03-31,564,3795,3742,갈마동 서구보훈회관 건너편,36.348199,127.36815,서구,갈마동,대전광역시 서구 갈마동 366-5,608,0.9276,7537,True,ACTIVE
ST0172,2024-08-01,2026-03-31,560,3773,3759,지족동 인앤인아파트(101동),36.385442,127.318512,유성구,지족동,대전광역시 유성구 지족동 834,608,0.9211,7532,True,ACTIVE
ST0546,2024-08-01,2026-04-01,566,3784,3700,대흥동 자이아파트 2단지 공원,36.320888,127.427149,중구,대흥동,대전광역시 중구 대흥동 914,609,0.9294,7484,True,ACTIVE
ST0506,2024-08-01,2026-03-31,557,3768,3715,문화동 센트럴파크(105동),36.316231,127.407328,중구,문화동,대전광역시 중구 문화동 284-166,608,0.9161,7483,True,ACTIVE
ST0541,2024-08-01,2026-03-31,560,3738,3736,대흥동 대고오거리 피자2001,36.322846,127.422736,중구,대흥동,대전광역시 중구 대흥동 508-88,608,0.9211,7474,True,ACTIVE
ST0792,2024-08-01,2026-03-31,565,3713,3746,가수원동 미나리어린이공원 뒤편,36.308348,127.354316,서구,가수원동,대전광역시 서구 가수원동 1211,608,0.9293,7459,True,ACTIVE
ST1221,2024-08-01,2026-03-31,552,3718,3708,노은동 대전월드컵경기장 ,36.366635,127.323791,유성구,노은동,대전광역시 유성구 노은동 530,608,0.9079,7426,True,ACTIVE
ST1303,2024-08-01,2026-03-31,556,3686,3729,구암동 현충원역 1번출구,36.359028,127.321841,유성구,구암동,대전광역시 유성구 구암동 422-6,608,0.9145,7415,True,ACTIVE
ST1190,2024-08-01,2026-04-01,561,3699,3711,용산동 호반써밋정문,36.415799,127.392115,유성구,용산동,대전광역시 유성구 용산동 370-9,609,0.9212,7410,True,ACTIVE
ST0349,2024-08-01,2026-03-31,574,3751,3652,석교동 남대전등기소 (대전지방법원),36.310285,127.440278,중구,석교동,대전광역시 중구 석교동 8-10,608,0.9441,7403,True,ACTIVE
ST0782,2024-08-01,2026-03-31,562,3708,3691,도안동 도안수목토아파트 114동 건너편,36.320925,127.34378,서구,도안동,대전광역시 서구 도안동 1241,608,0.9243,7399,True,ACTIVE
ST0751,2024-08-01,2026-03-31,570,3694,3666,지족동 노은3지구 꿈에그린 201동,36.388164,127.303215,유성구,지족동,대전광역시 유성구 지족동 1093,608,0.9375,7360,True,ACTIVE
ST0284,2024-08-01,2026-03-31,584,4168,3152,관저동 원앙네거리(관저 지하차도 방면),36.306209,127.335211,서구,관저동,대전광역시 서구 관저동 1919,608,0.9605,7320,True,ACTIVE
ST0049,2024-08-01,2026-03-31,566,3640,3668,가오동 가오31호어린이공원,36.307578,127.454993,동구,가오동,대전광역시 동구 가오동 587,608,0.9309,7308,True,ACTIVE
ST0753,2024-08-01,2026-03-31,566,3648,3652,지족동 반석마을1단지호반리젠시빌 102동,36.387894,127.310805,유성구,지족동,대전광역시 유성구 지족동 977,608,0.9309,7300,True,ACTIVE
ST0164,2024-08-01,2026-03-31,559,3641,3653,반석동 반석마을 5단지(504동),36.389731,127.309864,유성구,반석동,대전광역시 유성구 반석동 622,608,0.9194,7294,True,ACTIVE
ST1101,2024-08-01,2026-03-31,568,3641,3652,가양동 아침마을아파트 111동(가양초등학교),36.34254,127.43938,동구,가양동,대전광역시 동구 가양동 704,608,0.9342,7293,True,ACTIVE
ST1274,2024-08-01,2026-03-31,571,3621,3654,목동 목양마을아파트 101동 앞,36.33372,127.407745,중구,목동,대전광역시 중구 목동 24,608,0.9391,7275,True,ACTIVE
ST0760,2024-08-01,2026-03-31,537,3656,3614,장동 한국화학연구원 입구,36.385448,127.358714,대덕구,장동,대전광역시 대덕구 장동 86-1,608,0.8832,7270,True,ACTIVE
ST1112,2024-08-01,2026-03-31,565,3609,3620,부사동 동서가구 부사전시장,36.313817,127.436338,중구,부사동,대전광역시 중구 부사동 255-1,608,0.9293,7229,True,ACTIVE
ST0081,2024-08-01,2026-03-31,565,3608,3614,오정동 한남대학교 사회과학대학,36.351517,127.422724,대덕구,오정동,대전광역시 대덕구 오정동 133,608,0.9293,7222,True,ACTIVE
ST0629,2024-08-01,2026-03-31,555,3592,3599,천동초등학교(천동휴먼시아 방면) 정류장,36.315852,127.444459,동구,천동,대전광역시 동구 천동 209-2,608,0.9128,7191,True,ACTIVE
ST0927,2024-08-01,2026-03-31,541,3595,3590,관평동 한밭대학교 대덕산학융합캠퍼스,36.428228,127.395161,유성구,관평동,대전광역시 유성구 관평동 1287,608,0.8898,7185,True,ACTIVE
ST0577,2024-08-01,2026-03-31,550,3582,3583,가오동 동구청,36.311298,127.45538,동구,가오동,대전광역시 동구 가오동 425,608,0.9046,7165,True,ACTIVE
ST0365,2024-08-01,2026-03-31,546,3616,3548,둔산동 시교육청옆 환승지 ,36.352524,127.384431,서구,둔산동,대전광역시 서구 둔산동 1294,608,0.898,7164,True,ACTIVE
ST0532,2024-08-01,2026-03-31,568,3567,3590,산성동 원마트,36.310933,127.391875,중구,산성동,대전광역시 중구 산성동 134-33,608,0.9342,7157,True,ACTIVE
ST0709,2024-08-01,2026-03-31,559,3575,3579,둔산동 파랑새아파트 서측입구,36.356397,127.37449,서구,둔산동,대전광역시 서구 둔산동 957,608,0.9194,7154,True,ACTIVE
ST1382,2024-11-27,2026-03-31,429,3578,3553,목동 충남여중삼거리,36.331914,127.410372,중구,목동,대전광역시 중구 목동 115-6,490,0.8755,7131,True,ACTIVE
ST0222,2024-08-01,2026-03-31,553,3562,3568,원신흥동 도안 12단지 어울림하트(1201동),36.332429,127.341258,유성구,원신흥동,대전광역시 유성구 원신흥동 529,608,0.9095,7130,True,ACTIVE
ST1089,2024-08-01,2026-03-31,552,3555,3572,원동 원동네거리 국민은행,36.327038,127.434776,동구,원동,대전광역시 동구 원동 36-1,608,0.9079,7127,True,ACTIVE
ST0671,2024-08-01,2026-03-31,566,3546,3538,가양동 가양1동 행정복지센터,36.346923,127.441359,동구,가양동,대전광역시 동구 가양동 432-9,608,0.9309,7084,True,ACTIVE
ST0945,2024-08-01,2026-03-31,569,3524,3535,구즉동 행정복지센터 입구 정류장,36.441154,127.385611,유성구,봉산동,대전광역시 유성구 봉산동 305-1,608,0.9359,7059,True,ACTIVE
ST0130,2024-08-01,2026-03-31,548,3517,3516,둔산동 대전대학교 대전한방병원 정류장,36.345996,127.379133,서구,둔산동,대전광역시 서구 둔산동 1136,608,0.9013,7033,True,ACTIVE
ST0339,2024-08-01,2026-03-31,562,3510,3513,원신흥동 새마을금고 원신흥지점,36.334575,127.337939,유성구,원신흥동,대전광역시 유성구 원신흥동 575-7,608,0.9243,7023,True,ACTIVE
ST1203,2024-08-01,2026-03-31,559,3543,3472,용산동 호반써밋(307동),36.415184,127.393728,유성구,용산동,대전광역시 유성구 용산동 386,608,0.9194,7015,True,ACTIVE
ST1328,2024-12-02,2026-03-31,425,3495,3515,자양동  카이스트빌,36.33514,127.45035,동구,자양동,대전광역시 동구 자양동 102-27,485,0.8763,7010,True,ACTIVE
ST1309,2024-08-12,2026-03-31,412,3498,3502,선화동 해모로아파트(105동),36.329277,127.417225,중구,선화동,대전광역시 중구 선화동 899,597,0.6901,7000,True,ACTIVE
ST0076,2024-08-01,2026-03-31,560,3539,3461,용전동 용전네거리 몽벨,36.358518,127.432426,동구,용전동,대전광역시 동구 용전동 25-7,608,0.9211,7000,True,ACTIVE
ST1275,2024-08-01,2026-03-31,549,3525,3426,목동 충남여고 앞 보도육교(충남여고 측),36.330633,127.409798,중구,목동,대전광역시 중구 목동 111-10,608,0.903,6951,True,ACTIVE
ST1187,2024-08-01,2026-03-31,501,3470,3478,안영동 한국효문화진흥원,36.285163,127.383285,중구,안영동,대전광역시 중구 안영동 71-11,608,0.824,6948,True,ACTIVE
ST1025,2024-08-01,2025-07-12,255,3472,3468,만년동 초원아파트 버스정류장(107동),36.367683,127.379283,서구,만년동,대전광역시 서구 만년동 401,346,0.737,6940,False,CLOSED
ST1009,2024-08-01,2026-03-31,552,3462,3467,가오동 신흥교회,36.306,127.451932,동구,가오동,대전광역시 동구 가오동 236-11,608,0.9079,6929,True,ACTIVE
ST0830,2024-08-01,2026-03-31,572,3422,3503,오정동 오정로 호남선(가도교) 아래 2,36.351021,127.412741,대덕구,오정동,대전광역시 대덕구 오정동 400,608,0.9408,6925,True,ACTIVE
ST0340,2024-08-01,2026-03-31,565,3456,3469,대동 대전지식산업센터 건너편,36.32859,127.443672,동구,대동,대전광역시 동구 대동 549,608,0.9293,6925,True,ACTIVE
ST0591,2024-08-01,2026-03-31,561,3444,3456,낭월동 석천들아파트 건너편(112동),36.276448,127.46708,동구,낭월동,대전광역시 동구 낭월동 738,608,0.9227,6900,True,ACTIVE
ST1228,2024-08-01,2026-03-31,574,3439,3456,원촌동 법무부 대전솔로몬로파크,36.37716,127.403055,유성구,원촌동,대전광역시 유성구 원촌동 53,608,0.9441,6895,True,ACTIVE
ST1146,2024-08-01,2026-03-31,561,3441,3452,용운동 족발시대 인근,36.328075,127.457006,동구,용운동,대전광역시 동구 용운동 537,608,0.9227,6893,True,ACTIVE
ST0795,2024-08-01,2026-04-01,559,3432,3459,가수원동 480-1,36.304026,127.353863,서구,가수원동,대전광역시 서구 가수원동 480-1,609,0.9179,6891,True,ACTIVE
ST1124,2024-08-01,2026-03-31,568,3427,3433,문창동 남대전등기소 건너편,36.311635,127.438205,중구,문창동,대전광역시 중구 문창동 397-1,608,0.9342,6860,True,ACTIVE
ST1339,2024-12-07,2026-03-31,389,3408,3426,신흥동 이스트시티 2단지,36.324636,127.44077,동구,신흥동,대전광역시 동구 신흥동 251-1,480,0.8104,6834,True,ACTIVE
ST1450,2025-10-18,2026-03-31,137,3403,3405,구성동 카이스트 나노종합기술원,36.367598,127.367211,유성구,구성동,대전광역시 유성구 구성동 23,165,0.8303,6808,True,ACTIVE
ST0099,2024-08-01,2026-03-31,553,3402,3391,둔산동 파랑새아파트 동측입구,36.356859,127.376464,서구,둔산동,대전광역시 서구 둔산동 956,608,0.9095,6793,True,ACTIVE
ST0596,2024-08-17,2026-03-31,544,3391,3396,대성동삼거리 옥계교방면 정류장,36.296462,127.459355,동구,대성동,대전광역시 동구 대성동 458,592,0.9189,6787,True,ACTIVE
ST0787,2024-08-01,2026-03-31,545,3381,3385,도안동 나비어린이공원,36.315173,127.350166,서구,도안동,대전광역시 서구 도안동 1401,608,0.8964,6766,True,ACTIVE
ST0555,2024-08-01,2026-03-31,554,3370,3393,내동 안골네거리 다이소,36.334292,127.371311,서구,내동,대전광역시 서구 내동 160-19,608,0.9112,6763,True,ACTIVE
ST1063,2024-08-01,2026-03-31,565,3246,3465,읍내동 대덕문화원,36.374219,127.420393,대덕구,읍내동,대전광역시 대덕구 읍내동 324-5,608,0.9293,6711,True,ACTIVE
ST1129,2024-08-01,2025-10-28,450,3318,3354,대성동 평양숨두부 건너편,36.301302,127.457148,동구,대성동,대전광역시 동구 대성동 130,454,0.9912,6672,False,CLOSED
ST0226,2024-08-01,2026-03-31,556,3326,3330,원신흥동 목원대네거리(도로교통공단 방면) 정류장,36.332575,127.339389,유성구,원신흥동,대전광역시 유성구 원신흥동 558-11,608,0.9145,6656,True,ACTIVE
ST0618,2024-08-01,2026-03-31,563,3326,3315,대동 펜타뷰(107동),36.327838,127.446551,서구,대동,대전광역시 서구 대동 535,608,0.926,6641,True,ACTIVE
ST0360,2024-08-01,2026-03-31,548,3550,3073,선화동 금강회관,36.334306,127.420776,중구,선화동,대전광역시 중구 선화동 73-5,608,0.9013,6623,True,ACTIVE
ST0902,2024-08-01,2026-03-31,564,3294,3287,노은동 열매마을 9단지 입구,36.372076,127.321571,유성구,노은동,대전광역시 유성구 노은동 521,608,0.9276,6581,True,ACTIVE
ST0084,2024-08-01,2026-03-31,565,3251,3306,판암동 신흥역 3번출구,36.32011,127.448328,동구,판암동,대전광역시 동구 판암동 687-39,608,0.9293,6557,True,ACTIVE
ST1420,2025-02-04,2026-03-31,329,3280,3268,도룡동 공동관리아파트(도룡동),36.382287,127.37847,유성구,도룡동,대전광역시 유성구 도룡동 409,421,0.7815,6548,True,ACTIVE
ST1010,2024-08-01,2026-03-31,567,3268,3279,천동 홍익아파트(101동),36.311173,127.447078,동구,천동,대전광역시 동구 천동 71-18,608,0.9326,6547,True,ACTIVE
ST0205,2024-08-01,2026-03-31,566,3260,3282,봉명동 도안 1단지 휴먼시아 정류장(109동),36.348803,127.342177,유성구,봉명동,대전광역시 유성구 봉명동 1024,608,0.9309,6542,True,ACTIVE
ST0578,2024-08-01,2026-03-31,555,3254,3273,가오동 은어송마을 6단지(602동),36.310186,127.456731,동구,가오동,대전광역시 동구 가오동 497,608,0.9128,6527,True,ACTIVE
ST1167,2024-08-01,2026-03-31,549,3261,3263,가양동 드림팰리스5차,36.350111,127.441486,동구,가양동,대전광역시 동구 가양동 634,608,0.903,6524,True,ACTIVE
ST0950,2024-08-01,2026-03-31,573,3241,3267,목상동 한일제관 대전공장 입구 건너편,36.445717,127.410161,대덕구,목상동,대전광역시 대덕구 목상동 145-12,608,0.9424,6508,True,ACTIVE
ST1301,2024-08-01,2026-03-31,364,3242,3232,세천동 세천유원지 주차장,36.330299,127.482754,동구,세천동,대전광역시 동구 세천동 368-1,608,0.5987,6474,True,ACTIVE
ST1340,2024-11-30,2026-03-31,415,3240,3231,지족동 유성 선병원 (1397),36.376254,127.324995,유성구,지족동,대전광역시 유성구 지족동 941,487,0.8522,6471,True,ACTIVE
ST1277,2024-08-01,2026-03-31,562,3238,3226,대사동 보문산공원오거리 보문합기도 앞,36.316761,127.426277,중구,대사동,대전광역시 중구 대사동 85-2,608,0.9243,6464,True,ACTIVE
ST0785,2024-08-01,2026-03-31,561,3241,3182,도안동 계룡리슈빌 1704동(육교밑),36.316899,127.345549,서구,도안동,대전광역시 서구 도안동 1368,608,0.9227,6423,True,ACTIVE
ST0337,2024-08-01,2026-03-31,565,3225,3197,신봉동 자운대아파트 78단지 정문,36.41289,127.342402,유성구,신봉동,대전광역시 유성구 신봉동 13-7,608,0.9293,6422,True,ACTIVE
ST1347,2025-01-11,2026-03-31,385,3215,3184,구성동 보건환경연구원 정류장(기상청방면),36.372375,127.37476,유성구,구성동,대전광역시 유성구 구성동 21-2,445,0.8652,6399,True,ACTIVE
ST0123,2024-08-01,2026-03-31,564,3205,3186,용문동 순복음교회(수침교),36.335779,127.39661,서구,용문동,대전광역시 서구 용문동 249-11,608,0.9276,6391,True,ACTIVE
ST0528,2024-08-01,2026-03-31,567,3172,3210,태평동 호암컨벤션,36.329596,127.3964,중구,태평동,대전광역시 중구 태평동 365-2,608,0.9326,6382,True,ACTIVE
ST0173,2024-08-01,2026-03-31,558,3253,3048,지족동 지족역 1번출구,36.384041,127.319149,유성구,지족동,대전광역시 유성구 지족동 836-6,608,0.9178,6301,True,ACTIVE
ST0673,2024-08-01,2026-03-31,558,3153,3143,가양동 아침마을 건너편(116동),36.339958,127.44134,동구,가양동,대전광역시 동구 가양동 592-17,608,0.9178,6296,True,ACTIVE
ST0335,2024-08-01,2026-03-31,564,3239,3053,지족동 노은역 1번출구,36.373263,127.317652,유성구,지족동,대전광역시 유성구 지족동 894-2,608,0.9276,6292,True,ACTIVE
ST0075,2024-08-01,2026-03-31,559,3141,3142,용전동 홈플러스 용전점,36.354062,127.437939,동구,용전동,대전광역시 동구 용전동 65-1,608,0.9194,6283,True,ACTIVE
ST0691,2024-08-01,2026-03-31,514,3140,3133,탄방역 3번출구,36.345641,127.384818,서구,탄방동,대전광역시 서구 탄방동 1453,608,0.8454,6273,False,ACTIVE
ST1392,2024-11-25,2026-04-01,397,3133,3130,중리동 영진로얄아파트 정류장,36.36174,127.421551,대덕구,중리동,대전광역시 대덕구 중리동 275-29,493,0.8053,6263,True,ACTIVE
ST0109,2024-08-01,2026-03-31,549,3120,3119,석봉동 봉주르카운티(A동),36.447729,127.421224,대덕구,석봉동,대전광역시 대덕구 석봉동 310-1,608,0.903,6239,True,ACTIVE
ST0645,2024-08-01,2026-03-31,566,3117,3110,삼성동 삼성신협 본점,36.34017,127.426522,동구,삼성동,대전광역시 동구 삼성동 306-1,608,0.9309,6227,True,ACTIVE
ST1001,2024-08-01,2026-03-31,569,3101,3115,옥계동 울엄마양평해장국,36.300018,127.453359,중구,옥계동,대전광역시 중구 옥계동 51-1,608,0.9359,6216,True,ACTIVE
ST1381,2024-11-29,2026-03-31,409,3101,3106,선화동 해모로더센트라아파트 107동,36.328264,127.41568,중구,선화동,대전광역시 중구 선화동 901,488,0.8381,6207,True,ACTIVE
ST0985,2024-08-01,2026-03-31,544,3175,3025,문지동 케이엘이에스 정류장,36.391068,127.40509,유성구,문지동,대전광역시 유성구 문지동 611-2,608,0.8947,6200,True,ACTIVE
ST0474,2024-08-01,2026-04-01,560,3113,3070,관저동 구봉마을 9단지(904동),36.296097,127.33144,서구,관저동,대전광역시 서구 관저동 1155,609,0.9195,6183,True,ACTIVE
ST1107,2024-08-01,2026-03-31,564,3086,3097,산성동 에스오일 오월드주유소 맞은편,36.301471,127.386095,중구,사정동,대전광역시 중구 사정동 517,608,0.9276,6183,True,ACTIVE
ST0111,2024-08-01,2026-03-31,561,3061,3100,덕암동 새뜸어린이공원,36.443673,127.421251,대덕구,덕암동,대전광역시 대덕구 덕암동 22-5,608,0.9227,6161,True,ACTIVE
ST0820,2024-08-01,2026-04-01,569,3110,3029,정림동 우성1차아파트 101동,36.305355,127.362551,서구,정림동,대전광역시 서구 정림동 703,609,0.9343,6139,True,ACTIVE
ST0144,2024-08-01,2026-03-31,553,3130,3000,문평동 구)대덕경찰서,36.44642,127.406535,대덕구,문평동,대전광역시 대덕구 문평동 83-2,608,0.9095,6130,True,ACTIVE
ST0251,2024-08-01,2026-03-31,543,3065,3061,관저동 남대전농협 하나로마트,36.2968,127.335952,서구,관저동,대전광역시 서구 관저동 1547,608,0.8931,6126,True,ACTIVE
ST1312,2024-08-21,2026-03-31,510,3067,3051,신흥동 신흥문화공원,36.324552,127.445484,동구,신흥동,대전광역시 동구 신흥동 266,588,0.8673,6118,True,ACTIVE
ST0016,2024-08-01,2026-03-31,560,3048,3051,둔산동 문정어린이공원,36.349982,127.399127,서구,둔산동,대전광역시 서구 둔산동 24,608,0.9211,6099,True,ACTIVE
ST0829,2024-08-01,2026-03-31,556,2977,3117,오정동 오정로 호남선(가도교) 아래 ,36.350773,127.4124,대덕구,오정동,대전광역시 대덕구 오정동 689,608,0.9145,6094,True,ACTIVE
ST1054,2024-08-01,2026-03-31,558,3033,3038,복수동 서부경찰서,36.30844,127.373555,서구,복수동,대전광역시 서구 복수동 292-14,608,0.9178,6071,True,ACTIVE
ST0364,2024-08-01,2026-03-31,516,3070,2997,둔산동 대전경찰청,36.353848,127.385255,서구,둔산동,대전광역시 서구 둔산동 1399,608,0.8487,6067,True,ACTIVE
ST0266,2024-08-01,2026-03-31,546,3033,3028,관저동 행복자전거협동조합 건너편,36.299139,127.339037,서구,관저동,대전광역시 서구 관저동 1341,608,0.898,6061,True,ACTIVE
ST0299,2024-08-01,2026-03-31,536,3073,2983,송촌동 동춘당공원,36.364558,127.441046,대덕구,송촌동,대전광역시 대덕구 송촌동 192,608,0.8816,6056,True,ACTIVE
ST1405,2024-12-02,2026-03-31,446,3045,3009,효동행정복지센터 건너편,36.31728,127.442587,동구,천동,대전광역시 동구 천동 511-216,485,0.9196,6054,True,ACTIVE
ST0163,2024-08-01,2026-03-31,565,3263,2791,반석동 반석역 5번출구,36.392494,127.314722,유성구,반석동,대전광역시 유성구 반석동 61-3,608,0.9293,6054,True,ACTIVE
ST0113,2024-08-01,2026-03-31,561,3004,3030,신탄진동 이엘치과병원,36.447218,127.429807,대덕구,신탄진동,대전광역시 대덕구 신탄진동 175-1,608,0.9227,6034,True,ACTIVE
ST0983,2024-08-01,2026-03-31,561,2996,3007,비래동 백마강참숯민물장어,36.352242,127.443058,대덕구,비래동,대전광역시 대덕구 비래동 561-1,608,0.9227,6003,True,ACTIVE
ST0041,2024-08-01,2026-03-31,559,3079,2919,대사동 대전중앙교회,36.318201,127.416864,중구,대사동,대전광역시 중구 대사동 248-229,608,0.9194,5998,True,ACTIVE
ST0158,2024-08-01,2026-03-31,553,3020,2954,반석동 반석역 4번출구,36.392696,127.313828,유성구,반석동,대전광역시 유성구 반석동 636,608,0.9095,5974,True,ACTIVE
ST0608,2024-08-01,2026-03-31,561,3027,2942,용운동 e편한세상 에코포레 상가,36.327781,127.462087,동구,용운동,대전광역시 동구 용운동 783,608,0.9227,5969,True,ACTIVE
ST1440,2025-09-12,2026-03-31,139,2979,2978,장대동 궁동2교 (죽동 방향),36.363839,127.340334,유성구,장대동,대전광역시 유성구 장대동 320-2,201,0.6915,5957,True,ACTIVE
ST0048,2024-08-01,2026-03-31,555,2971,2984,대성동 대전남부여성가족원,36.30228,127.459788,동구,대성동,대전광역시 동구 대성동 133,608,0.9128,5955,True,ACTIVE
ST1267,2024-08-01,2026-03-31,552,2967,2982,관평동 중앙하이츠빌 301동 앞,36.422217,127.385491,유성구,관평동,대전광역시 유성구 관평동 668,608,0.9079,5949,True,ACTIVE
ST1012,2024-08-01,2026-03-31,548,2973,2976,덕암동 베스트코 신탄진점 건너편,36.434134,127.421709,대덕구,덕암동,대전광역시 대덕구 덕암동 79-2,608,0.9013,5949,True,ACTIVE
ST0775,2024-08-01,2026-04-01,559,2971,2974,도안동 하나은행,36.331951,127.34003,서구,도안동,대전광역시 서구 도안동 854,609,0.9179,5945,True,ACTIVE
ST0176,2024-08-01,2026-03-31,564,2960,2978,하기동 송림마을 2단지(202동),36.387756,127.319703,유성구,하기동,대전광역시 유성구 하기동 516,608,0.9276,5938,True,ACTIVE
ST0533,2024-08-01,2026-03-31,541,2961,2969,산성동 한소망교회,36.310262,127.39029,중구,산성동,대전광역시 중구 산성동 132-3,608,0.8898,5930,True,ACTIVE
ST1185,2024-08-01,2026-03-31,566,2961,2967,중리동 양무리교회,36.362762,127.425302,대덕구,중리동,대전광역시 대덕구 중리동 418,608,0.9309,5928,True,ACTIVE
ST1222,2024-08-01,2026-03-31,558,2960,2956,신흥동시외버스정류장,36.323421,127.445357,동구,신흥동,대전광역시 동구 신흥동 6,608,0.9178,5916,True,ACTIVE
ST0789,2024-08-01,2026-03-31,552,2948,2963,도안동 윗용소어린이공원 입구,36.308151,127.349886,서구,가수원동,대전광역시 서구 가수원동 878,608,0.9079,5911,True,ACTIVE
ST1147,2024-08-01,2026-03-31,547,2947,2956,석봉동 평안정형외과 건너편,36.444681,127.424951,대덕구,석봉동,대전광역시 대덕구 석봉동 768,608,0.8997,5903,True,ACTIVE
ST1407,2024-12-02,2026-03-31,424,2937,2934,용계동 도안네거리,36.331877,127.333174,유성구,용계동,대전광역시 유성구 용계동 676-1,485,0.8742,5871,True,ACTIVE
ST1226,2024-08-01,2026-03-31,556,3031,2831,죽동 푸르지오 304동 입구,36.373882,127.341031,유성구,죽동,대전광역시 유성구 죽동 729,608,0.9145,5862,True,ACTIVE
ST0037,2024-08-01,2026-03-31,546,2941,2911,문화동 서대전 KT,36.321226,127.413759,중구,문화동,대전광역시 중구 문화동 1-30,608,0.898,5852,True,ACTIVE
ST0156,2024-08-01,2026-03-31,556,2938,2909,반석동 반석마을 8단지(804동),36.394052,127.311059,유성구,반석동,대전광역시 유성구 반석동 623,608,0.9145,5847,True,ACTIVE
ST1090,2024-08-01,2026-03-31,553,2933,2912,사정동 웰빙24시사우나,36.296424,127.384725,중구,사정동,대전광역시 중구 사정동 517,608,0.9095,5845,True,ACTIVE
ST0248,2024-08-01,2026-03-31,546,2906,2908,관저동 리슈빌(103동),36.300129,127.343028,서구,관저동,대전광역시 서구 관저동 1420,608,0.898,5814,True,ACTIVE
ST0021,2024-08-01,2026-03-31,527,2917,2893,둔산동 선사유적지 건너편(정부청사),36.361063,127.379685,서구,둔산동,대전광역시 서구 둔산동 1516,608,0.8668,5810,True,ACTIVE
ST0114,2024-08-01,2026-03-31,545,2905,2897,신탄진동 동일스위트 1단지(104동),36.45357,127.430378,대덕구,신탄진동,대전광역시 대덕구 신탄진동 100-1,608,0.8964,5802,True,ACTIVE
ST0255,2024-08-01,2026-03-31,539,2888,2896,관저동 마치광장 서측,36.297879,127.33699,서구,관저동,대전광역시 서구 관저동 1519,608,0.8865,5784,True,ACTIVE
ST0540,2024-08-01,2026-03-31,555,2873,2871,문화동 센트럴스타클래스,36.322622,127.415101,중구,문화동,대전광역시 중구 문화동 1-9,608,0.9128,5744,True,ACTIVE
ST0400,2024-08-01,2026-03-31,583,3505,2236,장동 대덕대학교,36.390204,127.362603,대덕구,장동,대전광역시 대덕구 장동 48,608,0.9589,5741,True,ACTIVE
ST1014,2024-08-01,2026-03-31,522,2870,2868,궁동 충남대학교 학생생활관,36.372306,127.346404,유성구,궁동,대전광역시 유성구 궁동 220-29,608,0.8586,5738,True,ACTIVE
ST1118,2024-08-01,2026-03-31,564,2981,2739,대흥동 대전고2,36.32265,127.423571,중구,대흥동,대전광역시 중구 대흥동 630,608,0.9276,5720,True,ACTIVE
ST1004,2024-08-01,2026-03-31,555,2847,2860,호동 쟈스민 아울렛매장,36.303516,127.450743,중구,호동,대전광역시 중구 호동 27-1,608,0.9128,5707,True,ACTIVE
ST0851,2024-08-01,2026-03-31,564,2848,2849,중리동 럭키스포츠프라자,36.366148,127.42294,대덕구,중리동,대전광역시 대덕구 중리동 362-1,608,0.9276,5697,True,ACTIVE
ST0161,2024-08-01,2025-08-25,386,3145,2541,반석동 반석역 1번출구(179),36.391285,127.314854,유성구,반석동,반석동 694,390,0.9897,5686,False,CLOSED
ST0457,2024-08-01,2026-04-01,547,2816,2854,중촌동 115-5번지(대전천서로),36.339488,127.414118,중구,중촌동,대전광역시 중구 중촌동 387-1,609,0.8982,5670,True,ACTIVE
ST1391,2024-11-25,2026-04-01,448,2803,2829,읍내동 502-5,36.375972,127.414846,대덕구,읍내동,대전광역시 대덕구 읍내동 502-5,493,0.9087,5632,True,ACTIVE
ST1288,2024-08-01,2026-03-31,564,2811,2819,자운동 국군대전병원,36.401502,127.34822,유성구,자운동,대전광역시 유성구 자운동 97,608,0.9276,5630,True,ACTIVE
ST1011,2024-08-02,2026-03-31,556,2797,2822,효동 대전국악방송 건너편,36.313705,127.44112,동구,효동,대전광역시 동구 효동 125-5,607,0.916,5619,True,ACTIVE
ST0352,2024-08-01,2026-03-31,557,2803,2805,대흥동 성모초등학교 입구 정류장,36.323238,127.418227,중구,대흥동,대전광역시 중구 대흥동 525-5,608,0.9161,5608,True,ACTIVE
ST1468,2025-10-24,2026-03-31,131,2792,2812,월평동 은뜰마을아파트 201동 앞,36.362368,127.370528,서구,월평동,대전광역시 서구 월평동 1507,159,0.8239,5604,True,ACTIVE
ST0535,2024-08-01,2026-03-31,543,2790,2802,산성동 당디숯불갈비,36.310054,127.388576,중구,산성동,대전광역시 중구 산성동 144-9,608,0.8931,5592,True,ACTIVE
ST1266,2024-08-01,2026-03-31,555,2787,2799,법동 법1동행정복지센터,36.370816,127.426917,대덕구,법동,대전광역시 대덕구 법동 283-3,608,0.9128,5586,True,ACTIVE
ST1318,2024-09-26,2026-03-31,505,2779,2787,대동 대동역 5번출구,36.330245,127.44229,동구,대동,대전광역시 동구 대동 407-1,552,0.9149,5566,True,ACTIVE
ST1281,2024-08-01,2026-03-31,532,2780,2781,복용동 디오토몰 앞,36.337626,127.320483,유성구,복용동,대전광역시 유성구 복용동 236,608,0.875,5561,True,ACTIVE
ST1149,2024-08-01,2026-03-31,555,2780,2774,성남동 스마트뷰(112동),36.342341,127.43451,동구,성남동,대전광역시 동구 성남동 529,608,0.9128,5554,True,ACTIVE
ST0177,2024-08-01,2026-03-31,552,2771,2764,하기동 송림마을 1단지(101동),36.388078,127.319753,유성구,하기동,대전광역시 유성구 하기동 512,608,0.9079,5535,True,ACTIVE
ST0716,2024-08-01,2026-04-01,562,2776,2750,갈마동 양녕요양병원,36.344851,127.368634,서구,갈마동,대전광역시 서구 갈마동 393-18,609,0.9228,5526,True,ACTIVE
ST0755,2024-08-01,2026-03-31,564,2782,2743,하기동 송림마을3단지이노스빌아파트 304동,36.390068,127.323367,유성구,하기동,대전광역시 유성구 하기동 513,608,0.9276,5525,True,ACTIVE
ST1520,2025-10-27,2026-03-31,129,2778,2742,도안동 갑천생태호수공원 주차장C,36.327689,127.348373,서구,도안동,대전광역시 서구 도안동 383-2,156,0.8269,5520,True,ACTIVE
ST0942,2024-08-01,2026-03-31,564,2748,2763,봉산동 휴먼시아(102동),36.438063,127.383602,유성구,봉산동,대전광역시 유성구 봉산동 295,608,0.9276,5511,True,ACTIVE
ST0552,2024-08-01,2026-03-31,549,2800,2684,대사동 보문산 진입로 주차장,36.315053,127.42436,중구,대사동,대전광역시 중구 대사동 145-1,608,0.903,5484,True,ACTIVE
ST0519,2024-08-01,2026-03-31,544,2731,2730,문화동 센트럴파크 3단지(307동),36.317873,127.413673,중구,문화동,대전광역시 중구 문화동 1-3,608,0.8947,5461,True,ACTIVE
ST0759,2024-08-01,2026-03-31,564,2722,2726,신성동 KT&G중앙연구원,36.384161,127.347256,유성구,신성동,대전광역시 유성구 신성동 301,608,0.9276,5448,True,ACTIVE
ST0247,2024-08-01,2026-03-31,553,2749,2694,관저동 느리울마을 11단지(1112동),36.302039,127.34468,서구,관저동,대전광역시 서구 관저동 1422,608,0.9095,5443,True,ACTIVE
ST0831,2024-08-01,2026-03-31,546,2669,2762,오정동 한남오거리(대덕구청 방면),36.347933,127.415619,대덕구,오정동,대전광역시 대덕구 오정동 489-2,608,0.898,5431,True,ACTIVE
ST0342,2024-08-01,2026-03-31,562,2725,2677,신안동 블루부코,36.329697,127.439284,동구,신안동,대전광역시 동구 신안동 249-41,608,0.9243,5402,True,ACTIVE
ST0513,2024-08-01,2026-03-31,530,2705,2697,문화동 서대전네거리역7번출구,36.322234,127.413078,중구,문화동,대전광역시 중구 문화동 1-18,608,0.8717,5402,True,ACTIVE
ST0598,2024-08-01,2026-03-31,552,2695,2652,호동우체국 건너편,36.304743,127.449282,중구,호동,대전광역시 중구 호동 19-5,608,0.9079,5347,True,ACTIVE
ST1331,2024-12-04,2026-03-31,435,2664,2671,삼성동 선화교(대전역 방향),36.333143,127.425781,동구,삼성동,대전광역시 동구 삼성동 381-4,483,0.9006,5335,True,ACTIVE
ST1207,2024-08-01,2026-03-31,545,2720,2603,용산동 호반써밋(209동),36.414462,127.390924,유성구,용산동,대전광역시 유성구 용산동 417-8,608,0.8964,5323,True,ACTIVE
ST1292,2024-08-01,2026-03-31,561,2656,2667,가수원동 은아아파트 2단지,36.301008,127.354599,서구,가수원동,대전광역시 서구 가수원동 825,608,0.9227,5323,True,ACTIVE
ST0484,2024-08-01,2026-03-31,557,2654,2661,장대동 장대노인회관,36.359474,127.333415,유성구,장대동,대전광역시 유성구 장대동 269-11,608,0.9161,5315,True,ACTIVE
ST0293,2024-08-01,2026-03-31,556,2651,2648,법동 대전중앙병원,36.367583,127.429641,대덕구,법동,대전광역시 대덕구 법동 287-4,608,0.9145,5299,True,ACTIVE
ST0521,2024-08-01,2026-03-31,550,2629,2648,문화동 BMK컨벤션,36.32004,127.404512,중구,문화동,대전광역시 중구 문화동 316-25,608,0.9046,5277,True,ACTIVE
ST1175,2024-08-01,2026-03-31,460,2631,2593,미호동 금강로하스대청공원,36.472613,127.47335,대덕구,미호동,대전광역시 대덕구 미호동 67,608,0.7566,5224,True,ACTIVE
ST1083,2024-08-01,2026-03-31,552,2621,2593,읍내동 우편취급국,36.378602,127.421322,대덕구,읍내동,대전광역시 대덕구 읍내동 248-2,608,0.9079,5214,True,ACTIVE
ST1232,2024-08-01,2026-03-31,537,2644,2547,대화동 가온비즈타워,36.366243,127.406978,대덕구,대화동,대전광역시 대덕구 대화동 611,608,0.8832,5191,True,ACTIVE
ST0810,2024-08-01,2026-03-31,552,2604,2587,관저동 관저2동우체국,36.298912,127.328778,서구,관저동,대전광역시 서구 관저동 1136,608,0.9079,5191,True,ACTIVE
ST0808,2024-08-01,2026-03-31,545,2592,2581,관저동 느리울13단지 정류장(느리울12단지 방면),36.296247,127.339504,서구,관저동,대전광역시 서구 관저동 1473,608,0.8964,5173,True,ACTIVE
ST0909,2024-08-01,2026-03-31,550,2592,2552,지족동 열매마을 2단지(202동),36.37998,127.318261,유성구,지족동,대전광역시 유성구 지족동 873,608,0.9046,5144,True,ACTIVE
ST0181,2024-08-01,2026-03-31,584,3084,2057,하기동 송림마을 5단지(오시오칼국수),36.390972,127.329523,유성구,하기동,대전광역시 유성구 하기동 545,608,0.9605,5141,True,ACTIVE
ST0045,2024-08-01,2026-03-31,548,2554,2553,대사동 민제한의원,36.317763,127.425594,중구,대사동,대전광역시 중구 대사동 117-2,608,0.9013,5107,True,ACTIVE
ST0944,2024-08-01,2026-03-31,555,2564,2522,구즉동 행정복지센터,36.440271,127.383817,유성구,봉산동,대전광역시 유성구 봉산동 294,608,0.9128,5086,True,ACTIVE
ST0794,2024-08-01,2026-03-31,556,2523,2508,가수원동 771-2,36.301959,127.354341,서구,가수원동,대전광역시 서구 가수원동 771-2,608,0.9145,5031,True,ACTIVE
ST0369,2024-08-01,2026-03-31,498,2538,2440,어은동 충남대학교 상록회관 입구,36.369338,127.351133,유성구,어은동,대전광역시 유성구 어은동 216,608,0.8191,4978,True,ACTIVE
ST0914,2024-08-01,2026-03-31,519,2461,2497,신일동 트루윈 입구,36.436712,127.405937,대덕구,신일동,대전광역시 대덕구 신일동 1680,608,0.8536,4958,True,ACTIVE
ST0082,2024-08-01,2026-03-31,538,2472,2480,소제동 대전역 동광장 휠타이어,36.333743,127.439426,동구,소제동,대전광역시 동구 소제동 301-18,608,0.8849,4952,True,ACTIVE
ST0905,2024-08-01,2026-03-31,542,2454,2445,지족동 열매마을 4단지 405동앞,36.376101,127.316167,유성구,지족동,대전광역시 유성구 지족동 858,608,0.8914,4899,True,ACTIVE
ST0746,2024-08-01,2026-03-31,549,2448,2420,봉산동 하늘바람휴먼시아아파트 111동 입구,36.438095,127.382002,유성구,봉산동,대전광역시 유성구 봉산동 295,608,0.903,4868,True,ACTIVE
ST0187,2024-08-01,2026-03-31,542,2457,2398,신성동 천문대 입구,36.382768,127.354999,유성구,신성동,대전광역시 유성구 신성동 7-13,608,0.8914,4855,True,ACTIVE
ST0843,2024-08-01,2026-03-31,559,2436,2410,법동 그린타운아파트 112동 건너편,36.365179,127.434744,대덕구,중리동,대전광역시 대덕구 중리동 490-1,608,0.9194,4846,True,ACTIVE
ST1201,2024-08-01,2026-03-31,528,2423,2411,대화동 복합문화센터,36.368525,127.401277,대덕구,대화동,대전광역시 대덕구 대화동 530-3,608,0.8684,4834,True,ACTIVE
ST1008,2024-08-01,2026-03-31,549,2410,2419,천동 주공아파트 버스정류장(12동),36.308115,127.449764,동구,가오동,대전광역시 동구 가오동 394,608,0.903,4829,True,ACTIVE
ST0279,2024-08-01,2026-04-01,546,2434,2390,관저동 원앙2단지 건너편(205동),36.308998,127.340582,서구,관저동,대전광역시 서구 관저동 1893-20,609,0.8966,4824,True,ACTIVE
ST0112,2024-08-01,2026-03-31,565,2393,2411,덕암동 신탄주택,36.442998,127.427668,대덕구,덕암동,대전광역시 대덕구 덕암동 14-1,608,0.9293,4804,True,ACTIVE
ST1308,2024-08-06,2026-03-31,356,2397,2404,대흥동 구)중부경찰서,36.327155,127.42234,중구,대흥동,대전광역시 중구 대흥동 496-1,603,0.5904,4801,True,ACTIVE
ST0550,2024-08-01,2026-03-31,551,2399,2392,대흥동 대전시 노인복지관,36.320702,127.420424,중구,대흥동,대전광역시 중구 대흥동 297-5,608,0.9062,4791,True,ACTIVE
ST0281,2024-08-01,2026-03-31,554,2418,2368,관저동 대자연마을 상가동,36.306227,127.337211,서구,관저동,대전광역시 서구 관저동 990,608,0.9112,4786,True,ACTIVE
ST1357,2024-12-02,2026-03-31,426,2391,2385,둔산동 샘머리공원(동측),36.356726,127.386583,서구,둔산동,대전광역시 서구 둔산동 1379,485,0.8784,4776,True,ACTIVE
ST1231,2024-08-02,2026-04-01,562,2370,2376,정림동 도솔순대국밥,36.308896,127.367383,서구,정림동,대전광역시 서구 정림동 5-35,608,0.9243,4746,True,ACTIVE
ST0171,2024-08-01,2026-03-31,544,2483,2257,반석동 송림마을 1단지 건너편(107동),36.389227,127.316396,유성구,반석동,대전광역시 유성구 반석동 701,608,0.8947,4740,True,ACTIVE
ST0520,2024-08-01,2026-03-31,524,2357,2353,문화동 센트럴파크 2단지(209동),36.316509,127.409984,중구,문화동,대전광역시 중구 문화동 1-253,608,0.8618,4710,True,ACTIVE
ST0834,2024-08-01,2026-03-31,567,2323,2378,오정동 성진주택 ,36.354897,127.415849,대덕구,오정동,대전광역시 대덕구 오정동 359-3,608,0.9326,4701,True,ACTIVE
ST1467,2025-10-27,2026-03-31,127,2347,2352,갈마동 경성유치원,36.343341,127.378955,서구,갈마동,대전광역시 서구 갈마동 1453,156,0.8141,4699,True,ACTIVE
ST1500,2025-10-18,2026-03-31,137,2335,2340,유천동 서대전역 후문 출구,36.322708,127.402674,중구,유천동,대전광역시 중구 유천동 10-19,165,0.8303,4675,True,ACTIVE
ST1484,2025-10-18,2026-03-31,135,2337,2338,관저동 관저네거리,36.301823,127.33518,서구,관저동,대전광역시 서구 관저동 1780,165,0.8182,4675,True,ACTIVE
ST0090,2024-08-01,2026-03-31,533,2341,2333,덕명동 하우스토리 정류장,36.358214,127.30399,유성구,덕명동,대전광역시 유성구 덕명동 528,608,0.8766,4674,True,ACTIVE
ST1404,2024-11-25,2026-03-31,439,2332,2338,효동행정복지센터,36.316883,127.44283,동구,천동,대전광역시 동구 천동 540,492,0.8923,4670,True,ACTIVE
ST1345,2024-12-06,2026-03-31,414,2343,2316,노은동 대전월드컵경기장 1문,36.365416,127.323012,유성구,노은동,대전광역시 유성구 노은동 270,481,0.8607,4659,True,ACTIVE
ST1000,2024-08-01,2026-03-31,557,2321,2318,옥계동 솔빛아파트,36.299145,127.454534,중구,옥계동,대전광역시 중구 옥계동 51-1,608,0.9161,4639,True,ACTIVE
ST0267,2024-08-01,2026-03-31,546,2325,2291,"관저동 신선마을 정류장(208동, 33430)",36.299062,127.332332,서구,관저동,대전광역시 서구 관저동 1130,608,0.898,4616,True,ACTIVE
ST1293,2024-08-01,2026-03-31,540,2308,2301,성남동 효촌마을 앞,36.3457,127.433259,동구,성남동,대전광역시 동구 성남동 205-66,608,0.8882,4609,True,ACTIVE
ST1181,2024-08-01,2026-03-31,557,2356,2249,하기동 그린브라우니,36.387646,127.322756,유성구,하기동,대전광역시 유성구 하기동 596,608,0.9161,4605,True,ACTIVE
ST1501,2025-08-30,2026-03-31,139,2300,2304,선화동 대전한신더휴리저브 1102동,36.334846,127.421184,중구,선화동,대전광역시 중구 선화동 909,214,0.6495,4604,True,ACTIVE
ST1106,2024-08-01,2026-03-31,545,2293,2307,선화동 보문교회 앞(버스정류장),36.330723,127.419337,중구,선화동,대전광역시 중구 선화동 260-1,608,0.8964,4600,True,ACTIVE
ST1007,2024-08-01,2026-03-31,544,2285,2314,옥계동 신도빌아파트,36.298491,127.45608,중구,옥계동,대전광역시 중구 옥계동 51-7,608,0.8947,4599,True,ACTIVE
ST0421,2024-08-01,2026-03-31,541,2311,2284,봉명동 도안센트롤시티,36.34879,127.344508,유성구,봉명동,대전광역시 유성구 봉명동 1022,608,0.8898,4595,True,ACTIVE
ST0832,2024-08-01,2026-03-31,542,2284,2287,오정동 오정우체국 건너편,36.352689,127.41554,대덕구,오정동,대전광역시 대덕구 오정동 432-4,608,0.8914,4571,True,ACTIVE
ST0806,2024-08-01,2026-03-31,535,2272,2283,관저동 관저중흥S클래스프라디움아파트(선유초 방면),36.294986,127.33775,서구,관저동,대전광역시 서구 관저동 1564-5,608,0.8799,4555,True,ACTIVE
ST1252,2024-08-01,2026-03-31,522,2277,2275,도마동 양지타운 입구,36.317889,127.37119,서구,도마동,대전광역시 서구 도마동 333-30,608,0.8586,4552,True,ACTIVE
ST0991,2024-08-01,2026-03-31,544,2273,2276,신봉동 자운대 간부3동 아파트 정류장,36.408706,127.337085,유성구,신봉동,대전광역시 유성구 신봉동 170-1,608,0.8947,4549,True,ACTIVE
ST0652,2024-08-01,2026-03-31,553,2277,2271,비래동 삼호아파트 정류장(1동),36.354285,127.448134,대덕구,비래동,대전광역시 대덕구 비래동 124-1,608,0.9095,4548,True,ACTIVE
ST0334,2024-08-01,2026-03-31,529,2271,2264,노은동 피자헛,36.372077,127.317515,유성구,노은동,대전광역시 유성구 노은동 491-1,608,0.8701,4535,True,ACTIVE
ST0931,2024-08-01,2026-03-31,542,2278,2250,용산동 테크노밸리 12단지(1209동),36.417587,127.395132,유성구,용산동,대전광역시 유성구 용산동 664,608,0.8914,4528,True,ACTIVE
ST0799,2024-08-01,2026-03-31,543,2257,2259,관저동 느리울12단지(느리울13단지 방면) 정류장(33580) 뒤편,36.298596,127.340368,서구,관저동,대전광역시 서구 관저동 1350,608,0.8931,4516,True,ACTIVE
ST0478,2024-08-01,2026-03-31,551,2239,2261,대화동 두리웨딩홀,36.367275,127.419301,대덕구,대화동,대전광역시 대덕구 대화동 16-12,608,0.9062,4500,True,ACTIVE
ST0597,2024-08-01,2026-04-01,564,2260,2235,옥계동 새마을금고,36.298918,127.454274,중구,옥계동,대전광역시 중구 옥계동 46-15,609,0.9261,4495,True,ACTIVE
ST0651,2024-08-01,2026-04-01,532,2248,2239,비래동 산림조합(비래휴플러스아파트 104동)(185),36.355158,127.445896,대덕구,비래동,대전광역시 대덕구 비래동 509-1,609,0.8736,4487,True,ACTIVE
ST0954,2024-08-01,2026-03-31,547,2252,2224,신탄진동 신탄진고 정문,36.449813,127.435619,대덕구,신탄진동,대전광역시 대덕구 신탄진동 28,608,0.8997,4476,True,ACTIVE
ST0518,2024-08-01,2026-03-31,542,2252,2170,문화동 충남대학교 의생명융합연구센터,36.317411,127.413219,중구,문화동,대전광역시 중구 문화동 6,608,0.8914,4422,True,ACTIVE
ST0399,2024-08-01,2026-03-31,540,2323,2063,가정동 전자통신연구원,36.384161,127.36665,유성구,가정동,대전광역시 유성구 가정동 180,608,0.8882,4386,True,ACTIVE
ST1200,2024-08-01,2026-03-31,539,2220,2166,관평동 대우푸르지오 상가,36.418874,127.382817,유성구,관평동,대전광역시 유성구 관평동 681,608,0.8865,4386,True,ACTIVE
ST0336,2024-08-01,2026-03-31,547,2230,2138,지족동 열매마을 1단지(지족초등학교),36.379263,127.317653,유성구,지족동,대전광역시 유성구 지족동 852,608,0.8997,4368,True,ACTIVE
ST0957,2024-08-01,2026-03-31,551,2175,2184,덕암동 신탄진농협 본점,36.436965,127.422654,대덕구,덕암동,대전광역시 대덕구 덕암동 60-6,608,0.9062,4359,True,ACTIVE
ST1401,2024-11-29,2026-03-31,392,2162,2165,신탄진동 현도교 아래,36.455558,127.428442,대덕구,신탄진동,대전광역시 대덕구 신탄진동 388-181,488,0.8033,4327,True,ACTIVE
ST0948,2024-08-01,2026-03-31,534,2151,2163,문평동 롯데칠성음료 대전공장,36.445467,127.395833,대덕구,문평동,대전광역시 대덕구 문평동 86,608,0.8783,4314,True,ACTIVE
ST0647,2024-08-01,2026-04-01,518,2162,2149,가양동 대전보건대,36.349253,127.451694,동구,가양동,대전광역시 동구 가양동 88-1,609,0.8506,4311,True,ACTIVE
ST0677,2024-08-01,2026-03-31,528,2161,2146,판암동 신흥역4번출구,36.319865,127.448917,동구,판암동,대전광역시 동구 판암동 596-15,608,0.8684,4307,True,ACTIVE
ST0857,2024-08-01,2026-03-31,540,2137,2165,읍내동 회덕유래비 정류장,36.376694,127.421145,대덕구,읍내동,대전광역시 대덕구 읍내동 247-3,608,0.8882,4302,True,ACTIVE
ST1002,2024-08-01,2026-03-31,558,2137,2157,호동 그린세탁소,36.302862,127.448513,중구,호동,대전광역시 중구 호동 27-4,608,0.9178,4294,True,ACTIVE
ST0638,2024-08-01,2026-03-31,544,2138,2134,인동 하나은행,36.321993,127.437513,동구,인동,대전광역시 동구 인동 40-4,608,0.8947,4272,True,ACTIVE
ST1003,2024-08-01,2026-03-31,558,2127,2140,호동 장보고가게,36.30186,127.447833,중구,호동,대전광역시 중구 호동 95-3,608,0.9178,4267,True,ACTIVE
ST1304,2024-08-01,2026-03-31,506,2124,2128,판암동 판암역 3번출구,36.317195,127.458172,동구,판암동,대전광역시 동구 판암동 863,608,0.8322,4252,True,ACTIVE
ST1069,2024-08-01,2026-03-31,511,2210,2027,덕명동 한밭대학교 정문(투썸플레이스),36.350426,127.297526,유성구,덕명동,대전광역시 유성구 덕명동 615-1,608,0.8405,4237,True,ACTIVE
ST1449,2025-10-18,2026-04-01,136,2109,2109,어은동 카이스트 아름관,36.37341,127.357245,유성구,어은동,대전광역시 유성구 어은동 44,166,0.8193,4218,True,ACTIVE
ST0257,2024-08-01,2026-03-31,554,2490,1723,관저동 미즈모아산부인과,36.298865,127.339432,서구,관저동,대전광역시 서구 관저동 1345,608,0.9112,4213,True,ACTIVE
ST0548,2024-08-01,2026-03-31,521,2095,2096,대흥동 대전중학교 건너편(보문오거리 방면),36.320298,127.424093,중구,대흥동,대전광역시 중구 대흥동 330-18,608,0.8569,4191,True,ACTIVE
ST1177,2024-08-01,2026-03-31,539,2095,2096,가양동 트윈스아파트,36.345427,127.451728,동구,가양동,대전광역시 동구 가양동 165-11,608,0.8865,4191,True,ACTIVE
ST0500,2024-08-01,2026-03-31,552,2089,2099,안영동 제3노외 주차장 공원,36.290177,127.379514,중구,안영동,대전광역시 중구 안영동 664,608,0.9079,4188,True,ACTIVE
ST0367,2024-08-01,2026-03-31,507,2109,2077,궁동 충남대학교 생명시스템과학대학,36.375907,127.343327,유성구,궁동,대전광역시 유성구 궁동 220,608,0.8339,4186,True,ACTIVE
ST0492,2024-08-01,2026-03-31,541,2078,2090,산성동 원대어린이공원,36.30551,127.385061,중구,산성동,대전광역시 중구 산성동 118-7,608,0.8898,4168,True,ACTIVE
ST0575,2024-08-01,2026-03-31,529,2074,2068,가오동 킹스 불가마사우나,36.30941,127.455016,동구,가오동,대전광역시 동구 가오동 116,608,0.8701,4142,True,ACTIVE
ST1333,2024-12-02,2026-03-31,395,2084,2050,삼성동 한밭중 네거리,36.336248,127.426256,동구,삼성동,대전광역시 동구 삼성동 282-1,485,0.8144,4134,True,ACTIVE
ST0982,2024-08-01,2026-03-31,536,2060,2059,송촌동 대전충남적십자혈액원,36.354194,127.441702,대덕구,송촌동,대전광역시 대덕구 송촌동 364,608,0.8816,4119,True,ACTIVE
ST0680,2024-08-01,2026-03-31,521,2083,2036,선화동 대전여자상업고등학교 정류장,36.332995,127.420758,중구,선화동,대전광역시 중구 선화동 79-1,608,0.8569,4119,True,ACTIVE
ST1485,2025-10-18,2026-03-31,136,2055,2062,관저동 건양대학교 청림학사,36.305223,127.344718,서구,관저동,대전광역시 서구 관저동 1902,165,0.8242,4117,True,ACTIVE
ST0845,2024-08-01,2026-03-31,533,2049,2042,법동 한마음아파트 상가동,36.370752,127.431236,대덕구,법동,대전광역시 대덕구 법동 188,608,0.8766,4091,True,ACTIVE
ST0537,2024-08-01,2026-03-31,525,2053,2038,대사동 충남대학병원 동문 버스정류장,36.317438,127.417701,중구,대사동,대전광역시 중구 대사동 640,608,0.8635,4091,True,ACTIVE
ST1356,2024-12-05,2026-03-31,362,2010,2053,만년동 천연기념물센터(한밭수목원 방면),36.367699,127.393149,서구,만년동,대전광역시 서구 만년동 396-1,482,0.751,4063,True,ACTIVE
ST0936,2024-08-01,2026-03-31,532,2012,2028,낭월동 오투그란데(107동),36.285641,127.465161,동구,낭월동,대전광역시 동구 낭월동 673,608,0.875,4040,True,ACTIVE
ST0594,2024-08-03,2026-03-31,521,2026,1994,낭월동 낭월3호어린이공원,36.281904,127.46644,동구,낭월동,대전광역시 동구 낭월동 362,606,0.8597,4020,False,ACTIVE
ST0480,2024-08-01,2026-03-31,542,2009,2003,대화동 오광무지개아파트 3가,36.36456,127.410347,대덕구,대화동,대전광역시 대덕구 대화동 251-5(국),608,0.8914,4012,True,ACTIVE
ST0324,2024-08-01,2025-05-05,256,2001,2010,도마동 서대전중앙교회,36.314566,127.379227,서구,도마동,도마동 145-11,278,0.9209,4011,False,CLOSED
ST0993,2024-08-01,2026-03-31,514,2006,2001,추목동 자운대 8단지(812동),36.41465,127.344156,유성구,추목동,대전광역시 유성구 추목동 435,608,0.8454,4007,True,ACTIVE
ST0646,2024-08-01,2026-03-31,538,2009,1976,삼성동 삼성네거리(한밭자이아파트 방면) 정류장,36.338717,127.429027,동구,삼성동,대전광역시 동구 삼성동 457,608,0.8849,3985,True,ACTIVE
ST0309,2024-08-01,2026-03-31,525,2131,1845,송촌동  송촌대양 공영주차장 정류장,36.36263,127.438794,대덕구,송촌동,대전광역시 대덕구 송촌동 487-1,608,0.8635,3976,True,ACTIVE
ST0913,2024-08-01,2026-03-31,537,1962,2000,신일동 한솔제지 입구,36.431715,127.407364,대덕구,신일동,대전광역시 대덕구 신일동 1235-2,608,0.8832,3962,True,ACTIVE
ST0024,2024-08-01,2026-03-31,507,2066,1893,덕명동 화산어린이공원,36.349122,127.29873,유성구,덕명동,대전광역시 유성구 덕명동 598,608,0.8339,3959,True,ACTIVE
ST0271,2024-08-01,2026-03-31,532,1972,1980,원내동 샘물타운(305동),36.299599,127.322607,유성구,원내동,대전광역시 유성구 원내동 394,608,0.875,3952,True,ACTIVE
ST0295,2024-08-01,2026-03-31,522,1967,1966,송촌동 송촌먹자골목 공영주차장,36.36558,127.437946,대덕구,송촌동,대전광역시 대덕구 송촌동 458,608,0.8586,3933,True,ACTIVE
ST1130,2024-08-01,2026-03-31,544,1956,1967,법동 동부여성가족원,36.374272,127.428192,대덕구,법동,대전광역시 대덕구 법동 440-6,608,0.8947,3923,False,ACTIVE
ST1386,2024-11-29,2026-03-31,400,1947,1957,신탄진동 대덕구육아복합마더센터 건너편,36.453091,127.434329,대덕구,신탄진동,대전광역시 대덕구 신탄진동 91-35,488,0.8197,3904,True,ACTIVE
ST0581,2024-08-01,2026-03-31,521,1949,1939,가오동 은어송마을 5단지 우미린 입구,36.30851,127.459239,동구,가오동,대전광역시 동구 가오동 556,608,0.8569,3888,True,ACTIVE
ST0472,2024-08-01,2026-03-31,528,1959,1928,도룡동 LG대전어린이집,36.385872,127.376789,유성구,도룡동,대전광역시 유성구 도룡동 386-1,608,0.8684,3887,True,ACTIVE
ST1284,2024-08-01,2026-03-31,528,1968,1903,학하동 진잠농협 옆,36.340826,127.307904,유성구,학하동,대전광역시 유성구 학하동 718-6,608,0.8684,3871,True,ACTIVE
ST1133,2024-08-01,2026-02-03,478,1930,1928,낭월동 오투그란테 후문,36.284019,127.4643,동구,낭월동,대전광역시 동구 낭월동 659,552,0.8659,3858,False,ACTIVE
ST0296,2024-08-01,2026-03-31,545,1964,1851,법동 그린타운 정류장(104동),36.368002,127.434615,대덕구,법동,대전광역시 대덕구 법동 195-1,608,0.8964,3815,True,ACTIVE
ST0422,2024-08-01,2026-03-31,510,1941,1871,신탄진동 용정초등학교,36.454095,127.436957,대덕구,신탄진동,대전광역시 대덕구 신탄진동 55,608,0.8388,3812,True,ACTIVE
ST0850,2024-08-01,2026-03-31,534,1919,1874,법동 대덕경찰서,36.369958,127.429496,대덕구,법동,대전광역시 대덕구 법동 191-1,608,0.8783,3793,True,ACTIVE
ST0306,2024-08-01,2026-03-31,532,1872,1920,신대동 신대노인복지관,36.398428,127.420516,대덕구,신대동,대전광역시 대덕구 신대동 228-5,608,0.875,3792,True,ACTIVE
ST0947,2024-08-01,2026-03-31,509,1885,1872,신일동 한국장애인고용공단 대전직업능력개발원,36.439644,127.410337,대덕구,신일동,대전광역시 대덕구 신일동 1687-1,608,0.8372,3757,True,ACTIVE
ST0928,2024-08-01,2026-03-31,552,1894,1859,용산동 경남아너스빌 1단지(101동),36.420748,127.398614,유성구,용산동,대전광역시 유성구 용산동 716,608,0.9079,3753,True,ACTIVE
ST0497,2024-08-01,2026-03-31,400,1871,1881,산성동 멋티어린이공원,36.303802,127.384062,중구,산성동,대전광역시 중구 산성동 122-14,608,0.6579,3752,True,ACTIVE
ST0807,2024-08-01,2026-03-31,517,1858,1860,관저동 선암초교네거리 정류장(느리울13단지 방면),36.296109,127.336204,서구,관저동,대전광역시 서구 관저동 1549-7,608,0.8503,3718,True,ACTIVE
ST0779,2024-08-02,2026-03-31,532,1844,1859,도안동 도안아이파크(대전에너지사업단 방면) 정류장,36.324228,127.345374,서구,도안동,대전광역시 서구 도안동 1118,607,0.8764,3703,True,ACTIVE
ST1123,2024-08-01,2026-03-31,516,1864,1839,원내동 진잠타운 203동 버스정류장,36.296965,127.320367,유성구,원내동,대전광역시 유성구 원내동 383,608,0.8487,3703,True,ACTIVE
ST0304,2024-08-01,2026-03-31,542,1916,1761,법동 대전지방국세청,36.371901,127.428417,대덕구,법동,대전광역시 대덕구 법동 282-1,608,0.8914,3677,True,ACTIVE
ST0590,2024-08-01,2026-03-31,535,1833,1843,낭월동 석천들아파트(101동),36.276395,127.468364,동구,낭월동,대전광역시 동구 낭월동 611,608,0.8799,3676,True,ACTIVE
ST0981,2024-08-01,2026-03-31,527,1844,1831,가양동 흥룡연립,36.347812,127.446057,동구,가양동,대전광역시 동구 가양동 389-4,608,0.8668,3675,True,ACTIVE
ST0818,2024-08-01,2026-03-31,534,1838,1833,관저동 원앙네거리 구봉신협 원앙지점,36.308082,127.336445,서구,관저동,대전광역시 서구 관저동 981,608,0.8783,3671,False,ACTIVE
ST1406,2024-11-21,2026-03-31,433,1831,1838,판암동 동신중학교,36.321223,127.459016,동구,판암동,대전광역시 동구 판암동 248,496,0.873,3669,True,ACTIVE
ST0901,2024-08-01,2026-03-31,533,1818,1829,지족동 열매마을 7단지 입구,36.372287,127.321406,유성구,지족동,대전광역시 유성구 지족동 919,608,0.8766,3647,True,ACTIVE
ST1380,2024-12-06,2026-03-31,364,1818,1821,안영동 한국효문화진흥원(뿌리공원방향),36.285361,127.38092,중구,안영동,대전광역시 중구 안영동 66-3,481,0.7568,3639,True,ACTIVE
ST1047,2024-08-01,2026-03-31,524,1813,1815,관평동 신동아파밀리에 정류장(509동),36.419803,127.386058,유성구,관평동,대전광역시 유성구 관평동 680,608,0.8618,3628,True,ACTIVE
ST0666,2024-08-01,2026-03-31,528,1819,1809,가양동 대주파크빌 정류장(103동),36.342924,127.44783,동구,가양동,대전광역시 동구 가양동 652-1,608,0.8684,3628,True,ACTIVE
ST1224,2024-08-01,2026-03-31,503,1817,1806,관저동 구봉마을 7단지 703동,36.297616,127.329522,서구,관저동,대전광역시 서구 관저동 1167,608,0.8273,3623,True,ACTIVE
ST0517,2024-08-01,2026-03-31,524,1808,1801,대흥동 성사진관,36.319981,127.420017,중구,대흥동,대전광역시 중구 대흥동 300-4,608,0.8618,3609,True,ACTIVE
ST1115,2024-08-01,2026-03-31,540,1787,1799,"옥계동 현대셀프명성주유소, 옥계모터스",36.301854,127.452155,중구,옥계동,대전광역시 중구 옥계동 51-1,608,0.8882,3586,True,ACTIVE
ST1477,2025-10-22,2026-04-01,132,1775,1793,월평1동 행정복지센터 옆,36.354946,127.35746,서구,월평동,대전광역시 서구 월평동 1182,162,0.8148,3568,True,ACTIVE
ST0141,2024-08-01,2026-03-31,453,1847,1720,문평동 3.4공단 새일근린공원,36.446351,127.403352,대덕구,문평동,대전광역시 대덕구 문평동 78-5,608,0.7451,3567,True,ACTIVE
ST1395,2024-12-03,2026-03-31,389,1761,1798,읍내동 원촌교네거리 정류장(당아래 방면),36.376816,127.411712,대덕구,읍내동,대전광역시 대덕구 읍내동 543-36,484,0.8037,3559,True,ACTIVE
ST1473,2025-10-22,2026-03-31,133,1767,1782,둔산동 보라삼거리 정류장(남선공원네거리 방면),36.35012,127.401505,서구,둔산동,대전광역시 서구 둔산동 2167,161,0.8261,3549,True,ACTIVE
ST0883,2024-08-01,2026-04-01,512,1774,1770,도마동 띠울석갈비 정류장,36.310334,127.372706,서구,도마동,대전광역시 서구 도마동 312-198,609,0.8407,3544,True,ACTIVE
ST1081,2024-08-01,2026-03-31,468,1787,1740,전민동 한남대학교 대덕밸리캠퍼스,36.400108,127.392244,유성구,전민동,대전광역시 유성구 전민동 571,608,0.7697,3527,True,ACTIVE
ST1208,2024-08-01,2026-03-31,548,2036,1478,용산동 호반써밋(205동),36.412777,127.389614,유성구,용산동,대전광역시 유성구 용산동 503-11,608,0.9013,3514,True,ACTIVE
ST0057,2024-10-07,2026-03-31,431,1768,1722,천동 천동초등학교,36.316754,127.444012,동구,천동,대전광역시 동구 천동 199-64,541,0.7967,3490,True,ACTIVE
ST0697,2024-08-01,2026-04-01,543,2058,1431,계산동 학하네거리 학의뜰 방향 정류장,36.340988,127.304846,유성구,계산동,대전광역시 유성구 계산동 803-14,609,0.8916,3489,True,ACTIVE
ST0073,2024-08-01,2026-03-31,519,1760,1727,용전동 한전 대전세종충남지역본부 건너편,36.357341,127.434212,동구,용전동,대전광역시 동구 용전동 45-1,608,0.8536,3487,True,ACTIVE
ST1519,2025-10-26,2026-03-31,125,1752,1714,원신흥동 갑천생태호수공원 주차장B,36.334141,127.349118,유성구,원신흥동,대전광역시 유성구 원신흥동 667,157,0.7962,3466,True,ACTIVE
ST0668,2024-08-01,2026-03-31,523,1729,1730,가양동 가양네거리 현대자동차 대전서비스센터,36.34474,127.446127,동구,가양동,대전광역시 동구 가양동 411-1,608,0.8602,3459,True,ACTIVE
ST1377,2024-12-03,2026-03-31,406,1718,1725,대흥동 성모오거리 정류장(대전고등학교 방변),36.323551,127.420808,중구,대흥동,대전광역시 중구 대흥동 509-7,484,0.8388,3443,True,ACTIVE
ST0405,2024-08-01,2026-03-31,517,1726,1712,구암동 현충원역 3번출구,36.359578,127.320842,유성구,구암동,대전광역시 유성구 구암동 424-88,608,0.8503,3438,True,ACTIVE
ST0648,2024-08-01,2026-03-31,516,1711,1716,가양2동 행정복지센터 건너편,36.349025,127.448029,동구,가양동,대전광역시 동구 가양동 55-3,608,0.8487,3427,True,ACTIVE
ST0178,2024-08-01,2026-03-31,529,1737,1689,하기동 송림마을 2단지 입구,36.387875,127.321377,유성구,하기동,대전광역시 유성구 하기동 516,608,0.8701,3426,True,ACTIVE
ST1197,2024-08-01,2026-03-31,474,1723,1700,장동 인재개발원 입구,36.401016,127.364738,유성구,장동,대전광역시 유성구 장동 25-4,608,0.7796,3423,True,ACTIVE
ST0183,2024-08-01,2026-03-31,549,1794,1619,신성동 한화솔루션중앙연구소 입구,36.38483,127.351862,유성구,신성동,대전광역시 유성구 신성동 6,608,0.903,3413,True,ACTIVE
ST1317,2024-09-10,2026-03-31,475,1695,1694,대동 대동역 3번출구,36.329241,127.442132,동구,대동,대전광역시 동구 대동 165-3,568,0.8363,3389,True,ACTIVE
ST0895,2024-08-01,2026-03-31,530,1691,1688,노은동 농수산물도매시장 건너편 정류장(노은로 방면),36.364207,127.317543,유성구,노은동,대전광역시 유성구 노은동 561-9,608,0.8717,3379,True,ACTIVE
ST0852,2024-08-01,2026-03-31,497,1690,1689,법동 대전지방국세청 남측(법동네거리 방면),36.37112,127.428477,대덕구,법동,대전광역시 대덕구 법동 282-1,608,0.8174,3379,True,ACTIVE
ST1131,2024-08-01,2026-03-31,527,1669,1686,낭월동 오투그란데 101동,36.287379,127.46371,동구,낭월동,대전광역시 동구 낭월동 655,608,0.8668,3355,True,ACTIVE
ST1230,2024-08-01,2026-03-31,483,1681,1671,신일동 유에스티 버스정류장,36.441238,127.400064,대덕구,신일동,대전광역시 대덕구 신일동 1673-8,608,0.7944,3352,True,ACTIVE
ST1417,2025-03-28,2026-03-31,317,1675,1666,지족동 지족네거리,36.375474,127.317664,유성구,지족동,대전광역시 유성구 지족동 899,369,0.8591,3341,True,ACTIVE
ST0561,2024-08-01,2026-03-31,504,1666,1671,도마동 대아아파트(104동),36.325565,127.370232,서구,도마동,대전광역시 서구 도마동 409-9,608,0.8289,3337,True,ACTIVE
ST0679,2024-08-01,2026-03-31,446,1663,1661,가양동 가양도서관 버스정류장,36.348545,127.444001,동구,가양동,대전광역시 동구 가양동 422-7,608,0.7336,3324,True,ACTIVE
ST0659,2024-08-01,2026-03-31,514,1660,1664,용전동 한전대전세종충남지역본부 입구 정류장,36.357675,127.434544,동구,용전동,대전광역시 동구 용전동 12-9,608,0.8454,3324,True,ACTIVE
ST0656,2024-08-01,2026-03-31,509,1648,1653,비래동 비래프라자,36.354552,127.449529,대덕구,비래동,대전광역시 대덕구 비래동 140-7,608,0.8372,3301,True,ACTIVE
ST0249,2024-08-01,2026-03-31,495,1641,1623,관저동 느리울마을 12단지(1202동),36.298925,127.342112,서구,관저동,대전광역시 서구 관저동 1398,608,0.8141,3264,True,ACTIVE
ST0922,2024-08-01,2026-03-31,524,1629,1634,산성동 주원교회 건너편,36.295903,127.386592,중구,사정동,대전광역시 중구 사정동 517,608,0.8618,3263,True,ACTIVE
ST0700,2024-08-01,2026-04-01,514,1631,1612,덕명동 덕명공영주차장,36.359446,127.301643,유성구,덕명동,대전광역시 유성구 덕명동 513,609,0.844,3243,True,ACTIVE
ST0475,2024-08-01,2026-03-31,533,1624,1618,관저동 구봉마을 8단지(805동),36.296389,127.3314,서구,관저동,대전광역시 서구 관저동 1148,608,0.8766,3242,True,ACTIVE
ST1248,2024-08-01,2026-03-31,500,1644,1593,갈마동 상수도 서부사무소,36.340373,127.366463,서구,갈마동,대전광역시 서구 갈마동 427-55,608,0.8224,3237,True,ACTIVE
ST0628,2024-08-01,2026-03-31,498,1628,1594,신안동 대전화병원(베스티안 화상병원),36.328956,127.439445,동구,신안동,대전광역시 동구 신안동 293-1,608,0.8191,3222,True,ACTIVE
ST0169,2024-08-01,2026-03-31,518,1729,1488,지족동 노은해랑숲마을 6단지(607동),36.385028,127.30798,유성구,지족동,대전광역시 유성구 지족동 1031,608,0.852,3217,True,ACTIVE
ST1428,2025-02-04,2026-03-31,221,1673,1536,도룡동 청년하우스,36.378868,127.390416,유성구,도룡동,대전광역시 유성구 도룡동 4-25,421,0.5249,3209,True,ACTIVE
ST1337,2024-11-14,2026-03-31,405,1601,1605,가양동 671,36.347545,127.45001,동구,가양동,대전광역시 동구 가양동 671,503,0.8052,3206,True,ACTIVE
ST0074,2024-08-01,2026-03-31,516,1598,1584,용전동 롯데하이마트 용전점,36.355292,127.436636,동구,용전동,대전광역시 동구 용전동 51-17,608,0.8487,3182,True,ACTIVE
ST0495,2024-08-01,2026-03-31,519,1594,1586,산성동 산성네거리 김밥친구 건너편,36.302865,127.386362,중구,산성동,대전광역시 중구 산성동 산10,608,0.8536,3180,True,ACTIVE
ST0935,2024-08-01,2026-03-31,491,1574,1585,낭월동 우체국,36.281293,127.467431,동구,낭월동,대전광역시 동구 낭월동 459,608,0.8076,3159,False,ACTIVE
ST1369,2025-03-04,2026-03-31,354,1582,1575,목동 올리브힐 아파트,36.337524,127.404498,중구,목동,대전광역시 중구 목동 24-47,393,0.9008,3157,True,ACTIVE
ST0260,2024-08-01,2026-03-31,484,1571,1580,관저동 건양대병원네거리(리슈빌110동),36.302124,127.340835,서구,관저동,대전광역시 서구 관저동 1433,608,0.7961,3151,True,ACTIVE
ST1455,2025-10-17,2026-03-31,135,1569,1578,중동 대전역 3번출구,36.331643,127.432653,동구,중동,대전광역시 동구 중동 317,166,0.8133,3147,True,ACTIVE
ST0836,2024-08-01,2026-03-31,511,1562,1574,중리동 미래어린이공원,36.364024,127.423344,대덕구,중리동,대전광역시 대덕구 중리동 378-12,608,0.8405,3136,True,ACTIVE
ST1371,2024-11-25,2026-03-31,390,1571,1547,안영동 효문화마을입구 정류장,36.286639,127.378512,중구,안영동,대전광역시 중구 안영동 702-2,492,0.7927,3118,True,ACTIVE
ST1311,2024-08-19,2026-03-31,498,1558,1548,판암동 판암네거리 정류장,36.317928,127.46185,동구,판암동,대전광역시 동구 판암동 351,590,0.8441,3106,True,ACTIVE
ST1435,2025-09-26,2026-03-31,155,1550,1554,탄방동 둔산자이아이파크 104동,36.340978,127.377845,서구,탄방동,대전광역시 서구 탄방동 1494,187,0.8289,3104,True,ACTIVE
ST0029,2024-08-01,2026-03-31,536,1550,1542,오정동 한일방전,36.352175,127.413985,대덕구,오정동,대전광역시 대덕구 오정동 382-6,608,0.8816,3092,True,ACTIVE
ST1150,2024-08-01,2026-03-31,505,1594,1493,내동 롯데아파트,36.337937,127.366734,서구,내동,대전광역시 서구 내동 220-2,608,0.8306,3087,True,ACTIVE
ST0669,2024-08-01,2026-03-31,492,1549,1529,가양동 가양네거리 양반고을,36.34557,127.446389,동구,가양동,대전광역시 동구 가양동 402-2,608,0.8092,3078,True,ACTIVE
ST0469,2024-08-01,2026-03-31,539,1519,1556,신탄진동 성하타운,36.441003,127.430795,대덕구,신탄진동,대전광역시 대덕구 신탄진동 248-5,608,0.8865,3075,True,ACTIVE
ST0842,2024-08-01,2026-03-31,520,1532,1541,중리동 계족로(송애당 입구) 방면,36.364568,127.431422,대덕구,중리동,대전광역시 대덕구 중리동 99-1,608,0.8553,3073,True,ACTIVE
ST1189,2024-08-02,2026-03-31,511,1533,1537,가양동 대주파크빌 이마트24,36.344007,127.448295,동구,가양동,대전광역시 동구 가양동 651-14,607,0.8418,3070,True,ACTIVE
ST1119,2024-08-01,2026-03-31,479,1530,1525,비래동 대전IC 한전KDN충청지역본부,36.354764,127.444435,대덕구,비래동,대전광역시 대덕구 비래동 555-1,608,0.7878,3055,True,ACTIVE
ST0268,2024-08-01,2026-03-31,498,1521,1513,"관저동 구봉마을 8단지 정류장(814동, 33420)",36.298805,127.332188,서구,관저동,대전광역시 서구 관저동 1148,608,0.8191,3034,True,ACTIVE
ST0305,2024-08-01,2026-03-31,517,1535,1490,법동 삼정하이츠 정류장(7동),36.373687,127.427946,대덕구,법동,대전광역시 대덕구 법동 281,608,0.8503,3025,True,ACTIVE
ST1319,2024-10-29,2026-03-31,440,1492,1505,대동 파파존스 대전동구점 ,36.325782,127.44527,동구,대동,대전광역시 동구 대동 195-19,519,0.8478,2997,True,ACTIVE
ST1530,2025-11-20,2026-03-31,101,1494,1493,월평동 대전무역회관,36.358978,127.379189,서구,월평동,대전광역시 서구 월평동 282-1,132,0.7652,2987,True,ACTIVE
ST0695,2024-08-01,2026-03-31,489,1548,1411,계산동 한아름마트,36.341399,127.303138,유성구,계산동,대전광역시 유성구 계산동 802-5,608,0.8043,2959,True,ACTIVE
ST1457,2025-10-18,2026-04-01,139,1470,1489,신흥동 신흥SK뷰아파트(101동),36.323395,127.443733,동구,신흥동,대전광역시 동구 신흥동 6,166,0.8373,2959,True,ACTIVE
ST1338,2024-11-14,2026-03-31,441,1482,1474,성남동 성남다목적체육관,36.342347,127.430995,동구,성남동,대전광역시 동구 성남동 535,503,0.8767,2956,True,ACTIVE
ST1506,2025-06-10,2026-03-31,131,1480,1470,부사동 한화이글스파크,36.317894,127.431514,중구,부사동,대전광역시 중구 부사동 209-1,295,0.4441,2950,True,ACTIVE
ST1178,2024-08-01,2026-03-31,508,1468,1467,가양동 가팔어린이공원,36.344248,127.449159,동구,가양동,대전광역시 동구 가양동 656,608,0.8355,2935,True,ACTIVE
ST0297,2024-08-01,2026-03-31,531,1604,1320,송촌동 선비마을 3단지,36.368186,127.440099,대덕구,송촌동,대전광역시 대덕구 송촌동 461-1,608,0.8734,2924,True,ACTIVE
ST1389,2024-12-03,2026-03-31,394,1465,1456,송촌동 송촌도서관,36.360139,127.440378,대덕구,송촌동,대전광역시 대덕구 송촌동 165,484,0.814,2921,True,ACTIVE
ST1322,2024-12-02,2026-03-31,393,1461,1448,소제동 대전버거,36.335688,127.436845,동구,소제동,대전광역시 동구 소제동 299-571,485,0.8103,2909,True,ACTIVE
ST0217,2024-08-01,2026-03-31,501,1472,1436,상대동 도안 5단지 트리풀시티 정문(501동) ,36.343942,127.335742,유성구,상대동,대전광역시 유성구 상대동 464,608,0.824,2908,True,ACTIVE
ST0499,2024-08-01,2026-03-31,539,1448,1443,산성동 도림빌라,36.301836,127.387322,중구,산성동,대전광역시 중구 산성동 274-13,608,0.8865,2891,True,ACTIVE
ST0859,2024-08-01,2026-03-31,523,1446,1442,읍내동 회덕농협 건너편,36.379356,127.426807,대덕구,읍내동,대전광역시 대덕구 읍내동 577,608,0.8602,2888,True,ACTIVE
ST1120,2024-08-01,2026-03-31,469,1462,1415,학하동 학하리슈빌포레 주출입구 건너편,36.335561,127.309473,유성구,학하동,대전광역시 유성구 학하동 762-7,608,0.7714,2877,True,ACTIVE
ST0664,2024-08-01,2026-04-01,516,1442,1435,홍도동 시영아파트 1동 건너편 정류장,36.345707,127.422246,동구,홍도동,대전광역시 동구 홍도동 140-14,609,0.8473,2877,True,ACTIVE
ST0283,2024-08-01,2026-04-01,526,1634,1242,관저동 원앙네거리(대자연마을아파트 방면),36.307625,127.335373,서구,관저동,대전광역시 서구 관저동 1788,609,0.8637,2876,True,ACTIVE
ST0273,2024-08-01,2026-03-31,487,1435,1440,원내동 서일여고 입구 건너편,36.295188,127.321062,유성구,원내동,대전광역시 유성구 원내동 358,608,0.801,2875,True,ACTIVE
ST1265,2024-08-01,2026-03-31,503,1453,1412,자운동 국군대전병원입구,36.401863,127.346135,유성구,자운동,대전광역시 유성구 자운동 44-1,608,0.8273,2865,True,ACTIVE
ST0564,2024-08-01,2026-03-31,465,1429,1436,도마동 정철어학원,36.323368,127.370419,서구,도마동,대전광역시 서구 도마동 25-2,608,0.7648,2865,True,ACTIVE
ST0280,2024-08-02,2026-03-31,524,1501,1362,관저동 대자연마을(108동),36.307592,127.338717,서구,관저동,대전광역시 서구 관저동 990,607,0.8633,2863,True,ACTIVE
ST0699,2024-08-01,2026-04-01,465,1444,1416,덕명동 한밭대학교 1차 BTL 학생생활관 입구,36.345347,127.304752,유성구,덕명동,대전광역시 유성구 덕명동 609-2,609,0.7635,2860,True,ACTIVE
ST1068,2024-08-01,2025-08-01,329,1425,1423,자양동 우송대 정문 건너편,36.336899,127.44775,동구,자양동,대전광역시 동구 자양동 58-12,366,0.8989,2848,False,CLOSED
ST0301,2024-08-01,2026-03-31,513,1623,1222,송촌동 송촌소방서,36.362965,127.438949,대덕구,송촌동,대전광역시 대덕구 송촌동 472-7,608,0.8438,2845,True,ACTIVE
ST1323,2024-11-30,2026-03-31,396,1411,1409,소제동 대성여자고등학교(성남네거리방면)  ,36.337153,127.438699,동구,소제동,대전광역시 동구 소제동 305-219,487,0.8131,2820,True,ACTIVE
ST0498,2024-08-01,2026-03-31,518,1404,1412,산성동 으뜸마을,36.301882,127.388819,중구,산성동,대전광역시 중구 산성동 276-10,608,0.852,2816,True,ACTIVE
ST1486,2025-09-22,2026-03-31,130,1415,1394,둔산동 한국환경공단,36.359638,127.380988,서구,둔산동,대전광역시 서구 둔산동 937,191,0.6806,2809,True,ACTIVE
ST0870,2024-08-01,2026-03-31,510,1417,1382,가장동 큰손부추해물칼국수,36.328047,127.386538,서구,가장동,대전광역시 서구 가장동 34-7,608,0.8388,2799,True,ACTIVE
ST0876,2024-08-01,2025-03-05,39,1400,1395,변동 포도힐6차아파트 입구,36.323143,127.378065,서구,변동,변동 61-1,217,0.1797,2795,False,CLOSED
ST0572,2024-08-01,2026-03-31,497,1387,1408,대성동 대별교 SK남대전IC충전소,36.290124,127.463408,동구,대성동,대전광역시 동구 대성동 266-5,608,0.8174,2795,True,ACTIVE
ST0269,2024-08-02,2026-03-31,486,1389,1388,관저동 구봉초등학교 건너편,36.298827,127.329598,서구,관저동,대전광역시 서구 관저동 1147,607,0.8007,2777,True,ACTIVE
ST0630,2024-08-01,2026-03-31,504,1388,1385,천동 휴먼시아2단지아파트 103동,36.313949,127.445733,동구,천동,대전광역시 동구 천동 528,608,0.8289,2773,True,ACTIVE
ST0046,2024-08-01,2026-03-31,501,1509,1253,대사동 보문산 공영주차장,36.311962,127.420543,중구,대사동,대전광역시 중구 대사동 197-214,608,0.824,2762,True,ACTIVE
ST1042,2024-08-02,2026-03-31,478,1370,1371,관저동 관저더샵 2차(202동),36.293938,127.326051,서구,관저동,대전광역시 서구 관저동 1981,607,0.7875,2741,True,ACTIVE
ST0307,2024-08-01,2026-03-31,520,1382,1355,와동 현대아파트(대덕의원),36.400464,127.422657,대덕구,신대동,대전광역시 대덕구 신대동 179,608,0.8553,2737,True,ACTIVE
ST0813,2024-08-01,2026-03-31,476,1355,1356,대정동 대정교 정류장(모다아울렛),36.311983,127.31829,유성구,대정동,대전광역시 유성구 대정동 303-3,608,0.7829,2711,True,ACTIVE
ST1504,2025-10-23,2026-03-31,129,1357,1350,용두동 골든타워,36.324328,127.410533,중구,용두동,대전광역시 중구 용두동 23-1,160,0.8062,2707,True,ACTIVE
ST0343,2024-08-01,2026-03-31,435,1348,1349,소제동 우송중학교 입구,36.335685,127.442644,동구,소제동,대전광역시 동구 소제동 305-792,608,0.7155,2697,True,ACTIVE
ST0778,2024-08-01,2026-03-31,500,1349,1343,원신흥동 도안휴먼시아10단지아파트 1001동,36.33838,127.340334,유성구,원신흥동,대전광역시 유성구 원신흥동 494-2,608,0.8224,2692,True,ACTIVE
ST0622,2024-08-01,2026-03-31,515,1345,1347,용운동 모닝빌(A동),36.331233,127.454531,동구,용운동,대전광역시 동구 용운동 691-1,608,0.847,2692,True,ACTIVE
ST0613,2024-08-01,2025-04-23,254,1333,1353,판암동 주공4차아파트(413동),36.322175,127.460763,동구,판암동,판암동 242,266,0.9549,2686,False,CLOSED
ST0054,2024-08-02,2026-03-31,484,1359,1326,용운동 대전대 후문,36.335168,127.456467,동구,용운동,대전광역시 동구 용운동 631,607,0.7974,2685,True,ACTIVE
ST0115,2024-08-01,2026-03-31,487,1351,1331,신탄진동 동일스위트 1단지(103동),36.45277,127.430576,대덕구,신탄진동,대전광역시 대덕구 신탄진동 100-1,608,0.801,2682,True,ACTIVE
ST1171,2024-08-01,2026-03-31,494,1338,1338,가양동 국제라이온스협회 356-B(대전),36.34528,127.445126,동구,가양동,대전광역시 동구 가양동 414-19,608,0.8125,2676,True,ACTIVE
ST0282,2024-08-01,2026-03-31,495,1338,1330,관저동 대자연마을 건너편(107동),36.307658,127.336754,서구,관저동,대전광역시 서구 관저동 1829,608,0.8141,2668,True,ACTIVE
ST0135,2024-08-01,2026-03-31,458,1340,1324,복수동 대전과학기술대 정문 건너편,36.304837,127.374705,서구,복수동,대전광역시 서구 복수동 275-31,608,0.7533,2664,True,ACTIVE
ST0605,2024-08-01,2026-03-31,490,1345,1289,가오동 은어송마을4단지,36.310099,127.461413,동구,가오동,대전광역시 동구 가오동 555,608,0.8059,2634,True,ACTIVE
ST0058,2024-08-01,2026-03-31,447,1306,1324,천동 위드힐아파트 상가,36.316432,127.443883,동구,천동,대전광역시 동구 천동 540,608,0.7352,2630,True,ACTIVE
ST1410,2024-11-30,2025-03-23,93,1304,1323,26년3권역,36.29869,127.339063,서구,관저동,대전광역시 서구 관저동 1344,114,0.8158,2627,False,CLOSED
ST0943,2024-08-01,2026-03-31,517,1313,1309,봉산동 휴먼시아 상가 정류장,36.438033,127.384814,유성구,봉산동,대전광역시 유성구 봉산동 305-10,608,0.8503,2622,True,ACTIVE
ST0661,2024-08-01,2026-03-31,492,1297,1279,용전동우체국,36.35471,127.432884,동구,용전동,대전광역시 동구 용전동 123-8,608,0.8092,2576,True,ACTIVE
ST1451,2025-10-23,2026-03-31,131,1278,1296,대성동 은어송초등학교 정류장(은어송하늘채리버뷰 방면),36.301049,127.456986,동구,대성동,대전광역시 동구 대성동 84,160,0.8188,2574,True,ACTIVE
ST1294,2025-03-04,2026-03-31,347,1283,1283,와동 대덕브라운스톤  101동,36.399453,127.423359,대덕구,와동,대전광역시 대덕구 와동 507,393,0.883,2566,True,ACTIVE
ST1436,2025-10-18,2026-03-31,144,1274,1292,구암동 구암다가온행복주택 103동,36.353994,127.327309,유성구,구암동,대전광역시 유성구 구암동 745,165,0.8727,2566,True,ACTIVE
ST1176,2024-08-01,2026-03-31,492,1280,1274,가양동 올댓,36.346604,127.4447,동구,가양동,대전광역시 동구 가양동 419-2,608,0.8092,2554,True,ACTIVE
ST0999,2024-08-01,2026-03-31,498,1269,1273,가오동 은어송마을 3단지(311동),36.312054,127.459413,동구,가오동,대전광역시 동구 가오동 496,608,0.8191,2542,True,ACTIVE
ST0995,2024-08-01,2026-03-31,493,1268,1274,용운동 한화꿈에그린 입구,36.332435,127.457031,동구,용운동,대전광역시 동구 용운동 767-1,608,0.8109,2542,True,ACTIVE
ST1245,2024-08-01,2026-03-31,481,1271,1267,복용동 이마트 24 대전복용점 옆,36.341983,127.314006,유성구,복용동,대전광역시 유성구 복용동 607-8,608,0.7911,2538,True,ACTIVE
ST1268,2024-08-01,2026-03-31,496,1260,1267,갈마동 성원빌라 앞,36.341388,127.374238,서구,갈마동,대전광역시 서구 갈마동 1277,608,0.8158,2527,True,ACTIVE
ST0157,2024-08-01,2026-03-31,487,1349,1164,반석동 반석마을 8단지 정류장(805동),36.395188,127.312011,유성구,반석동,대전광역시 유성구 반석동 623,608,0.801,2513,True,ACTIVE
ST0856,2024-08-01,2026-03-31,506,1256,1249,읍내동 회덕유래비 건너편 정류장,36.376853,127.420782,대덕구,읍내동,대전광역시 대덕구 읍내동 246-8,608,0.8322,2505,True,ACTIVE
ST0696,2024-08-01,2026-04-01,470,1257,1213,계산동 학하리슈빌 학의뜰 입구,36.33771,127.303088,유성구,계산동,대전광역시 유성구 계산동 749,609,0.7718,2470,True,ACTIVE
ST0920,2024-08-04,2026-03-31,477,1231,1227,도룡동 LG화학 사원아파트,36.386808,127.377847,유성구,도룡동,대전광역시 유성구 도룡동 386-4,605,0.7884,2458,True,ACTIVE
ST0866,2024-08-01,2026-03-31,467,1228,1228,비래동 SJ산림조합중앙회 건너편 정류장,36.356406,127.44476,대덕구,송촌동,대전광역시 대덕구 송촌동 564-4,608,0.7681,2456,True,ACTIVE
ST0175,2024-08-01,2026-03-31,461,1221,1233,지족동 인앤인아파트(103동),36.384873,127.319635,유성구,지족동,대전광역시 유성구 지족동 836-5,608,0.7582,2454,True,ACTIVE
ST0214,2024-08-01,2026-03-31,503,1239,1206,상대동 도안 3단지 한라비발디(306동),36.34313,127.333528,유성구,상대동,대전광역시 유성구 상대동 461-4,608,0.8273,2445,True,ACTIVE
ST0589,2024-08-01,2026-03-31,471,1219,1221,가오동 도원빌라,36.309749,127.452955,동구,가오동,대전광역시 동구 가오동 136-1,608,0.7747,2440,True,ACTIVE
ST1398,2024-12-02,2026-03-31,390,1239,1198,신일동 한온시스템 정류장,36.433976,127.410436,대덕구,신일동,대전광역시 대덕구 신일동 1704,485,0.8041,2437,True,ACTIVE
ST0580,2024-08-01,2026-03-29,485,1210,1215,가오동 은어송마을 3단지 상가,36.310467,127.459805,동구,가오동,대전광역시 동구 가오동 496,606,0.8003,2425,True,ACTIVE
ST1253,2024-08-05,2026-03-31,467,1199,1194,산성동 공원아파트 입구,36.305469,127.3961,중구,산성동,대전광역시 중구 산성동 330-3,604,0.7732,2393,True,ACTIVE
ST0861,2024-08-01,2026-03-31,501,1192,1181,신대동 연축주공아파트 104동,36.396576,127.422896,대덕구,신대동,대전광역시 대덕구 신대동 491-12,608,0.824,2373,True,ACTIVE
ST0423,2024-08-01,2026-03-31,402,1188,1182,삼정동 삼정삼거리,36.449595,127.456612,대덕구,삼정동,대전광역시 대덕구 삼정동 27-4,608,0.6612,2370,True,ACTIVE
ST0609,2024-08-02,2026-03-31,477,1296,1051,용운동 e편한세상 에코포레(101동),36.330637,127.463502,동구,용운동,대전광역시 동구 용운동 784,607,0.7858,2347,True,ACTIVE
ST1241,2024-08-01,2026-04-01,486,1176,1165,지족동 대전 노은4단지 아파트 상가 맞은편,36.377906,127.304276,유성구,지족동,대전광역시 유성구 지족동 1048,609,0.798,2341,True,ACTIVE
ST0655,2024-08-02,2026-03-31,496,1160,1163,비래동 금성백조 2차(103동),36.357743,127.451331,대덕구,비래동,대전광역시 대덕구 비래동 136-1,607,0.8171,2323,True,ACTIVE
ST1205,2024-08-01,2026-03-31,478,1170,1143,성남동 휴먼시아 스마트뷰 건너편,36.343792,127.434345,동구,성남동,대전광역시 동구 성남동 166-120,608,0.7862,2313,True,ACTIVE
ST0294,2024-08-01,2026-03-01,433,1151,1155,법동 보람아파트,36.366409,127.4304,대덕구,법동,대전광역시 대덕구 법동 202-9,578,0.7491,2306,False,ACTIVE
ST1217,2024-08-01,2026-04-01,445,1187,1114,학하동 학하리슈빌포레 부출입구 앞,36.334601,127.310301,유성구,학하동,대전광역시 유성구 학하동 823,609,0.7307,2301,True,ACTIVE
ST1531,2025-10-01,2026-03-31,101,1166,1132,전민동 엑스포아파트 5단지 상가,36.399592,127.406552,유성구,전민동,대전광역시 유성구 전민동 464-1,182,0.5549,2298,True,ACTIVE
ST1184,2024-08-01,2026-03-31,459,1160,1138,인동네거리 신협2,36.321405,127.437874,동구,인동,대전광역시 동구 인동 42-4,608,0.7549,2298,True,ACTIVE
ST1255,2024-08-01,2026-03-31,469,1151,1144,소제동 현대카크리닉 앞,36.331999,127.440474,동구,소제동,대전광역시 동구 소제동 284-4,608,0.7714,2295,True,ACTIVE
ST0549,2024-08-01,2026-03-31,488,1255,1008,대흥동 포트캔커피 대전대흥점,36.319331,127.424867,중구,대흥동,대전광역시 중구 대흥동 336-20,608,0.8026,2263,True,ACTIVE
ST0761,2024-08-01,2026-03-31,423,1148,1112,장동 LG생활건강 기술연구원 입구,36.38486,127.362126,대덕구,장동,대전광역시 대덕구 장동 84,608,0.6957,2260,True,ACTIVE
ST1330,2024-12-01,2026-03-31,393,1124,1127,판암동 판암주공6단지아파트,36.323548,127.45854,동구,판암동,대전광역시 동구 판암동 237,486,0.8086,2251,True,ACTIVE
ST0576,2024-08-04,2026-03-30,460,1130,1113,가오고등학교 건너편,36.310242,127.455518,동구,가오동,대전광역시 동구 가오동 472,604,0.7616,2243,True,ACTIVE
ST0932,2024-08-01,2026-03-31,479,1135,1095,용산동 테크노밸리 2단지(201동),36.41753,127.39545,유성구,용산동,대전광역시 유성구 용산동 672,608,0.7878,2230,True,ACTIVE
ST1325,2024-12-04,2026-03-31,381,1108,1112,대동 대전지식산업센터,36.32711,127.444093,동구,대동,대전광역시 동구 대동 90-3,483,0.7888,2220,True,ACTIVE
ST1370,2024-11-29,2026-03-31,386,1105,1100,안영동 안영생활체육단지,36.285343,127.37465,중구,안영동,대전광역시 중구 안영동 400-1,488,0.791,2205,True,ACTIVE
ST1272,2024-08-01,2026-03-31,470,1121,1076,관저동  관저2동성당 앞,36.299405,127.344841,서구,관저동,대전광역시 서구 관저동 1620-2,608,0.773,2197,True,ACTIVE
ST1425,2025-05-27,2026-03-31,266,1097,1097,인동 스카이자이르네아파트,36.324214,127.4363,동구,인동,대전광역시 동구 인동 72-3,309,0.8608,2194,True,ACTIVE
ST1299,2024-08-01,2026-03-31,411,1093,1098,화암동 만남의 광장(북대전IC),36.416664,127.377146,유성구,화암동,대전광역시 유성구 화암동 194-19,608,0.676,2191,True,ACTIVE
ST0929,2024-08-01,2026-03-30,503,1131,1049,용산동 테크노밸리푸르지오 1단지(101동),36.418407,127.396803,유성구,용산동,대전광역시 유성구 용산동 722,607,0.8287,2180,True,ACTIVE
ST0840,2024-08-01,2026-03-31,483,1091,1087,중리동 중리중학교 입구 정류장,36.366696,127.429898,대덕구,중리동,대전광역시 대덕구 중리동 132-5,608,0.7944,2178,True,ACTIVE
ST1305,2024-08-03,2026-03-31,450,1086,1083,문화동 극동아파트(104동),36.305947,127.403693,중구,문화동,대전광역시 중구 문화동 541-8,606,0.7426,2169,True,ACTIVE
ST0692,2024-08-01,2026-03-30,426,1096,1072,덕명동 수통골삼거리 공영주차장,36.347516,127.296977,유성구,덕명동,대전광역시 유성구 덕명동 595,607,0.7018,2168,True,ACTIVE
ST0308,2024-08-01,2026-03-31,439,1083,1079,상서동 대창아파트 입구,36.425959,127.425862,대덕구,상서동,대전광역시 대덕구 상서동 141,608,0.722,2162,True,ACTIVE
ST1474,2025-10-25,2026-03-31,130,1079,1070,변동 29-21,36.326923,127.379884,서구,변동,대전광역시 서구 변동 29-21,158,0.8228,2149,True,ACTIVE
ST0953,2024-08-01,2026-03-31,486,1065,1067,석봉동 이노센스뷰아파트,36.447445,127.424825,대덕구,석봉동,대전광역시 대덕구 석봉동 759,608,0.7993,2132,True,ACTIVE
ST0146,2024-08-01,2026-03-31,469,1103,1027,신일동 삼양패키징 대전2공장 정류장,36.444337,127.404176,대덕구,신일동,대전광역시 대덕구 신일동 1685-3,608,0.7714,2130,True,ACTIVE
ST1218,2024-08-02,2026-03-30,438,1066,1063,송촌동 적십자 버스정류장,36.352955,127.442832,대덕구,송촌동,대전광역시 대덕구 송촌동 367,606,0.7228,2129,True,ACTIVE
ST1472,2025-10-22,2026-03-31,130,1064,1064,갈마2동 행정복지센터 옆 (김한돈),36.346435,127.374889,서구,갈마동,대전광역시 서구 갈마동 1458,161,0.8075,2128,True,ACTIVE
ST0643,2024-08-01,2026-03-31,399,1072,1054,문지동 국립문화재연구원,36.390565,127.392119,유성구,문지동,대전광역시 유성구 문지동 472,608,0.6562,2126,True,ACTIVE
ST0997,2024-08-01,2026-03-31,467,1054,1053,가오동 은어송마을 1단지(108동),36.303742,127.457495,동구,가오동,대전광역시 동구 가오동 727,608,0.7681,2107,True,ACTIVE
ST1471,2025-10-27,2026-03-31,127,1053,1050,도안동 예미지105동 앞,36.330213,127.343172,서구,도안동,대전광역시 서구 도안동 965,156,0.8141,2103,True,ACTIVE
ST1456,2025-10-20,2026-03-31,135,1046,1052,천동 리더스시티 5단지아파트 511동,36.319097,127.446311,동구,천동,대전광역시 동구 천동 7-16,163,0.8282,2098,True,ACTIVE
ST1463,2025-10-18,2026-03-31,132,1048,1049,가양동 동구국민체육센터,36.339737,127.437631,동구,가양동,대전광역시 동구 가양동 709-1,165,0.8,2097,True,ACTIVE
ST0863,2024-08-01,2026-03-31,461,1050,1042,덕암동 덕암동행정복지센터,36.44008,127.42703,대덕구,덕암동,대전광역시 대덕구 덕암동 48-2,608,0.7582,2092,True,ACTIVE
ST0976,2024-08-01,2026-03-31,456,1028,1033,송촌동 송촌서오아파트(104동),36.359496,127.445773,대덕구,송촌동,대전광역시 대덕구 송촌동 555,608,0.75,2061,True,ACTIVE
ST1215,2024-08-01,2026-03-31,452,1040,1007,용산동 호반써밋(4단지관리사무소앞),36.41434,127.393669,유성구,용산동,대전광역시 유성구 용산동 400-3,608,0.7434,2047,True,ACTIVE
ST0719,2024-08-02,2026-03-31,462,1012,1004,갈마동 굿에프터눈안경원,36.342224,127.371818,서구,갈마동,대전광역시 서구 갈마동 403-17,607,0.7611,2016,True,ACTIVE
ST0893,2024-08-01,2026-03-31,481,1013,1000,노은동 열매마을 11단지(1109동),36.364508,127.31358,유성구,노은동,대전광역시 유성구 노은동 552-3,608,0.7911,2013,True,ACTIVE
ST1286,2024-08-01,2026-03-31,442,1017,994,복수동 복수센트럴자이 앞,36.305805,127.372904,서구,복수동,대전광역시 서구 복수동 1004,608,0.727,2011,True,ACTIVE
ST0698,2024-08-01,2026-04-01,419,1009,1000,덕명동 한밭대학교 미래동 후문,36.346023,127.303663,유성구,덕명동,대전광역시 유성구 덕명동 608-1,609,0.688,2009,True,ACTIVE
ST1521,2025-10-30,2026-03-31,123,1000,1002,탄방동 서구노인복지관,36.345649,127.396712,서구,탄방동,대전광역시 서구 탄방동 1084,153,0.8039,2002,True,ACTIVE
ST1182,2024-08-01,2026-03-31,448,1000,1002,복용동 오토월드 버스정류장,36.342351,127.321093,유성구,복용동,대전광역시 유성구 복용동 175-3,608,0.7368,2002,True,ACTIVE
ST1169,2024-08-01,2026-03-31,433,998,998, 문화동 충남대학교병원 간호대학,36.315591,127.413314,중구,문화동,대전광역시 중구 문화동 6,608,0.7122,1996,True,ACTIVE
ST1140,2024-08-01,2026-03-28,455,1010,986,노은동 노은농수산물시장,36.36658,127.321225,유성구,노은동,대전광역시 유성구 노은동 612,605,0.7521,1996,True,ACTIVE
ST1532,2026-01-28,2026-03-31,63,1001,982,구암동 유성복합터미널,36.355244,127.330402,유성구,구암동,대전광역시 유성구 구암동 81-1,63,1.0,1983,True,NEW
ST1400,2024-11-27,2026-03-31,356,991,990,중리동근린공원 정류장(중리동주민센터방면),36.363632,127.42504,대덕구,중리동,대전광역시 대덕구 중리동 384-5,490,0.7265,1981,True,ACTIVE
ST0468,2024-08-01,2026-03-31,423,986,987,덕명동 S-OIL 건너편,36.347763,127.299878,유성구,덕명동,대전광역시 유성구 덕명동 597-14,608,0.6957,1973,True,ACTIVE
ST0884,2024-08-01,2026-03-31,438,1014,949,전민동 한국한의학연구원 건너편,36.400008,127.394138,유성구,전민동,대전광역시 유성구 전민동 263-6,608,0.7204,1963,True,ACTIVE
ST0678,2024-08-01,2026-03-31,452,993,968,가양동 와와툴코리아,36.348707,127.443426,동구,가양동,대전광역시 동구 가양동 429-4,608,0.7434,1961,True,ACTIVE
ST0077,2024-08-01,2026-03-31,439,997,960,용전동 동대전새마을금고 용전지점,36.353727,127.432766,동구,용전동,대전광역시 동구 용전동 127-35,608,0.722,1957,True,ACTIVE
ST0980,2024-08-01,2026-03-31,447,976,980,가양동 두원빌라(A동),36.349513,127.449036,동구,가양동,대전광역시 동구 가양동 675,608,0.7352,1956,True,ACTIVE
ST1091,2024-08-01,2026-03-31,448,996,946,법동 대전근로복지공단대전병원(정문),36.368093,127.42945,대덕구,법동,대전광역시 대덕구 법동 372,608,0.7368,1942,True,ACTIVE
ST0986,2024-08-01,2026-03-31,429,964,970,가양동 녹십자약국,36.346302,127.445393,동구,가양동,대전광역시 동구 가양동 418-18,608,0.7056,1934,True,ACTIVE
ST0607,2024-08-01,2026-03-31,438,1132,799,용운동 e편한세상 에코포레(114동),36.326977,127.464886,동구,용운동,대전광역시 동구 용운동 783,608,0.7204,1931,True,ACTIVE
ST0346,2024-08-01,2026-03-31,445,970,953,갈마동 큰마을아파트 112동 건너편,36.34386,127.374519,서구,갈마동,대전광역시 서구 갈마동 1214,608,0.7319,1923,True,ACTIVE
ST0023,2024-08-04,2026-03-31,399,987,923,덕명동 한밭대학교 남문,36.347541,127.301356,유성구,덕명동,대전광역시 유성구 덕명동 601-1,605,0.6595,1910,True,ACTIVE
ST1141,2024-08-02,2026-03-31,410,980,928,상대동 대전시립박물관2,36.336726,127.334744,유성구,상대동,대전광역시 유성구 상대동 488,607,0.6755,1908,True,ACTIVE
ST0636,2024-08-01,2026-03-30,435,954,951,인동네거리 일육우드,36.321705,127.438225,동구,인동,대전광역시 동구 인동 113-2,607,0.7166,1905,True,ACTIVE
ST0812,2024-08-01,2026-03-31,426,949,955,관저동 진잠네거리 관저더샵아파트 방면,36.298122,127.324051,서구,관저동,대전광역시 서구 관저동 1955,608,0.7007,1904,True,ACTIVE
ST1510,2025-10-23,2026-03-31,128,944,952,태평동 버드내마을1단지 119동 앞,36.317428,127.386364,중구,태평동,대전광역시 중구 태평동 510-164,160,0.8,1896,True,ACTIVE
ST1223,2024-08-01,2026-03-31,438,920,972,정림동 성균관숲유치원,36.290037,127.361188,서구,정림동,대전광역시 서구 정림동 91-2,608,0.7204,1892,True,ACTIVE
ST0784,2024-08-01,2026-03-31,462,948,943,도안동 계룡리슈빌 1703동 건너편,36.315809,127.345318,서구,도안동,대전광역시 서구 도안동 1307,608,0.7599,1891,True,ACTIVE
ST0473,2024-08-07,2026-03-31,477,954,910,자운동 농부의갈비,36.39545,127.35205,유성구,자운동,대전광역시 유성구 자운동 572,602,0.7924,1864,True,ACTIVE
ST1470,2025-10-22,2026-03-31,135,928,935,둔산동 수정타운아파트 7동,36.360716,127.396623,서구,둔산동,대전광역시 서구 둔산동 1524,161,0.8385,1863,True,ACTIVE
ST0841,2024-08-01,2026-03-30,426,996,861,중리동(하나로병원),36.36327,127.431282,대덕구,중리동,대전광역시 대덕구 중리동 107-4,607,0.7018,1857,False,ACTIVE
ST0559,2024-08-01,2026-03-31,441,927,928,변동 시온성교회,36.328332,127.370318,서구,변동,대전광역시 서구 변동 252-116,608,0.7253,1855,True,ACTIVE
ST1162,2024-08-01,2026-03-31,448,907,942,오정동 374-2,36.352644,127.414367,대덕구,오정동,대전광역시 대덕구 오정동 374-2,608,0.7368,1849,True,ACTIVE
ST0593,2024-11-03,2026-03-31,383,925,924,낭월동 향기나무어린이집 공원,36.279332,127.466792,동구,낭월동,대전광역시 동구 낭월동 574,514,0.7451,1849,True,ACTIVE
ST1186,2024-08-01,2026-03-30,368,953,889,둔곡동 서한이다음(204동),36.451911,127.362022,유성구,둔곡동,대전광역시 유성구 둔곡동 512,607,0.6063,1842,True,ACTIVE
ST0860,2024-08-01,2026-03-09,432,919,916,읍내동 보도육교 아래(법동 방면),36.377508,127.426867,대덕구,읍내동,대전광역시 대덕구 읍내동 517-23,586,0.7372,1835,False,ACTIVE
ST0694,2024-08-01,2026-03-31,409,928,907,계산동 오투그란데 미학(210동),36.344294,127.302444,유성구,계산동,대전광역시 유성구 계산동 721,608,0.6727,1835,True,ACTIVE
ST1360,2024-11-25,2026-03-31,390,929,883,관저동 관저체육공원,36.292252,127.337391,서구,관저동,대전광역시 서구 관저동 1634,492,0.7927,1812,True,ACTIVE
ST1336,2024-12-03,2026-03-31,304,903,884,삼성동 삼가교(대전역방면),36.338067,127.435864,동구,삼성동,대전광역시 동구 삼성동 80-100,484,0.6281,1787,True,ACTIVE
ST1074,2024-08-01,2026-03-31,357,885,888,신탄진동 에코공원(금강로하스타워1),36.448866,127.444635,대덕구,신탄진동,대전광역시 대덕구 신탄진동 1-7,608,0.5872,1773,True,ACTIVE
ST0477,2024-08-01,2026-03-31,421,886,887,대화동 대전병원(GS25),36.362747,127.417977,대덕구,오정동,대전광역시 대덕구 오정동 10-102,608,0.6924,1773,True,ACTIVE
ST1487,2025-10-18,2026-03-31,135,887,885,월평동 월평초등학교 육교 아래,36.35636,127.357451,서구,월평동,대전광역시 서구 월평동 1555,165,0.8182,1772,True,ACTIVE
ST1006,2024-08-06,2026-03-31,447,881,889,옥계동 하남아파트 A동,36.300593,127.454851,중구,옥계동,대전광역시 중구 옥계동 51-7,603,0.7413,1770,True,ACTIVE
ST1438,2025-10-24,2026-03-31,131,876,892,장대동 행복주택 104동 건너편,36.361252,127.324807,유성구,장대동,대전광역시 유성구 장대동 232-7,159,0.8239,1768,True,ACTIVE
ST0824,2024-08-01,2026-03-31,446,884,877,정림동 삼성자동차운전전문학원 건너편,36.302313,127.369511,서구,정림동,대전광역시 서구 정림동 27-5,608,0.7336,1761,True,ACTIVE
ST0110,2024-08-01,2026-03-31,458,881,878,덕암동 금호아파트,36.443567,127.426774,대덕구,덕암동,대전광역시 대덕구 덕암동 13-6,608,0.7533,1759,True,ACTIVE
ST0595,2024-08-01,2026-04-01,444,880,878,대성동 현대무역 정류장,36.295958,127.459822,동구,대성동,대전광역시 동구 대성동 189-4,609,0.7291,1758,True,ACTIVE
ST1399,2024-11-29,2026-03-31,359,902,855,목상동 한국타이어 후문 정류장,36.449793,127.415733,대덕구,목상동,대전광역시 대덕구 목상동 37-5,488,0.7357,1757,True,ACTIVE
ST0027,2024-08-01,2026-03-31,459,872,861,신탄진동 과선교 버스정류장,36.442446,127.429604,대덕구,신탄진동,대전광역시 대덕구 신탄진동 295-191,608,0.7549,1733,True,ACTIVE
ST0579,2024-08-02,2026-03-31,403,864,859,가오동 가오30호 어린이공원,36.310788,127.456258,동구,가오동,대전광역시 동구 가오동 473,607,0.6639,1723,True,ACTIVE
ST1503,2025-10-12,2026-03-31,135,862,848,삼성동 국민건강보험공단 대전동부지사,36.339783,127.419737,동구,삼성동,대전광역시 동구 삼성동 332-3,171,0.7895,1710,True,ACTIVE
ST0479,2024-08-01,2026-03-30,457,848,851,대화동 만민어린이집,36.367763,127.416405,대덕구,대화동,대전광역시 대덕구 대화동 37-1,607,0.7529,1699,True,ACTIVE
ST0658,2024-08-01,2026-03-31,409,839,843,용전동 LG전자 동대전서비스센터,36.355014,127.437729,동구,용전동,대전광역시 동구 용전동 20-1,608,0.6727,1682,True,ACTIVE
ST1480,2025-10-21,2026-03-31,135,830,840,월평동 갑천대교(갑천역 방향),36.357312,127.358127,서구,월평동,대전광역시 서구 월평동 216-3,162,0.8333,1670,True,ACTIVE
ST0571,2024-08-01,2026-03-31,365,834,828,대별동 대전운전면허시험장,36.286054,127.462647,동구,대별동,대전광역시 동구 대별동 364-2,608,0.6003,1662,True,ACTIVE
ST0862,2024-08-01,2026-03-30,468,819,839,와동 회덕우체국 입구,36.402848,127.422835,대덕구,와동,대전광역시 대덕구 와동 361-7,607,0.771,1658,True,ACTIVE
ST1122,2024-08-01,2026-03-31,419,821,818,낭월동 오투그란데 107동 건너편,36.285324,127.465609,동구,낭월동,대전광역시 동구 낭월동 215-1,608,0.6891,1639,True,ACTIVE
ST0667,2024-08-01,2026-03-29,398,804,802,가양동 가양요양병원 정류장,36.346095,127.446903,동구,가양동,대전광역시 동구 가양동 391-8,606,0.6568,1606,True,ACTIVE
ST0165,2024-08-02,2026-03-31,386,1088,513,지족동 노은3지구 영무예다음(102동),36.374482,127.305412,유성구,지족동,대전광역시 유성구 지족동 1052,607,0.6359,1601,True,ACTIVE
ST0619,2024-08-01,2026-03-30,370,796,798,용운동 용수골장작불가마 정류장,36.333754,127.455555,동구,용운동,대전광역시 동구 용운동 712,607,0.6096,1594,True,ACTIVE
ST0989,2024-08-03,2026-03-31,337,791,794,덕명동 덕송초등학교,36.360558,127.303068,유성구,덕명동,대전광역시 유성구 덕명동 555,606,0.5561,1585,True,ACTIVE
ST1298,2024-08-01,2026-03-31,425,791,787,상서동 대전상서 행복주택,36.423587,127.425142,대덕구,상서동,대전광역시 대덕구 상서동 146-28,608,0.699,1578,True,ACTIVE
ST0637,2024-08-01,2026-03-31,408,792,785,인동네거리,36.321923,127.438047,동구,인동,대전광역시 동구 인동 116-18,608,0.6711,1577,True,ACTIVE
ST0657,2024-08-05,2026-03-31,410,791,764,용전동 종근당빌딩,36.353404,127.439664,동구,용전동,대전광역시 동구 용전동 21-3,604,0.6788,1555,True,ACTIVE
ST1378,2024-11-16,2026-03-31,350,770,774,선화동 양지 근린 공원,36.324408,127.416411,중구,선화동,대전광역시 중구 선화동 362-99,501,0.6986,1544,True,ACTIVE
ST0089,2024-08-05,2026-03-31,326,773,767,덕명동 한밭대학교 학생동아리관,36.354468,127.30122,유성구,덕명동,대전광역시 유성구 덕명동 16-1,604,0.5397,1540,True,ACTIVE
ST0823,2024-08-01,2024-10-22,77,759,765,정림동 무궁화공원,36.302039,127.363585,서구,정림동,정림동 402-2,83,0.9277,1524,False,CLOSED
ST0965,2024-08-03,2026-03-31,386,759,760,송촌동 선비마을 3단지(303동),36.367138,127.441635,대덕구,송촌동,대전광역시 대덕구 송촌동 461-1,606,0.637,1519,True,ACTIVE
ST1517,2025-10-18,2026-03-31,143,763,749,중촌동 중촌시민공원 주차장 입구,36.343408,127.4045,중구,중촌동,대전광역시 중구 중촌동 255-3,165,0.8667,1512,True,ACTIVE
ST1447,2025-10-17,2026-03-31,132,755,752,원신흥동 LH 대전에너지사업단,36.332581,127.347761,유성구,원신흥동,대전광역시 유성구 원신흥동 524-4,166,0.7952,1507,True,ACTIVE
ST0971,2024-08-01,2026-03-29,351,739,744,비래동 유앤미아파트,36.360221,127.450114,대덕구,비래동,대전광역시 대덕구 비래동 531,606,0.5792,1483,True,ACTIVE
ST1419,2025-01-09,2026-03-31,297,760,721,목동 현대아파트(132-64),36.328021,127.412921,중구,목동,대전광역시 중구 목동 132-64,447,0.6644,1481,True,ACTIVE
ST0979,2024-08-01,2026-03-31,405,739,740,가양동 혜성빌,36.350051,127.451832,동구,가양동,대전광역시 동구 가양동 671,608,0.6661,1479,True,ACTIVE
ST0693,2024-08-01,2026-04-01,387,746,728,계산동 오투그란데 리빙포레(308동),36.344236,127.302948,유성구,계산동,대전광역시 유성구 계산동 722,609,0.6355,1474,True,ACTIVE
ST0170,2024-08-01,2026-03-31,395,774,685,지족동 노은해랑숲마을 5단지(506동) 건너편,36.38686,127.305524,유성구,지족동,대전광역시 유성구 지족동 1058,608,0.6497,1459,True,ACTIVE
ST0847,2024-08-01,2026-03-30,395,837,615,송촌동 선비마을5단지아파트 502동 정류장,36.365988,127.444771,대덕구,송촌동,대전광역시 대덕구 송촌동 494-1,607,0.6507,1452,True,ACTIVE
ST0610,2024-08-02,2026-03-31,411,721,723,용운동 선암어린이공원,36.325917,127.460065,동구,용운동,대전광역시 동구 용운동 377-7,607,0.6771,1444,True,ACTIVE
ST0136,2024-08-02,2026-03-31,366,773,670,복수동 대전과학기술대 정문,36.30421,127.375203,서구,복수동,대전광역시 서구 복수동 333,607,0.603,1443,True,ACTIVE
ST1005,2024-08-02,2026-03-31,395,715,724,옥계동 다조은 노인복지센터,36.301953,127.453619,중구,옥계동,대전광역시 중구 옥계동 51-2,607,0.6507,1439,True,ACTIVE
ST1481,2025-06-15,2026-03-31,134,757,659,둔산동 대전예술의전당 정류장,36.364593,127.386482,서구,둔산동,대전광역시 서구 둔산동 1521-6,290,0.4621,1416,True,ACTIVE
ST0848,2024-08-01,2026-03-31,393,700,694,송촌동성당 건너편 정류장,36.36218,127.444977,대덕구,송촌동,대전광역시 대덕구 송촌동 503-4,608,0.6464,1394,True,ACTIVE
ST0560,2024-08-01,2026-03-31,402,700,689,변동 수정재,36.329611,127.370752,서구,변동,대전광역시 서구 변동 250,608,0.6612,1389,True,ACTIVE
ST0839,2024-08-01,2026-03-28,371,713,659,중리동 반도정형외과,36.364109,127.43062,대덕구,중리동,대전광역시 대덕구 중리동 151-1,605,0.6132,1372,True,ACTIVE
ST0568,2024-08-01,2026-03-31,383,689,675,도마동 경남아파트 1단지(3동),36.320815,127.370582,서구,도마동,대전광역시 서구 도마동 205,608,0.6299,1364,True,ACTIVE
ST0757,2024-08-03,2026-03-31,394,689,674,하기동 윗텃골어린이공원,36.388975,127.331087,유성구,하기동,대전광역시 유성구 하기동 509,606,0.6502,1363,True,ACTIVE
ST0867,2024-08-02,2026-03-31,415,675,676,상서동 상서삼거리(와동 방면) 정류장,36.430125,127.421634,대덕구,상서동,대전광역시 대덕구 상서동 283,607,0.6837,1351,True,ACTIVE
ST1198,2024-08-01,2026-03-31,418,674,674,구도동 남대전 물류센터,36.273125,127.469103,동구,구도동,대전광역시 동구 구도동 406,608,0.6875,1348,True,ACTIVE
ST0783,2024-08-01,2026-03-31,427,668,663,도안동 도안숲소공원,36.319178,127.342418,서구,도안동,대전광역시 서구 도안동 1354,608,0.7023,1331,True,ACTIVE
ST1213,2024-08-03,2026-03-31,349,703,628,용산동 호반써밋(401동),36.414224,127.392972,유성구,용산동,대전광역시 유성구 용산동 24-10,606,0.5759,1331,True,ACTIVE
ST1452,2025-10-20,2026-03-31,127,661,667,삼성동 대전역대라수 1차 101동 옆,36.338164,127.430175,동구,삼성동,대전광역시 동구 삼성동 107-29,163,0.7791,1328,True,ACTIVE
ST0676,2024-08-01,2026-03-31,371,670,644,판암동 신흥역1번출구,36.319294,127.448996,동구,판암동,대전광역시 동구 판암동 609-7,608,0.6102,1314,True,ACTIVE
ST0166,2024-08-02,2026-04-01,419,755,558,지족동 노은3지구 트리풀시티포레(105동),36.381056,127.305833,유성구,지족동,대전광역시 유성구 지족동 1043,608,0.6891,1313,True,ACTIVE
ST1511,2025-10-21,2026-03-31,128,651,660,부사동 255-1,36.313788,127.429328,중구,부사동,대전광역시 중구 부사동 255-1,162,0.7901,1311,True,ACTIVE
ST1402,2024-12-02,2026-03-31,210,642,651,연축동 성우동산 정류장(대한통운종점 방면),36.388757,127.421399,대덕구,연축동,대전광역시 대덕구 연축동 40-5,485,0.433,1293,True,ACTIVE
ST0310,2024-08-01,2026-03-31,318,648,644,송촌동 대양어린이공원,36.361713,127.439411,대덕구,송촌동,대전광역시 대덕구 송촌동 488-1,608,0.523,1292,True,ACTIVE
ST0802,2024-08-02,2026-03-31,308,647,642,관저동 관저LH천년나무1단지아파트 정문 입구,36.293739,127.343608,서구,관저동,대전광역시 서구 관저동 1602,607,0.5074,1289,True,ACTIVE
ST1394,2024-10-31,2026-03-31,361,647,642,와동 지도표성경김,36.411422,127.424534,대덕구,와동,대전광역시 대덕구 와동 250,517,0.6983,1289,True,ACTIVE
ST1324,2024-11-26,2026-03-31,259,645,628,소제동 중앙동주민센터(대성여고방면)  ,36.335161,127.439471,동구,소제동,대전광역시 동구 소제동 299-423,491,0.5275,1273,True,ACTIVE
ST0811,2024-08-01,2026-03-31,331,636,630,관저동 진잠네거리 구봉마을 7단지 방면,36.298427,127.32464,서구,관저동,대전광역시 서구 관저동 1939,608,0.5444,1266,True,ACTIVE
ST0556,2024-08-01,2026-03-30,365,628,632,내동 장난감할인마트,36.334194,127.36925,서구,내동,대전광역시 서구 내동 155-9,607,0.6013,1260,True,ACTIVE
ST1515,2025-09-10,2026-03-31,128,629,627,문화동 문화육교 삼거리 아래,36.313703,127.402607,중구,문화동,대전광역시 중구 문화동 727-1,203,0.6305,1256,True,ACTIVE
ST0801,2024-08-04,2026-03-31,377,626,621,관저동 관저어반힐스아파트 501동,36.295775,127.343984,서구,관저동,대전광역시 서구 관저동 1603,605,0.6231,1247,True,ACTIVE
ST0344,2024-08-01,2026-03-31,351,655,589,가양동 우송대학교 서캠퍼스 사회복지융합관 건너편,36.33666,127.443003,동구,가양동,대전광역시 동구 가양동 360-5,608,0.5773,1244,True,ACTIVE
ST0570,2024-08-02,2026-03-29,330,625,610,도마동 공굴안 정류장(복음양지아파트 방면),36.313298,127.369122,서구,도마동,대전광역시 서구 도마동 317-548,605,0.5455,1235,True,ACTIVE
ST0311,2024-08-01,2026-03-30,393,621,610,신일동 국방신뢰성연구센터 정류장,36.430332,127.412361,대덕구,신일동,대전광역시 대덕구 신일동 62,607,0.6474,1231,True,ACTIVE
ST0620,2024-08-01,2026-03-31,366,616,611,용운동 빅하우스 빌라 정류장,36.337688,127.457219,동구,용운동,대전광역시 동구 용운동 590,608,0.602,1227,True,ACTIVE
ST0026,2024-08-01,2026-03-31,303,619,605,미호동 넷제로 공판장,36.466409,127.468306,대덕구,미호동,대전광역시 대덕구 미호동 262-4,608,0.4984,1224,True,ACTIVE
ST0990,2024-08-02,2026-03-31,394,608,606,갑동 온조식당 입구,36.360344,127.295441,유성구,갑동,대전광역시 유성구 갑동 433-63,607,0.6491,1214,True,ACTIVE
ST1502,2025-10-19,2026-03-31,131,596,611,유천동 278-30,36.311789,127.395117,중구,유천동,대전광역시 중구 유천동 278-30,164,0.7988,1207,True,ACTIVE
ST0372,2024-08-03,2026-04-01,335,733,472,덕명동 한밭대학교 건설공학관 입구,36.348598,127.301244,유성구,덕명동,대전광역시 유성구 덕명동 16-1,607,0.5519,1205,True,ACTIVE
ST1390,2024-11-30,2026-02-14,120,597,603,상서동 GS LPG 충전소,36.421924,127.419306,대덕구,상서동,대전광역시 대덕구 상서동 443-12,442,0.2715,1200,True,ACTIVE
ST0001,2024-08-01,2026-03-31,468,804,384,타슈관제센터 정비대기,36.406607,127.306457,유성구,외삼동,대전광역시 유성구 외삼동 421,608,0.7697,1188,True,CONTROL
ST0298,2024-08-01,2026-03-31,337,594,586,송촌동 해피존,36.367041,127.438405,대덕구,송촌동,대전광역시 대덕구 송촌동 445-4,608,0.5543,1180,True,ACTIVE
ST0481,2024-08-03,2026-03-31,371,579,584,대화동 대화아파트 건너편,36.367919,127.41413,대덕구,대화동,대전광역시 대덕구 대화동 38-39,606,0.6122,1163,True,ACTIVE
ST0167,2024-08-01,2026-03-31,328,643,511,지족동 노은새미래숲 2단지(201동),36.381316,127.30247,유성구,지족동,대전광역시 유성구 지족동 1042,608,0.5395,1154,True,ACTIVE
ST0966,2024-08-02,2026-03-29,350,579,574,송촌동 선비마을 4단지(403동),36.367487,127.442352,대덕구,송촌동,대전광역시 대덕구 송촌동 462,605,0.5785,1153,True,ACTIVE
ST0846,2024-08-01,2026-03-29,386,578,569,법동 한마음아파트 106동 건너편,36.370096,127.432297,대덕구,법동,대전광역시 대덕구 법동 191-2,606,0.637,1147,True,ACTIVE
ST1514,2025-10-18,2026-03-31,136,575,567,문화동 한신휴플러스1단지 102동 건너편,36.320073,127.407349,중구,문화동,대전광역시 중구 문화동 1-17,165,0.8242,1142,True,ACTIVE
ST1233,2024-08-01,2026-03-31,337,572,561,갈마동 둔원초등학교,36.343237,127.374739,서구,갈마동,대전광역시 서구 갈마동 1458,608,0.5543,1133,True,ACTIVE
ST1240,2024-08-01,2026-03-31,334,569,559,지족동 노은해랑숲마을 5단지 아파트 508동 앞,36.385763,127.304237,유성구,지족동,대전광역시 유성구 지족동 1033,608,0.5493,1128,True,ACTIVE
ST1204,2024-08-01,2026-03-31,338,556,557,가양동 우암사적공원,36.346892,127.455789,동구,가양동,대전광역시 동구 가양동 687,608,0.5559,1113,True,ACTIVE
ST1490,2025-10-22,2026-04-01,118,559,554,오정동 한남대학교 중앙박물관,36.354658,127.421903,대덕구,오정동,대전광역시 대덕구 오정동 133,162,0.7284,1113,True,ACTIVE
ST0033,2024-08-01,2026-03-31,386,553,554,사정동 송원칼국수,36.295835,127.389396,중구,사정동,대전광역시 중구 사정동 425-5,608,0.6349,1107,True,ACTIVE
ST0815,2024-08-01,2026-03-31,344,554,553,원내동 진잠향교 입구 건너편,36.30296,127.316131,유성구,원내동,대전광역시 유성구 원내동 73-5,608,0.5658,1107,True,ACTIVE
ST0087,2024-08-02,2026-03-31,320,544,547,계산동 오투그란데리빙포레(301동),36.343282,127.303598,유성구,계산동,대전광역시 유성구 계산동 722,607,0.5272,1091,True,ACTIVE
ST1327,2024-11-12,2026-03-31,321,544,541,판암동 성당(용운국제수영장 방면),36.319609,127.461857,동구,판암동,대전광역시 동구 판암동 836,505,0.6356,1085,True,ACTIVE
ST1469,2025-10-22,2026-03-31,116,560,523,둔산동 샘머리아파트 215동 건너편,36.362023,127.395842,서구,둔산동,대전광역시 서구 둔산동 1797,161,0.7205,1083,True,ACTIVE
ST1441,2025-10-18,2026-03-31,129,527,527,용계동 힐스테이트도안 103동,36.330904,127.332553,유성구,용계동,대전광역시 유성구 용계동 688,165,0.7818,1054,True,ACTIVE
ST0994,2024-08-01,2026-03-30,348,536,508,신봉동 자운대 쇼핑타운(231동),36.414126,127.337154,유성구,신봉동,대전광역시 유성구 신봉동 230-13,607,0.5733,1044,True,ACTIVE
ST0898,2024-08-01,2026-03-31,339,523,517,노은동 노은카운티스(103동),36.370716,127.315502,유성구,노은동,대전광역시 유성구 노은동 495,608,0.5576,1040,True,ACTIVE
ST0621,2024-08-02,2026-03-31,349,520,516,용운동 연광사 건너편 정류장,36.332882,127.453455,동구,용운동,대전광역시 동구 용운동 726,607,0.575,1036,True,ACTIVE
ST1335,2024-11-16,2026-03-31,332,520,515,삼정동 판암차량기지(삼정동방면),36.319817,127.471062,동구,삼정동,대전광역시 동구 삼정동 110,501,0.6627,1035,True,ACTIVE
ST0968,2024-08-01,2026-03-31,349,514,515,송촌동 선비마을 4단지(414동),36.366018,127.444377,대덕구,송촌동,대전광역시 대덕구 송촌동 462,608,0.574,1029,True,ACTIVE
ST1156,2024-08-01,2026-03-29,355,516,510,성남동 효촌마을 건너편,36.345419,127.433031,동구,성남동,대전광역시 동구 성남동 205-123,606,0.5858,1026,True,ACTIVE
ST0086,2024-08-01,2026-03-31,291,513,508,덕명동 유성숲오투그란데 3차(501동),36.346314,127.30098,유성구,덕명동,대전광역시 유성구 덕명동 614,608,0.4786,1021,True,ACTIVE
ST0864,2024-08-01,2026-03-31,347,507,511,상서동 쌍용자동차 대전서비스센터 정류장,36.427679,127.422701,대덕구,상서동,대전광역시 대덕구 상서동 298-1,608,0.5707,1018,True,ACTIVE
ST0969,2024-08-02,2026-03-30,326,506,505,송촌동 선비마을 5단지 상가,36.364161,127.446098,대덕구,송촌동,대전광역시 대덕구 송촌동 494-1,606,0.538,1011,True,ACTIVE
ST0933,2024-08-01,2026-02-02,254,505,501,낭월동 남대전 이편한세상 입구 정류장,36.280439,127.468131,동구,낭월동,대전광역시 동구 낭월동 199,551,0.461,1006,False,ACTIVE
ST1483,2025-10-18,2026-03-31,126,500,505,관저동 봉우재 근린공원,36.30593,127.333991,서구,관저동,대전광역시 서구 관저동 1662,165,0.7636,1005,True,ACTIVE
ST0563,2024-08-03,2026-03-31,322,506,496,도마동 경남아파트(102동),36.32155,127.370012,서구,도마동,대전광역시 서구 도마동 211,606,0.5314,1002,True,ACTIVE
ST0930,2024-08-01,2026-03-31,356,551,446,용산동 경남아너스빌 1단지(209동),36.41829,127.397962,유성구,용산동,대전광역시 유성구 용산동 719,608,0.5855,997,True,ACTIVE
ST0566,2024-08-01,2026-03-31,327,516,480,도마동 경남아파트 2단지(112동),36.322638,127.368466,서구,도마동,대전광역시 서구 도마동 193,608,0.5378,996,True,ACTIVE
ST0844,2024-08-02,2026-03-31,320,500,496,송촌동 송촌컨벤션센터 건너편,36.365833,127.43692,대덕구,송촌동,대전광역시 대덕구 송촌동 449-6,607,0.5272,996,True,ACTIVE
ST0988,2024-08-01,2026-03-30,351,490,488,갑동 현충원 인근 갑동숯불민물장어,36.361432,127.289221,유성구,갑동,대전광역시 유성구 갑동 400-14,607,0.5783,978,True,ACTIVE
ST0557,2024-08-01,2026-03-30,359,493,484,변동 평화어린이공원,36.330216,127.368221,서구,변동,대전광역시 서구 변동 254-364,607,0.5914,977,True,ACTIVE
ST0565,2024-08-01,2026-03-30,292,498,478,도마동 경남아파트 2단지(106동),36.322433,127.36859,서구,도마동,대전광역시 서구 도마동 211,607,0.4811,976,True,ACTIVE
ST1535,2026-03-11,2026-03-31,21,488,487,구암동 구암역 1번출구 건너편,36.356575,127.331538,유성구,구암동,대전광역시 유성구 구암동 94-9,21,1.0,975,True,NEW
ST0068,2024-08-07,2026-03-29,291,543,423,비래동 가양비래공원네거리(명석고등학교),36.353363,127.454036,대덕구,비래동,대전광역시 대덕구 비래동 47-1,600,0.485,966,True,ACTIVE
ST0272,2024-08-05,2026-03-30,322,483,481,원내동 샘물타운(308동),36.298553,127.323147,유성구,원내동,대전광역시 유성구 원내동 394,603,0.534,964,True,ACTIVE
ST0300,2024-08-01,2026-03-29,334,625,326,송촌동 선비마을 입구,36.367629,127.436401,대덕구,송촌동,대전광역시 대덕구 송촌동 446-1,606,0.5512,951,True,ACTIVE
ST0814,2024-08-03,2026-04-01,371,481,469,교촌동 진잠향교 입구,36.302868,127.315696,유성구,교촌동,대전광역시 유성구 교촌동 634-23,607,0.6112,950,True,ACTIVE
ST0312,2024-08-09,2026-03-31,341,463,484,신일동 국방신뢰성연구센터 건너편 정류장,36.429973,127.412416,대덕구,신일동,대전광역시 대덕구 신일동 58-2,600,0.5683,947,True,ACTIVE
ST0803,2024-08-03,2026-03-31,310,472,474,관저동 관저어반힐스아파트 503동,36.293896,127.343269,서구,관저동,대전광역시 서구 관저동 1598,606,0.5116,946,True,ACTIVE
ST1423,2025-04-30,2026-03-31,242,472,474,송촌동 엘리프송촌 더파크아파트,36.361785,127.437718,대덕구,송촌동,대전광역시 대덕구 송촌동 26-1,336,0.7202,946,True,ACTIVE
ST0975,2024-08-01,2026-03-31,266,471,465,비래동 청송빌딩,36.359322,127.448372,대덕구,비래동,대전광역시 대덕구 비래동 541,608,0.4375,936,True,ACTIVE
ST1153,2024-08-01,2026-03-31,274,473,459,낭월동 산내로1315번길,36.281446,127.464573,동구,낭월동,대전광역시 동구 낭월동 666,608,0.4507,932,True,ACTIVE
ST0624,2024-08-01,2026-03-31,327,463,468,성남동 휴먼시아 스마트뷰 정류장(104동),36.34369,127.433993,동구,성남동,대전광역시 동구 성남동 528,608,0.5378,931,True,ACTIVE
ST0756,2024-08-01,2026-03-30,335,462,438,하기동 송림마을5단지 509동,36.388941,127.329853,유성구,하기동,대전광역시 유성구 하기동 545,607,0.5519,900,True,ACTIVE
ST1329,2024-12-02,2026-03-31,273,438,439,판암동 엄마아빠요양원,36.318395,127.456452,동구,판암동,대전광역시 동구 판암동 248,485,0.5629,877,True,ACTIVE
ST1516,2025-10-18,2026-03-31,127,437,435,용두동 301-3,36.335235,127.400345,중구,용두동,대전광역시 중구 용두동 301-3,165,0.7697,872,True,ACTIVE
ST1358,2024-10-06,2025-06-24,92,436,435,만년동 대전예술에전당(서구보건소방면),36.365094,127.383708,서구,만년동,대전광역시 서구 만년동 396,262,0.3511,871,False,CLOSED
ST1359,2024-12-02,2025-07-30,166,432,436,관저동 금동초등학교 정류장(관저주공 7단지),36.296885,127.327368,서구,관저동,대전광역시 서구 관저동 1160,241,0.6888,868,False,CLOSED
ST1464,2025-10-24,2026-03-31,103,437,430,소제동 동서교(소제동 카페거리 입구),36.333487,127.438353,동구,소제동,대전광역시 동구 소제동 288-74,159,0.6478,867,True,ACTIVE
ST1290,2024-08-01,2026-03-30,295,443,415,죽동 LIG넥스원 건너편,36.380151,127.338695,유성구,죽동,대전광역시 유성구 죽동 664,607,0.486,858,True,ACTIVE
ST0992,2024-08-03,2026-03-31,305,462,395,신봉동 자운중학교(78군사우체국 정류장),36.410926,127.337113,유성구,신봉동,대전광역시 유성구 신봉동 436-5,606,0.5033,857,True,ACTIVE
ST1427,2025-03-21,2026-03-31,202,449,408,방현동 대전시립제1노인병원 정류장,36.406254,127.371644,유성구,방현동,대전광역시 유성구 방현동 426,376,0.5372,857,True,ACTIVE
ST0897,2024-08-01,2026-03-31,277,435,395,노은동 노은서로 94 ,36.36852,127.313927,유성구,노은동,대전광역시 유성구 노은동 514-1,608,0.4556,830,True,ACTIVE
ST1157,2024-08-07,2026-03-28,293,402,402,둔곡동 서한이다음 후문(202동),36.452555,127.363293,유성구,둔곡동,대전광역시 유성구 둔곡동 480,599,0.4891,804,True,ACTIVE
ST0031,2024-08-02,2025-07-28,251,400,399,도룡동 우성아파트,36.388274,127.38156,유성구,도룡동,도룡동 383-3,361,0.6953,799,False,CLOSED
ST0650,2024-08-01,2026-03-30,287,396,396,비래동 제1공영주차장,36.354477,127.453147,대덕구,비래동,대전광역시 대덕구 비래동 143-7,607,0.4728,792,True,ACTIVE
ST0551,2024-08-04,2026-03-29,278,406,385,대흥동 세광교회,36.319166,127.424723,중구,대흥동,대전광역시 중구 대흥동 334-1,603,0.461,791,True,ACTIVE
ST1493,2025-10-18,2026-03-31,124,392,392,오정동 한남대학교 소망관,36.353326,127.426905,대덕구,오정동,대전광역시 대덕구 오정동 201-8,165,0.7515,784,True,ACTIVE
ST0800,2024-08-01,2026-03-31,290,384,387,관저동 느리울마을13단지주공아파트 1304동,36.29731,127.343899,서구,관저동,대전광역시 서구 관저동 1394,608,0.477,771,True,ACTIVE
ST1408,2024-11-30,2025-03-02,87,384,386,26년1권역,36.399984,127.405757,유성구,전민동,대전광역시 유성구 전민동 466-3,93,0.9355,770,False,CLOSED
ST1418,2025-04-05,2026-03-31,285,350,418,타슈 시험용 대여소,36.40348,127.308759,유성구,외삼동,대전광역시 유성구 외삼동 421,361,0.7895,768,True,ACTIVE
ST1524,2025-11-16,2026-03-31,97,385,382,용두동 을지대학교 생활관,36.331546,127.405099,중구,용두동,대전광역시 중구 용두동 143,136,0.7132,767,True,ACTIVE
ST1475,2025-10-21,2026-03-31,120,389,375,관저동 관저예미지아파트 101동,36.292538,127.330989,서구,관저동,대전광역시 서구 관저동 1634,162,0.7407,764,True,ACTIVE
ST0371,2024-08-01,2026-03-30,237,379,375,덕명동 한밭대학교 학생생활관 목련화동,36.345701,127.304726,유성구,덕명동,대전광역시 유성구 덕명동 16-1,607,0.3904,754,True,ACTIVE
ST1116,2024-08-01,2026-03-31,236,372,372,복용동 한밭대학교 유성덕명캠퍼스지역협력관,36.346365,127.311115,유성구,복용동,대전광역시 유성구 복용동 551,608,0.3882,744,True,ACTIVE
ST1158,2024-08-01,2026-03-29,251,380,358,둔곡동 서한이다음 정문(103동),36.455346,127.363914,유성구,둔곡동,대전광역시 유성구 둔곡동 463,606,0.4142,738,True,ACTIVE
ST0837,2024-08-02,2026-03-31,300,365,361,중리동 반도정형외과 중리네거리 방면 정류장,36.362967,127.430925,대덕구,중리동,대전광역시 대덕구 중리동 151-8,607,0.4942,726,True,ACTIVE
ST0906,2024-08-01,2025-04-16,194,358,359,지족동 경신빌딩,36.375826,127.31618,유성구,지족동,지족동 884-4,259,0.749,717,False,CLOSED
ST0380,2024-08-01,2024-08-28,28,353,356,둔산동 사학연금회관,36.357874,127.389259,서구,둔산동,둔산동 929,28,1.0,709,False,TEMPORARY
ST0758,2024-08-01,2026-03-30,298,360,348,하기동 대전송림초등학교,36.38807,127.331651,유성구,하기동,대전광역시 유성구 하기동 549-7,607,0.4909,708,True,ACTIVE
ST1509,2025-10-22,2026-03-31,122,347,348,중촌동 한마음정육식당 건너편,36.342777,127.408647,중구,중촌동,대전광역시 중구 중촌동 436,161,0.7578,695,True,ACTIVE
ST1387,2024-12-14,2026-03-31,266,346,348,상서동 선바위 정류장(들말_신대차고지 방면),36.424204,127.419497,대덕구,상서동,대전광역시 대덕구 상서동 349-65,473,0.5624,694,True,ACTIVE
ST1334,2024-12-10,2026-03-30,222,339,341,용전동 구샤또호텔 정류장(동부네거리방면),36.353089,127.439187,동구,용전동,대전광역시 동구 용전동 72-4,476,0.4664,680,True,ACTIVE
ST1478,2025-10-19,2026-03-31,125,332,324,관저동 원앙마을 104동,36.309553,127.335225,서구,관저동,대전광역시 서구 관저동 988,164,0.7622,656,True,ACTIVE
ST1460,2025-10-21,2026-03-31,111,312,309,판암동 판암근린공원 정류장 (신흥역 방면),36.318023,127.452778,동구,판암동,대전광역시 동구 판암동 496-4,162,0.6852,621,True,ACTIVE
ST1479,2025-10-19,2026-03-31,115,306,309,정림동 대청병원입구,36.309294,127.369769,서구,정림동,대전광역시 서구 정림동 8-57,164,0.7012,615,True,ACTIVE
ST1482,2025-10-19,2026-03-31,112,313,281,관저동 한국산림복지진흥원,36.291105,127.333776,서구,관저동,대전광역시 서구 관저동 2021,164,0.6829,594,True,ACTIVE
ST0558,2024-08-02,2026-03-31,265,291,289,변동 목운어린이공원,36.331798,127.368775,서구,변동,대전광역시 서구 변동 254-182,607,0.4366,580,True,ACTIVE
ST0894,2024-08-02,2026-03-31,250,288,290,노은동 더노은로 캠핑장,36.36344,127.315829,유성구,노은동,대전광역시 유성구 노은동 563-1,607,0.4119,578,True,ACTIVE
ST1492,2025-10-22,2026-03-31,83,291,281,오정동 한남대학교 계의돈기념관,36.356255,127.420867,대덕구,오정동,대전광역시 대덕구 오정동 133,161,0.5155,572,True,ACTIVE
ST0569,2024-08-01,2026-03-25,244,284,286,도마동 경남아파트 2단지(113동),36.320684,127.370318,서구,도마동,대전광역시 서구 도마동 214,602,0.4053,570,True,ACTIVE
ST1505,2025-10-23,2026-03-31,117,271,273,산성동 한밭가든아파트 107동,36.304733,127.382657,중구,산성동,대전광역시 중구 산성동 119-1,160,0.7312,544,True,ACTIVE
ST0653,2024-08-03,2026-03-31,229,269,266,비래동 금성백조 1차 입구 정류장,36.356287,127.454745,대덕구,비래동,대전광역시 대덕구 비래동 149-23,606,0.3779,535,True,ACTIVE
ST1170,2024-08-01,2026-03-25,217,265,262,목동 현대아파트,36.328182,127.413813,중구,목동,대전광역시 중구 목동 132-66,602,0.3605,527,True,ACTIVE
ST0728,2024-08-06,2026-03-30,213,269,243,신탄진동 대전보훈병원 재활체육센터 정류장,36.448376,127.438944,대덕구,신탄진동,대전광역시 대덕구 신탄진동 220,602,0.3538,512,True,ACTIVE
ST0088,2024-08-01,2026-03-31,203,253,254,계산동 오투그란데미학(212동),36.343094,127.303332,유성구,계산동,대전광역시 유성구 계산동 721,608,0.3339,507,True,ACTIVE
ST1430,2025-08-06,2025-08-22,14,219,267,0시축제 임시대여소1,36.33049,127.427884,중구,은행동,대전광역시 중구 은행동 314-1,17,0.8235,486,False,TEMPORARY
ST0727,2024-10-30,2025-02-26,103,243,242,신탄진동 행정복지센터,36.451693,127.428899,대덕구,신탄진동,신탄진동 120-1,120,0.8583,485,False,CLOSED
ST1388,2024-12-31,2026-03-30,222,246,230,신대동 연축주공아파트 정류장,36.396416,127.422407,대덕구,신대동,대전광역시 대덕구 신대동 372-1,455,0.4879,476,True,LOW_USE
ST1496,2025-10-22,2026-03-31,109,240,233,대화동 세원화성 정류장(동아교재 방면),36.371915,127.412274,대덕구,대화동,대전광역시 대덕구 대화동 164-14,161,0.677,473,True,ACTIVE
ST1499,2025-10-20,2026-03-31,97,234,237,산성동 대전서남부터미널,36.312557,127.387973,중구,산성동,대전광역시 중구 산성동 759-36,163,0.5951,471,True,ACTIVE
ST1466,2025-10-18,2026-03-31,113,234,227,대성동 파스쿠찌 남대전DT점,36.291036,127.462686,동구,대성동,대전광역시 동구 대성동 275-1,165,0.6848,461,True,ACTIVE
ST1507,2025-10-24,2026-03-31,110,229,231,중촌동 하늘아파트 307동 건너편,36.339602,127.40595,중구,중촌동,대전광역시 중구 중촌동 301,159,0.6918,460,True,ACTIVE
ST1161,2024-08-02,2026-03-29,185,225,223,둔곡동 서한이다음 정문(101동),36.454314,127.363703,유성구,둔곡동,대전광역시 유성구 둔곡동 480,605,0.3058,448,True,LOW_USE
ST1135,2024-08-01,2024-09-16,43,217,219,도안동 갑천3블럭 트리풀시티 304동,36.324041,127.348294,서구,도안동,대전광역시 서구 도안동 2353,47,0.9149,436,False,TEMPORARY
ST1498,2025-10-23,2026-03-31,109,219,216,산성동 산성시장 정류장(산성동 새마을회관 방면),36.305214,127.388659,중구,산성동,대전광역시 중구 산성동 280-10,160,0.6812,435,True,ACTIVE
ST1166,2024-08-02,2026-03-31,185,200,224,흑석동 흑석네거리(기성보건지소),36.254704,127.341442,서구,흑석동,대전광역시 서구 흑석동 381-1,607,0.3048,424,True,LOW_USE
ST0649,2024-08-11,2026-03-22,160,210,208,가양동 명석고네거리 원한의원 정류장,36.354318,127.454254,동구,가양동,대전광역시 동구 가양동 47-63,589,0.2716,418,True,LOW_USE
ST1446,2025-09-19,2026-03-31,123,204,209,대정동 대전종합유통단지,36.316988,127.319695,유성구,대정동,대전광역시 유성구 대정동 300-1,194,0.634,413,True,ACTIVE
ST0502,2024-08-02,2026-03-29,181,206,201,사정동 한솔빌라,36.294339,127.38943,중구,사정동,대전광역시 중구 사정동 605,605,0.2992,407,False,LOW_USE
ST1465,2025-10-20,2026-03-31,101,204,202,대성동 은어송중학교 후문 건너편,36.300045,127.459457,동구,대성동,대전광역시 동구 대성동 138,163,0.6196,406,True,ACTIVE
ST1442,2025-08-30,2026-03-31,81,207,197,화암동 한국천문연구원 정류장 (국가정보자원관리원 방면),36.400046,127.373961,유성구,화암동,대전광역시 유성구 화암동 62-1,214,0.3785,404,True,LOW_USE
ST1251,2024-08-08,2026-03-31,187,210,182,신일동 벤쳐타운 장영실관 앞 버스정류장,36.437429,127.413323,대덕구,신일동,대전광역시 대덕구 신일동 1688-5,601,0.3111,392,True,LOW_USE
ST1453,2025-10-25,2026-03-31,87,197,195,자양동 우송대학교서캠퍼스 정류장(자양동 방면),36.338262,127.444779,동구,자양동,대전광역시 동구 자양동 317-4,158,0.5506,392,True,ACTIVE
ST1326,2024-12-05,2026-03-24,144,198,189,용운동 309,36.322607,127.462694,동구,용운동,대전광역시 동구 용운동 309,475,0.3032,387,True,LOW_USE
ST1512,2025-10-19,2026-03-31,105,194,190,문화동 한밭도서관 후문 정류장(한밭도서관 방면),36.310257,127.411152,중구,문화동,대전광역시 중구 문화동 103-1,164,0.6402,384,True,ACTIVE
ST1454,2025-10-24,2026-03-31,104,192,187,천동 구세군 참사랑교회 건너편,36.311541,127.443934,동구,천동,대전광역시 동구 천동 73-3,159,0.6541,379,True,ACTIVE
ST0611,2024-08-15,2026-03-28,151,187,179,용운동 대전대 입구 용운119안전센터 ,36.33109,127.461373,동구,용운동,대전광역시 동구 용운동 174-18,591,0.2555,366,True,LOW_USE
ST0963,2024-08-01,2026-03-22,183,194,162,송촌동 선비마을 2단지(202동),36.369146,127.440214,대덕구,송촌동,대전광역시 대덕구 송촌동 444,599,0.3055,356,True,LOW_USE
ST1307,2024-08-07,2026-03-27,119,167,180,둔곡동 BRT 정류장,36.467613,127.363846,유성구,둔곡동,대전광역시 유성구 둔곡동 7-14,598,0.199,347,True,LOW_USE
ST0868,2024-08-01,2026-03-15,185,170,166,연축동 그린빌라,36.396413,127.426375,대덕구,연축동,대전광역시 대덕구 연축동 169-1,592,0.3125,336,True,LOW_USE
ST1316,2024-10-16,2026-03-31,148,175,159,용운동 대전대학교(새울방면)  ,36.332378,127.463815,동구,용운동,대전광역시 동구 용운동 510-85,532,0.2782,334,True,LOW_USE
ST0631,2024-11-01,2025-03-04,94,165,168,천동 위드힐 건너편(301동),36.317054,127.443137,동구,천동,천동 164-7,124,0.7581,333,False,CLOSED
ST1137,2024-08-01,2024-09-13,41,161,165,도안동 갑천3블럭 트리풀시티(308동),36.322402,127.348245,서구,도안동,대전광역시 서구 도안동 2353,44,0.9318,326,False,TEMPORARY
ST1508,2025-10-21,2026-03-31,79,163,158,산성동 서남부터미널 종점 정류장(종점 방면),36.310552,127.387241,중구,산성동,대전광역시 중구 산성동 143-9,162,0.4877,321,True,LOW_USE
ST1491,2025-10-19,2026-03-30,100,162,154,오정동 한남대학교 정성균선교관,36.35397,127.423145,대덕구,오정동,대전광역시 대덕구 오정동 133,163,0.6135,316,True,ACTIVE
ST0964,2024-08-04,2026-03-30,136,161,151,송촌동 아이프라자,36.367456,127.437376,대덕구,송촌동,대전광역시 대덕구 송촌동 525,604,0.2252,312,True,LOW_USE
ST0972,2024-08-05,2026-03-29,140,155,155,비래동 금성백조 102동,36.3582,127.4505,대덕구,비래동,대전광역시 대덕구 비래동 541,602,0.2326,310,True,LOW_USE
ST1283,2024-08-01,2026-03-30,199,165,145,신동 중이온가속기연구소 입구,36.475878,127.368971,유성구,신동,대전광역시 유성구 신동 668,607,0.3278,310,True,LOW_USE
ST0974,2024-08-01,2026-03-25,156,155,151,비래동 금성백조(101동 북쪽),36.358738,127.451886,대덕구,비래동,대전광역시 대덕구 비래동 535,602,0.2591,306,True,LOW_USE
ST1160,2024-08-01,2026-03-29,167,153,151,둔곡동 둔곡 우미린 정문(107동),36.454367,127.363993,유성구,둔곡동,대전광역시 유성구 둔곡동 480,606,0.2756,304,True,LOW_USE
ST0849,2024-08-03,2026-03-29,133,150,151,송촌동 진가쟁이어린이공원,36.362892,127.445628,대덕구,송촌동,대전광역시 대덕구 송촌동 505-1,604,0.2202,301,True,LOW_USE
ST0970,2024-08-07,2026-03-27,138,150,150,송촌동 송촌고등학교,36.362509,127.446553,대덕구,송촌동,대전광역시 대덕구 송촌동 526,598,0.2308,300,True,LOW_USE
ST1300,2025-03-10,2026-03-30,132,149,146,비룡동 대전동신과학고,36.331514,127.475504,동구,비룡동,대전광역시 동구 비룡동 559,386,0.342,295,True,LOW_USE
ST1459,2025-10-26,2026-03-31,69,146,147,가양동 한국폴리텍 대학,36.35076,127.452526,동구,가양동,대전광역시 동구 가양동 671,157,0.4395,293,True,LOW_USE
ST1409,2024-12-03,2025-02-26,64,145,147,26년2권역,36.348237,127.333136,유성구,상대동,대전광역시 유성구 상대동 440-1,86,0.7442,292,False,CLOSED
ST0973,2024-08-14,2026-03-31,135,145,145,비래동 금성백조(101동 남쪽),36.357991,127.451736,대덕구,비래동,대전광역시 대덕구 비래동 133-5,595,0.2269,290,True,LOW_USE
ST1495,2025-10-21,2026-03-31,89,144,145,상서동 유창산업 정류장 (상서동 방면),36.432099,127.42473,대덕구,상서동,대전광역시 대덕구 상서동 174-4,162,0.5494,289,True,ACTIVE
ST1159,2024-08-02,2026-03-14,145,140,145,둔곡동 우미린 정문(101동),36.454854,127.36408,유성구,둔곡동,대전광역시 유성구 둔곡동 480,590,0.2458,285,True,LOW_USE
ST1431,2025-08-06,2025-08-17,12,119,138,0시축제 임시대여소2,36.326733,127.431297,중구,대흥동,대전광역시 중구 대흥동 909,12,1.0,257,False,TEMPORARY
ST1489,2025-10-29,2026-03-31,81,120,122,평촌동 KT&G 대전공장,36.440821,127.428941,대덕구,평촌동,대전광역시 대덕구 평촌동 203-1,154,0.526,242,True,ACTIVE
ST1462,2025-10-28,2026-03-31,69,122,103,구도동 우정사업본부 중부권광역우편물류센터,36.270272,127.47187,동구,구도동,대전광역시 동구 구도동 408,155,0.4452,225,True,LOW_USE
ST1393,2024-12-17,2026-03-19,118,113,112,상서동 선바위 정류장(세일초등학교방면),36.424897,127.41896,대덕구,상서동,대전광역시 대덕구 상서동 47-21,458,0.2576,225,True,LOW_USE
ST1533,2026-01-28,2026-03-31,56,116,86,학하동 학무정네거리,36.339296,127.311557,유성구,학하동,대전광역시 유성구 학하동 742-7,63,0.8889,202,True,NEW
ST0587,2024-08-09,2025-03-15,80,97,97,천동주공아파트(7동),36.309428,127.449306,동구,천동,천동 507-21,219,0.3653,194,False,CLOSED
ST1439,2025-10-21,2026-03-31,79,98,95,전민동 수자원공사 삼거리 (탑립동 방향),36.405879,127.39739,유성구,전민동,대전광역시 유성구 전민동 462-1,162,0.4877,193,True,LOW_USE
ST0967,2024-08-02,2026-03-25,111,105,85,송촌동 선비마을 3단지(316동),36.369394,127.440838,대덕구,송촌동,대전광역시 대덕구 송촌동 461-1,601,0.1847,190,True,LOW_USE
ST0370,2024-08-02,2026-03-30,75,91,92,덕명동 한밭대학교 그린에너지관,36.3546,127.302752,유성구,덕명동,대전광역시 유성구 덕명동 16-1,606,0.1238,183,True,LOW_USE
ST1437,2025-10-26,2026-03-31,63,90,89,진잠동 행정복지센터,36.299465,127.316666,유성구,원내동,대전광역시 유성구 원내동 735,157,0.4013,179,True,LOW_USE
ST0606,2024-08-02,2026-03-27,90,95,80,용운동 용운국제수영장,36.324775,127.46521,동구,용운동,대전광역시 동구 용운동 392-2,603,0.1493,175,True,LOW_USE
ST1445,2025-07-30,2026-03-31,77,113,53,화암동 정보통신기획평가원 건너편,36.406767,127.384522,유성구,화암동,대전광역시 유성구 화암동 57-3,245,0.3143,166,True,LOW_USE
ST1494,2025-10-20,2026-03-31,56,82,81,오정동 한남대학교 문과대학,36.355491,127.42319,대덕구,오정동,대전광역시 대덕구 오정동 133,163,0.3436,163,True,LOW_USE
ST1432,2025-08-06,2025-08-17,12,79,81,0시축제 임시대여소3,36.326799,127.432259,동구,원동,대전광역시 동구 원동 406-2,12,1.0,160,False,TEMPORARY
ST1444,2025-10-10,2026-03-31,69,75,65,화암동 국립과학수사연구원 정류장(대한항공기술연구원 방면),36.407532,127.382968,유성구,화암동,대전광역시 유성구 화암동 57-3,173,0.3988,140,True,LOW_USE
ST1488,2025-10-22,2026-03-29,46,65,65,송촌동 송촌중학교,36.363167,127.443546,대덕구,송촌동,대전광역시 대덕구 송촌동 500-9,159,0.2893,130,True,LOW_USE
ST1513,2025-09-28,2026-03-31,47,60,51,안영동 안영생활체육단지(축구장2),36.287862,127.372448,중구,안영동,대전광역시 중구 안영동 533-1,185,0.2541,111,True,LOW_USE
ST1448,2025-10-26,2026-03-28,54,61,39,둔곡동 용머리 근린공원,36.45903,127.363077,유성구,둔곡동,대전광역시 유성구 둔곡동 480,154,0.3506,100,True,LOW_USE
ST1412,2025-02-06,2025-02-26,15,37,37,둔산 더샵 엘리프 1단지,36.336425,127.395848,서구,용문동,대전광역시 서구 용문동 266-3,21,0.7143,74,False,TEMPORARY
ST1458,2025-10-24,2026-03-25,25,35,31,비래동 삼익둥지아파트,36.35559,127.456487,대덕구,비래동,대전광역시 대덕구 비래동 18-13,153,0.1634,66,True,LOW_USE
ST1527,2025-11-26,2026-03-24,31,37,22,용운동 대전대학교 지산도서관,36.336842,127.461149,동구,용운동,대전광역시 동구 용운동 96-3,119,0.2605,59,True,LOW_USE
ST0978,2024-08-09,2025-02-14,25,23,23,가양동 청하목욕탕,36.354278,127.452952,동구,가양동,가양동 668,190,0.1316,46,False,CLOSED
ST1525,2025-11-25,2026-03-28,38,35,4,목동 을지대학교 대전캠퍼스,36.333195,127.40571,중구,목동,대전광역시 중구 목동 24-14,124,0.3065,39,True,LOW_USE
ST1529,2026-01-02,2026-03-12,20,19,14,용운동 대전대학교융합과학관,36.33512,127.458534,동구,용운동,대전광역시 동구 용운동 103,70,0.2857,33,True,NEW
ST1476,2026-01-01,2026-03-29,16,14,14,원내동 신우한아름아파트 107동 앞,36.293855,127.318868,유성구,원내동,대전광역시 유성구 원내동 389-3,88,0.1818,28,True,NEW
ST1461,2025-11-08,2026-02-28,15,13,13,용운국제수영장,36.325476,127.466025,동구,용운동,대전광역시 동구 용운동 301-1,113,0.1327,26,True,LOW_USE
ST1523,2025-11-18,2026-03-31,16,20,6,가양동 한국폴리텍대학(대전) 비전관,36.351309,127.455597,동구,가양동,대전광역시 동구 가양동 91-2,134,0.1194,26,True,LOW_USE
ST1526,2026-01-30,2026-03-25,8,12,8,용운동 대전대학교 30주년기념관,36.336516,127.459885,동구,용운동,대전광역시 동구 용운동 96-3,55,0.1455,20,True,NEW
ST1528,2026-02-13,2026-03-30,9,11,7,용운동 대전대학교 제5생활관,36.333521,127.462844,동구,용운동,대전광역시 동구 용운동 40,46,0.1957,18,True,NEW
ST1411,2025-02-14,2025-03-02,9,7,9,둔산 더샵 엘리프 2단지(204동),36.338951,127.397371,서구,용문동,대전광역시 서구 용문동 231-37,17,0.5294,16,False,TEMPORARY
ST0350,2024-12-26,2025-10-23,5,7,7,석교동 석교초등학교 건너편,36.307878,127.44508,중구,석교동,석교동 97-8,302,0.0166,14,False,CLOSED
ST0918,2025-03-01,2025-03-05,3,4,0,삼성동 민정빌라,36.344473,127.416876,동구,삼성동,삼성동 458,5,0.6,4,False,TEMPORARY
ST0490,2025-02-11,2025-03-05,4,3,0,문화동 천근어린이공원,36.311091,127.402304,중구,문화동,문화동 458-14,23,0.1739,3,False,TEMPORARY
ST0060,2025-03-04,2025-03-05,2,1,2,효동 현대아파트 건너편(103동),36.318477,127.442604,동구,효동,효동 147-24,2,1.0,3,False,TEMPORARY
ST1279,2025-03-01,2025-03-04,2,2,0,산성동 현대오일뱅크앞,36.3054,127.389579,중구,산성동,대전광역시 중구 산성동 776,4,0.5,2,False,TEMPORARY
ST0000,2026-01-28,2026-01-28,1,1,1,두드림,36.373217,127.316743,유성구,지족동,대전광역시 유성구 지족동 893-3,1,1.0,2,False,TEMPORARY
ST0035,2025-02-27,2025-03-05,2,1,0,문화동 다이소,36.315527,127.408232,중구,문화동,문화동 284-31,7,0.2857,1,False,TEMPORARY
ST1429,2025-07-30,2025-08-01,2,1,0,2000,36.405928,127.306664,유성구,외삼동,대전광역시 유성구 외삼동 421,3,0.6667,1,False,TEMPORARY
ST0730,2025-03-01,2025-03-04,2,1,0,석봉동 신탄진복합문화커뮤니티센터,36.450359,127.423517,대덕구,석봉동,석봉동 774,4,0.5,1,False,TEMPORARY
ST1271,2025-03-02,2025-03-05,2,1,0,문화동 대전남부교회 입구,36.310258,127.396769,중구,문화동,대전광역시 중구 문화동 677-12,4,0.5,1,False,TEMPORARY
ST0946,2025-03-01,2025-03-04,2,1,0,송강동 송강마을 2단지 상가,36.437116,127.386015,유성구,송강동,송강동 10-3,4,0.5,1,False,TEMPORARY
